Fitter report for soc_camera
Wed May 27 11:29:13 2026
Quartus Prime Version 18.1.0 Build 625 09/12/2018 SJ Lite Edition


---------------------
; Table of Contents ;
---------------------
  1. Legal Notice
  2. Fitter Summary
  3. Fitter Settings
  4. Parallel Compilation
  5. Fitter Netlist Optimizations
  6. Ignored Assignments
  7. Incremental Compilation Preservation Summary
  8. Incremental Compilation Partition Settings
  9. Incremental Compilation Placement Preservation
 10. Pin-Out File
 11. Fitter Resource Usage Summary
 12. Fitter Partition Statistics
 13. Input Pins
 14. Output Pins
 15. Bidir Pins
 16. I/O Bank Usage
 17. All Package Pins
 18. I/O Assignment Warnings
 19. PLL Usage Summary
 20. Fitter Resource Utilization by Entity
 21. Delay Chain Summary
 22. Pad To Core Delay Chain Fanout
 23. Control Signals
 24. Global & Other Fast Signals
 25. Non-Global High Fan-Out Signals
 26. Fitter RAM Summary
 27. Routing Usage Summary
 28. I/O Rules Summary
 29. I/O Rules Details
 30. I/O Rules Matrix
 31. Fitter Device Options
 32. Operating Settings and Conditions
 33. Estimated Delay Added for Hold Timing Summary
 34. Estimated Delay Added for Hold Timing Details
 35. Fitter Messages
 36. Fitter Suppressed Messages



----------------
; Legal Notice ;
----------------
Copyright (C) 2018  Intel Corporation. All rights reserved.
Your use of Intel Corporation's design tools, logic functions 
and other software and tools, and its AMPP partner logic 
functions, and any output files from any of the foregoing 
(including device programming or simulation files), and any 
associated documentation or information are expressly subject 
to the terms and conditions of the Intel Program License 
Subscription Agreement, the Intel Quartus Prime License Agreement,
the Intel FPGA IP License Agreement, or other applicable license
agreement, including, without limitation, that your use is for
the sole purpose of programming logic devices manufactured by
Intel and sold by Intel or its authorized distributors.  Please
refer to the applicable agreement for further details.



+-------------------------------------------------------------------------------+
; Fitter Summary                                                                ;
+---------------------------------+---------------------------------------------+
; Fitter Status                   ; Successful - Wed May 27 11:29:13 2026       ;
; Quartus Prime Version           ; 18.1.0 Build 625 09/12/2018 SJ Lite Edition ;
; Revision Name                   ; soc_camera                                  ;
; Top-level Entity Name           ; soc_camera                                  ;
; Family                          ; Cyclone V                                   ;
; Device                          ; 5CSEMA5F31C6                                ;
; Timing Models                   ; Final                                       ;
; Logic utilization (in ALMs)     ; 1,209 / 32,070 ( 4 % )                      ;
; Total registers                 ; 1759                                        ;
; Total pins                      ; 73 / 457 ( 16 % )                           ;
; Total virtual pins              ; 0                                           ;
; Total block memory bits         ; 560,256 / 4,065,280 ( 14 % )                ;
; Total RAM Blocks                ; 73 / 397 ( 18 % )                           ;
; Total DSP Blocks                ; 0 / 87 ( 0 % )                              ;
; Total HSSI RX PCSs              ; 0                                           ;
; Total HSSI PMA RX Deserializers ; 0                                           ;
; Total HSSI TX PCSs              ; 0                                           ;
; Total HSSI PMA TX Serializers   ; 0                                           ;
; Total PLLs                      ; 2 / 6 ( 33 % )                              ;
; Total DLLs                      ; 0 / 4 ( 0 % )                               ;
+---------------------------------+---------------------------------------------+


+----------------------------------------------------------------------------------------------------------------------------------------------------+
; Fitter Settings                                                                                                                                    ;
+--------------------------------------------------------------------+---------------------------------------+---------------------------------------+
; Option                                                             ; Setting                               ; Default Value                         ;
+--------------------------------------------------------------------+---------------------------------------+---------------------------------------+
; Device                                                             ; 5CSEMA5F31C6                          ;                                       ;
; Minimum Core Junction Temperature                                  ; 0                                     ;                                       ;
; Maximum Core Junction Temperature                                  ; 85                                    ;                                       ;
; Use smart compilation                                              ; Off                                   ; Off                                   ;
; Enable parallel Assembler and Timing Analyzer during compilation   ; On                                    ; On                                    ;
; Enable compact report table                                        ; Off                                   ; Off                                   ;
; Router Timing Optimization Level                                   ; Normal                                ; Normal                                ;
; Perform Clocking Topology Analysis During Routing                  ; Off                                   ; Off                                   ;
; Placement Effort Multiplier                                        ; 1.0                                   ; 1.0                                   ;
; Device initialization clock source                                 ; INIT_INTOSC                           ; INIT_INTOSC                           ;
; Optimize Hold Timing                                               ; All Paths                             ; All Paths                             ;
; Optimize Multi-Corner Timing                                       ; On                                    ; On                                    ;
; Auto RAM to MLAB Conversion                                        ; On                                    ; On                                    ;
; Equivalent RAM and MLAB Power Up                                   ; Auto                                  ; Auto                                  ;
; Equivalent RAM and MLAB Paused Read Capabilities                   ; Care                                  ; Care                                  ;
; Power Optimization During Fitting                                  ; Normal compilation                    ; Normal compilation                    ;
; SSN Optimization                                                   ; Off                                   ; Off                                   ;
; Optimize Timing                                                    ; Normal compilation                    ; Normal compilation                    ;
; Optimize Timing for ECOs                                           ; Off                                   ; Off                                   ;
; Regenerate Full Fit Report During ECO Compiles                     ; Off                                   ; Off                                   ;
; Optimize IOC Register Placement for Timing                         ; Normal                                ; Normal                                ;
; Final Placement Optimizations                                      ; Automatically                         ; Automatically                         ;
; Fitter Aggressive Routability Optimizations                        ; Automatically                         ; Automatically                         ;
; Fitter Initial Placement Seed                                      ; 1                                     ; 1                                     ;
; Periphery to Core Placement and Routing Optimization               ; Off                                   ; Off                                   ;
; Weak Pull-Up Resistor                                              ; Off                                   ; Off                                   ;
; Enable Bus-Hold Circuitry                                          ; Off                                   ; Off                                   ;
; Auto Packed Registers                                              ; Auto                                  ; Auto                                  ;
; Auto Delay Chains                                                  ; On                                    ; On                                    ;
; Auto Delay Chains for High Fanout Input Pins                       ; Off                                   ; Off                                   ;
; Treat Bidirectional Pin as Output Pin                              ; Off                                   ; Off                                   ;
; Perform Physical Synthesis for Combinational Logic for Fitting     ; Off                                   ; Off                                   ;
; Perform Physical Synthesis for Combinational Logic for Performance ; Off                                   ; Off                                   ;
; Perform Register Duplication for Performance                       ; Off                                   ; Off                                   ;
; Perform Register Retiming for Performance                          ; Off                                   ; Off                                   ;
; Perform Asynchronous Signal Pipelining                             ; Off                                   ; Off                                   ;
; Fitter Effort                                                      ; Auto Fit                              ; Auto Fit                              ;
; Physical Synthesis Effort Level                                    ; Normal                                ; Normal                                ;
; Logic Cell Insertion - Logic Duplication                           ; Auto                                  ; Auto                                  ;
; Auto Register Duplication                                          ; Auto                                  ; Auto                                  ;
; Auto Global Clock                                                  ; On                                    ; On                                    ;
; Auto Global Register Control Signals                               ; On                                    ; On                                    ;
; Reserve all unused pins                                            ; As input tri-stated with weak pull-up ; As input tri-stated with weak pull-up ;
; Synchronizer Identification                                        ; Auto                                  ; Auto                                  ;
; Enable Beneficial Skew Optimization                                ; On                                    ; On                                    ;
; Optimize Design for Metastability                                  ; On                                    ; On                                    ;
; Active Serial clock source                                         ; FREQ_100MHz                           ; FREQ_100MHz                           ;
; Force Fitter to Avoid Periphery Placement Warnings                 ; Off                                   ; Off                                   ;
; Clamping Diode                                                     ; Off                                   ; Off                                   ;
; Enable input tri-state on active configuration pins in user mode   ; Off                                   ; Off                                   ;
; Advanced Physical Optimization                                     ; On                                    ; On                                    ;
+--------------------------------------------------------------------+---------------------------------------+---------------------------------------+


+------------------------------------------+
; Parallel Compilation                     ;
+----------------------------+-------------+
; Processors                 ; Number      ;
+----------------------------+-------------+
; Number detected on machine ; 8           ;
; Maximum allowed            ; 4           ;
;                            ;             ;
; Average used               ; 1.14        ;
; Maximum used               ; 4           ;
;                            ;             ;
; Usage by Processor         ; % Time Used ;
;     Processor 1            ; 100.0%      ;
;     Processor 2            ;   4.6%      ;
;     Processor 3            ;   4.5%      ;
;     Processor 4            ;   4.4%      ;
+----------------------------+-------------+


+----------------------------------------------------------------------------------------------------------------------------------------------------------------------------------------------------------------------------------------------------------------------------------------------------------------------------------------------------------------------------------------------------------------------------------------------------------------------------------------------------------------------------------------------------------------------------------------------------------------------------------------------------------------------------------------------------------------------------------------------------------------------------------------------------------------------------------------------------------------------------------------------------------------------+
; Fitter Netlist Optimizations                                                                                                                                                                                                                                                                                                                                                                                                                                                                                                                                                                                                                                                                                                                                                                                                                                                                                         ;
+----------------------------------------------------------------------------------------------------------------------------------------------------------------------------------------------------------------------------------------------------------------------------------------------------------------------------------------------------------+-----------------+---------------------------------------------------+----------------------------------------+-----------+----------------+--------------------------------------------------------------------------------------------------------------------------------------------------------------------------------------------------------------------------------------------------------------------------------------------------------------------------------------------------------------------+------------------+-----------------------+
; Node                                                                                                                                                                                                                                                                                                                                                     ; Action          ; Operation                                         ; Reason                                 ; Node Port ; Node Port Name ; Destination Node                                                                                                                                                                                                                                                                                                                                                   ; Destination Port ; Destination Port Name ;
+----------------------------------------------------------------------------------------------------------------------------------------------------------------------------------------------------------------------------------------------------------------------------------------------------------------------------------------------------------+-----------------+---------------------------------------------------+----------------------------------------+-----------+----------------+--------------------------------------------------------------------------------------------------------------------------------------------------------------------------------------------------------------------------------------------------------------------------------------------------------------------------------------------------------------------+------------------+-----------------------+
; pll_25mhz:u_pll_25mhz|pll_25mhz_0002:pll_25mhz_inst|altera_pll:altera_pll_i|outclk_wire[0]~CLKENA0                                                                                                                                                                                                                                                       ; Created         ; Placement                                         ; Fitter Periphery Placement             ;           ;                ;                                                                                                                                                                                                                                                                                                                                                                    ;                  ;                       ;
; sys_pll:u_sys_pll|sys_pll_0002:sys_pll_inst|altera_pll:altera_pll_i|outclk_wire[0]~CLKENA0                                                                                                                                                                                                                                                               ; Created         ; Placement                                         ; Fitter Periphery Placement             ;           ;                ;                                                                                                                                                                                                                                                                                                                                                                    ;                  ;                       ;
; sys_pll:u_sys_pll|sys_pll_0002:sys_pll_inst|altera_pll:altera_pll_i|outclk_wire[1]~CLKENA0                                                                                                                                                                                                                                                               ; Created         ; Placement                                         ; Fitter Periphery Placement             ;           ;                ;                                                                                                                                                                                                                                                                                                                                                                    ;                  ;                       ;
; CAM_PCLK~inputCLKENA0                                                                                                                                                                                                                                                                                                                                    ; Created         ; Placement                                         ; Fitter Periphery Placement             ;           ;                ;                                                                                                                                                                                                                                                                                                                                                                    ;                  ;                       ;
; system:u_system|system_jtag_uart_0:jtag_uart_0|alt_jtag_atlantic:system_jtag_uart_0_alt_jtag_atlantic|rdata[0]                                                                                                                                                                                                                                           ; Packed Register ; Register Packing                                  ; Timing optimization                    ; Q         ;                ; system:u_system|system_jtag_uart_0:jtag_uart_0|system_jtag_uart_0_scfifo_w:the_system_jtag_uart_0_scfifo_w|scfifo:wfifo|scfifo_3291:auto_generated|a_dpfifo_5771:dpfifo|altsyncram_7pu1:FIFOram|q_b[0]                                                                                                                                                             ; PORTBDATAOUT     ;                       ;
; system:u_system|system_jtag_uart_0:jtag_uart_0|alt_jtag_atlantic:system_jtag_uart_0_alt_jtag_atlantic|rdata[1]                                                                                                                                                                                                                                           ; Packed Register ; Register Packing                                  ; Timing optimization                    ; Q         ;                ; system:u_system|system_jtag_uart_0:jtag_uart_0|system_jtag_uart_0_scfifo_w:the_system_jtag_uart_0_scfifo_w|scfifo:wfifo|scfifo_3291:auto_generated|a_dpfifo_5771:dpfifo|altsyncram_7pu1:FIFOram|q_b[1]                                                                                                                                                             ; PORTBDATAOUT     ;                       ;
; system:u_system|system_jtag_uart_0:jtag_uart_0|alt_jtag_atlantic:system_jtag_uart_0_alt_jtag_atlantic|rdata[2]                                                                                                                                                                                                                                           ; Packed Register ; Register Packing                                  ; Timing optimization                    ; Q         ;                ; system:u_system|system_jtag_uart_0:jtag_uart_0|system_jtag_uart_0_scfifo_w:the_system_jtag_uart_0_scfifo_w|scfifo:wfifo|scfifo_3291:auto_generated|a_dpfifo_5771:dpfifo|altsyncram_7pu1:FIFOram|q_b[2]                                                                                                                                                             ; PORTBDATAOUT     ;                       ;
; system:u_system|system_jtag_uart_0:jtag_uart_0|alt_jtag_atlantic:system_jtag_uart_0_alt_jtag_atlantic|rdata[3]                                                                                                                                                                                                                                           ; Packed Register ; Register Packing                                  ; Timing optimization                    ; Q         ;                ; system:u_system|system_jtag_uart_0:jtag_uart_0|system_jtag_uart_0_scfifo_w:the_system_jtag_uart_0_scfifo_w|scfifo:wfifo|scfifo_3291:auto_generated|a_dpfifo_5771:dpfifo|altsyncram_7pu1:FIFOram|q_b[3]                                                                                                                                                             ; PORTBDATAOUT     ;                       ;
; system:u_system|system_jtag_uart_0:jtag_uart_0|alt_jtag_atlantic:system_jtag_uart_0_alt_jtag_atlantic|rdata[4]                                                                                                                                                                                                                                           ; Packed Register ; Register Packing                                  ; Timing optimization                    ; Q         ;                ; system:u_system|system_jtag_uart_0:jtag_uart_0|system_jtag_uart_0_scfifo_w:the_system_jtag_uart_0_scfifo_w|scfifo:wfifo|scfifo_3291:auto_generated|a_dpfifo_5771:dpfifo|altsyncram_7pu1:FIFOram|q_b[4]                                                                                                                                                             ; PORTBDATAOUT     ;                       ;
; system:u_system|system_jtag_uart_0:jtag_uart_0|alt_jtag_atlantic:system_jtag_uart_0_alt_jtag_atlantic|rdata[5]                                                                                                                                                                                                                                           ; Packed Register ; Register Packing                                  ; Timing optimization                    ; Q         ;                ; system:u_system|system_jtag_uart_0:jtag_uart_0|system_jtag_uart_0_scfifo_w:the_system_jtag_uart_0_scfifo_w|scfifo:wfifo|scfifo_3291:auto_generated|a_dpfifo_5771:dpfifo|altsyncram_7pu1:FIFOram|q_b[5]                                                                                                                                                             ; PORTBDATAOUT     ;                       ;
; system:u_system|system_jtag_uart_0:jtag_uart_0|alt_jtag_atlantic:system_jtag_uart_0_alt_jtag_atlantic|rdata[6]                                                                                                                                                                                                                                           ; Packed Register ; Register Packing                                  ; Timing optimization                    ; Q         ;                ; system:u_system|system_jtag_uart_0:jtag_uart_0|system_jtag_uart_0_scfifo_w:the_system_jtag_uart_0_scfifo_w|scfifo:wfifo|scfifo_3291:auto_generated|a_dpfifo_5771:dpfifo|altsyncram_7pu1:FIFOram|q_b[6]                                                                                                                                                             ; PORTBDATAOUT     ;                       ;
; system:u_system|system_jtag_uart_0:jtag_uart_0|alt_jtag_atlantic:system_jtag_uart_0_alt_jtag_atlantic|rdata[7]                                                                                                                                                                                                                                           ; Packed Register ; Register Packing                                  ; Timing optimization                    ; Q         ;                ; system:u_system|system_jtag_uart_0:jtag_uart_0|system_jtag_uart_0_scfifo_w:the_system_jtag_uart_0_scfifo_w|scfifo:wfifo|scfifo_3291:auto_generated|a_dpfifo_5771:dpfifo|altsyncram_7pu1:FIFOram|q_b[7]                                                                                                                                                             ; PORTBDATAOUT     ;                       ;
; system:u_system|system_mm_interconnect_0:mm_interconnect_0|altera_avalon_sc_fifo:new_sdram_controller_0_s1_agent_rdata_fifo|out_payload[0]                                                                                                                                                                                                               ; Packed Register ; Register Packing                                  ; Timing optimization                    ; Q         ;                ; system:u_system|system_mm_interconnect_0:mm_interconnect_0|altera_avalon_sc_fifo:new_sdram_controller_0_s1_agent_rdata_fifo|altsyncram:mem_rtl_0|altsyncram_40n1:auto_generated|ram_block1a0                                                                                                                                                                       ; PORTBDATAOUT     ;                       ;
; system:u_system|system_mm_interconnect_0:mm_interconnect_0|altera_avalon_sc_fifo:new_sdram_controller_0_s1_agent_rdata_fifo|out_payload[1]                                                                                                                                                                                                               ; Packed Register ; Register Packing                                  ; Timing optimization                    ; Q         ;                ; system:u_system|system_mm_interconnect_0:mm_interconnect_0|altera_avalon_sc_fifo:new_sdram_controller_0_s1_agent_rdata_fifo|altsyncram:mem_rtl_0|altsyncram_40n1:auto_generated|ram_block1a1                                                                                                                                                                       ; PORTBDATAOUT     ;                       ;
; system:u_system|system_mm_interconnect_0:mm_interconnect_0|altera_avalon_sc_fifo:new_sdram_controller_0_s1_agent_rdata_fifo|out_payload[2]                                                                                                                                                                                                               ; Packed Register ; Register Packing                                  ; Timing optimization                    ; Q         ;                ; system:u_system|system_mm_interconnect_0:mm_interconnect_0|altera_avalon_sc_fifo:new_sdram_controller_0_s1_agent_rdata_fifo|altsyncram:mem_rtl_0|altsyncram_40n1:auto_generated|ram_block1a2                                                                                                                                                                       ; PORTBDATAOUT     ;                       ;
; system:u_system|system_mm_interconnect_0:mm_interconnect_0|altera_avalon_sc_fifo:new_sdram_controller_0_s1_agent_rdata_fifo|out_payload[3]                                                                                                                                                                                                               ; Packed Register ; Register Packing                                  ; Timing optimization                    ; Q         ;                ; system:u_system|system_mm_interconnect_0:mm_interconnect_0|altera_avalon_sc_fifo:new_sdram_controller_0_s1_agent_rdata_fifo|altsyncram:mem_rtl_0|altsyncram_40n1:auto_generated|ram_block1a3                                                                                                                                                                       ; PORTBDATAOUT     ;                       ;
; system:u_system|system_mm_interconnect_0:mm_interconnect_0|altera_avalon_sc_fifo:new_sdram_controller_0_s1_agent_rdata_fifo|out_payload[4]                                                                                                                                                                                                               ; Packed Register ; Register Packing                                  ; Timing optimization                    ; Q         ;                ; system:u_system|system_mm_interconnect_0:mm_interconnect_0|altera_avalon_sc_fifo:new_sdram_controller_0_s1_agent_rdata_fifo|altsyncram:mem_rtl_0|altsyncram_40n1:auto_generated|ram_block1a4                                                                                                                                                                       ; PORTBDATAOUT     ;                       ;
; system:u_system|system_mm_interconnect_0:mm_interconnect_0|altera_avalon_sc_fifo:new_sdram_controller_0_s1_agent_rdata_fifo|out_payload[5]                                                                                                                                                                                                               ; Packed Register ; Register Packing                                  ; Timing optimization                    ; Q         ;                ; system:u_system|system_mm_interconnect_0:mm_interconnect_0|altera_avalon_sc_fifo:new_sdram_controller_0_s1_agent_rdata_fifo|altsyncram:mem_rtl_0|altsyncram_40n1:auto_generated|ram_block1a5                                                                                                                                                                       ; PORTBDATAOUT     ;                       ;
; system:u_system|system_mm_interconnect_0:mm_interconnect_0|altera_avalon_sc_fifo:new_sdram_controller_0_s1_agent_rdata_fifo|out_payload[6]                                                                                                                                                                                                               ; Packed Register ; Register Packing                                  ; Timing optimization                    ; Q         ;                ; system:u_system|system_mm_interconnect_0:mm_interconnect_0|altera_avalon_sc_fifo:new_sdram_controller_0_s1_agent_rdata_fifo|altsyncram:mem_rtl_0|altsyncram_40n1:auto_generated|ram_block1a6                                                                                                                                                                       ; PORTBDATAOUT     ;                       ;
; system:u_system|system_mm_interconnect_0:mm_interconnect_0|altera_avalon_sc_fifo:new_sdram_controller_0_s1_agent_rdata_fifo|out_payload[7]                                                                                                                                                                                                               ; Packed Register ; Register Packing                                  ; Timing optimization                    ; Q         ;                ; system:u_system|system_mm_interconnect_0:mm_interconnect_0|altera_avalon_sc_fifo:new_sdram_controller_0_s1_agent_rdata_fifo|altsyncram:mem_rtl_0|altsyncram_40n1:auto_generated|ram_block1a7                                                                                                                                                                       ; PORTBDATAOUT     ;                       ;
; system:u_system|system_mm_interconnect_0:mm_interconnect_0|altera_avalon_sc_fifo:new_sdram_controller_0_s1_agent_rdata_fifo|out_payload[8]                                                                                                                                                                                                               ; Packed Register ; Register Packing                                  ; Timing optimization                    ; Q         ;                ; system:u_system|system_mm_interconnect_0:mm_interconnect_0|altera_avalon_sc_fifo:new_sdram_controller_0_s1_agent_rdata_fifo|altsyncram:mem_rtl_0|altsyncram_40n1:auto_generated|ram_block1a8                                                                                                                                                                       ; PORTBDATAOUT     ;                       ;
; system:u_system|system_mm_interconnect_0:mm_interconnect_0|altera_avalon_sc_fifo:new_sdram_controller_0_s1_agent_rdata_fifo|out_payload[9]                                                                                                                                                                                                               ; Packed Register ; Register Packing                                  ; Timing optimization                    ; Q         ;                ; system:u_system|system_mm_interconnect_0:mm_interconnect_0|altera_avalon_sc_fifo:new_sdram_controller_0_s1_agent_rdata_fifo|altsyncram:mem_rtl_0|altsyncram_40n1:auto_generated|ram_block1a9                                                                                                                                                                       ; PORTBDATAOUT     ;                       ;
; system:u_system|system_mm_interconnect_0:mm_interconnect_0|altera_avalon_sc_fifo:new_sdram_controller_0_s1_agent_rdata_fifo|out_payload[10]                                                                                                                                                                                                              ; Packed Register ; Register Packing                                  ; Timing optimization                    ; Q         ;                ; system:u_system|system_mm_interconnect_0:mm_interconnect_0|altera_avalon_sc_fifo:new_sdram_controller_0_s1_agent_rdata_fifo|altsyncram:mem_rtl_0|altsyncram_40n1:auto_generated|ram_block1a10                                                                                                                                                                      ; PORTBDATAOUT     ;                       ;
; system:u_system|system_mm_interconnect_0:mm_interconnect_0|altera_avalon_sc_fifo:new_sdram_controller_0_s1_agent_rdata_fifo|out_payload[11]                                                                                                                                                                                                              ; Packed Register ; Register Packing                                  ; Timing optimization                    ; Q         ;                ; system:u_system|system_mm_interconnect_0:mm_interconnect_0|altera_avalon_sc_fifo:new_sdram_controller_0_s1_agent_rdata_fifo|altsyncram:mem_rtl_0|altsyncram_40n1:auto_generated|ram_block1a11                                                                                                                                                                      ; PORTBDATAOUT     ;                       ;
; system:u_system|system_mm_interconnect_0:mm_interconnect_0|altera_avalon_sc_fifo:new_sdram_controller_0_s1_agent_rdata_fifo|out_payload[12]                                                                                                                                                                                                              ; Packed Register ; Register Packing                                  ; Timing optimization                    ; Q         ;                ; system:u_system|system_mm_interconnect_0:mm_interconnect_0|altera_avalon_sc_fifo:new_sdram_controller_0_s1_agent_rdata_fifo|altsyncram:mem_rtl_0|altsyncram_40n1:auto_generated|ram_block1a12                                                                                                                                                                      ; PORTBDATAOUT     ;                       ;
; system:u_system|system_mm_interconnect_0:mm_interconnect_0|altera_avalon_sc_fifo:new_sdram_controller_0_s1_agent_rdata_fifo|out_payload[13]                                                                                                                                                                                                              ; Packed Register ; Register Packing                                  ; Timing optimization                    ; Q         ;                ; system:u_system|system_mm_interconnect_0:mm_interconnect_0|altera_avalon_sc_fifo:new_sdram_controller_0_s1_agent_rdata_fifo|altsyncram:mem_rtl_0|altsyncram_40n1:auto_generated|ram_block1a13                                                                                                                                                                      ; PORTBDATAOUT     ;                       ;
; system:u_system|system_mm_interconnect_0:mm_interconnect_0|altera_avalon_sc_fifo:new_sdram_controller_0_s1_agent_rdata_fifo|out_payload[14]                                                                                                                                                                                                              ; Packed Register ; Register Packing                                  ; Timing optimization                    ; Q         ;                ; system:u_system|system_mm_interconnect_0:mm_interconnect_0|altera_avalon_sc_fifo:new_sdram_controller_0_s1_agent_rdata_fifo|altsyncram:mem_rtl_0|altsyncram_40n1:auto_generated|ram_block1a14                                                                                                                                                                      ; PORTBDATAOUT     ;                       ;
; system:u_system|system_mm_interconnect_0:mm_interconnect_0|altera_avalon_sc_fifo:new_sdram_controller_0_s1_agent_rdata_fifo|out_payload[15]                                                                                                                                                                                                              ; Packed Register ; Register Packing                                  ; Timing optimization                    ; Q         ;                ; system:u_system|system_mm_interconnect_0:mm_interconnect_0|altera_avalon_sc_fifo:new_sdram_controller_0_s1_agent_rdata_fifo|altsyncram:mem_rtl_0|altsyncram_40n1:auto_generated|ram_block1a15                                                                                                                                                                      ; PORTBDATAOUT     ;                       ;
; system:u_system|system_new_sdram_controller_0:new_sdram_controller_0|m_addr[0]                                                                                                                                                                                                                                                                           ; Packed Register ; Register Packing                                  ; Fast Output Register assignment        ; Q         ;                ; DRAM_ADDR[0]~output                                                                                                                                                                                                                                                                                                                                                ; I                ;                       ;
; system:u_system|system_new_sdram_controller_0:new_sdram_controller_0|m_addr[1]                                                                                                                                                                                                                                                                           ; Packed Register ; Register Packing                                  ; Fast Output Register assignment        ; Q         ;                ; DRAM_ADDR[1]~output                                                                                                                                                                                                                                                                                                                                                ; I                ;                       ;
; system:u_system|system_new_sdram_controller_0:new_sdram_controller_0|m_addr[2]                                                                                                                                                                                                                                                                           ; Packed Register ; Register Packing                                  ; Fast Output Register assignment        ; Q         ;                ; DRAM_ADDR[2]~output                                                                                                                                                                                                                                                                                                                                                ; I                ;                       ;
; system:u_system|system_new_sdram_controller_0:new_sdram_controller_0|m_addr[3]                                                                                                                                                                                                                                                                           ; Packed Register ; Register Packing                                  ; Fast Output Register assignment        ; Q         ;                ; DRAM_ADDR[3]~output                                                                                                                                                                                                                                                                                                                                                ; I                ;                       ;
; system:u_system|system_new_sdram_controller_0:new_sdram_controller_0|m_addr[4]                                                                                                                                                                                                                                                                           ; Packed Register ; Register Packing                                  ; Fast Output Register assignment        ; Q         ;                ; DRAM_ADDR[4]~output                                                                                                                                                                                                                                                                                                                                                ; I                ;                       ;
; system:u_system|system_new_sdram_controller_0:new_sdram_controller_0|m_addr[5]                                                                                                                                                                                                                                                                           ; Packed Register ; Register Packing                                  ; Fast Output Register assignment        ; Q         ;                ; DRAM_ADDR[5]~output                                                                                                                                                                                                                                                                                                                                                ; I                ;                       ;
; system:u_system|system_new_sdram_controller_0:new_sdram_controller_0|m_addr[6]                                                                                                                                                                                                                                                                           ; Packed Register ; Register Packing                                  ; Fast Output Register assignment        ; Q         ;                ; DRAM_ADDR[6]~output                                                                                                                                                                                                                                                                                                                                                ; I                ;                       ;
; system:u_system|system_new_sdram_controller_0:new_sdram_controller_0|m_addr[7]                                                                                                                                                                                                                                                                           ; Packed Register ; Register Packing                                  ; Fast Output Register assignment        ; Q         ;                ; DRAM_ADDR[7]~output                                                                                                                                                                                                                                                                                                                                                ; I                ;                       ;
; system:u_system|system_new_sdram_controller_0:new_sdram_controller_0|m_addr[8]                                                                                                                                                                                                                                                                           ; Packed Register ; Register Packing                                  ; Fast Output Register assignment        ; Q         ;                ; DRAM_ADDR[8]~output                                                                                                                                                                                                                                                                                                                                                ; I                ;                       ;
; system:u_system|system_new_sdram_controller_0:new_sdram_controller_0|m_addr[9]                                                                                                                                                                                                                                                                           ; Packed Register ; Register Packing                                  ; Fast Output Register assignment        ; Q         ;                ; DRAM_ADDR[9]~output                                                                                                                                                                                                                                                                                                                                                ; I                ;                       ;
; system:u_system|system_new_sdram_controller_0:new_sdram_controller_0|m_addr[10]                                                                                                                                                                                                                                                                          ; Packed Register ; Register Packing                                  ; Fast Output Register assignment        ; Q         ;                ; DRAM_ADDR[10]~output                                                                                                                                                                                                                                                                                                                                               ; I                ;                       ;
; system:u_system|system_new_sdram_controller_0:new_sdram_controller_0|m_addr[11]                                                                                                                                                                                                                                                                          ; Packed Register ; Register Packing                                  ; Fast Output Register assignment        ; Q         ;                ; DRAM_ADDR[11]~output                                                                                                                                                                                                                                                                                                                                               ; I                ;                       ;
; system:u_system|system_new_sdram_controller_0:new_sdram_controller_0|m_addr[12]                                                                                                                                                                                                                                                                          ; Packed Register ; Register Packing                                  ; Fast Output Register assignment        ; Q         ;                ; DRAM_ADDR[12]~output                                                                                                                                                                                                                                                                                                                                               ; I                ;                       ;
; system:u_system|system_new_sdram_controller_0:new_sdram_controller_0|m_bank[0]                                                                                                                                                                                                                                                                           ; Packed Register ; Register Packing                                  ; Fast Output Register assignment        ; Q         ;                ; DRAM_BA[0]~output                                                                                                                                                                                                                                                                                                                                                  ; I                ;                       ;
; system:u_system|system_new_sdram_controller_0:new_sdram_controller_0|m_bank[1]                                                                                                                                                                                                                                                                           ; Packed Register ; Register Packing                                  ; Fast Output Register assignment        ; Q         ;                ; DRAM_BA[1]~output                                                                                                                                                                                                                                                                                                                                                  ; I                ;                       ;
; system:u_system|system_new_sdram_controller_0:new_sdram_controller_0|m_cmd[0]                                                                                                                                                                                                                                                                            ; Duplicated      ; Register Packing                                  ; Fast Output Register assignment        ; Q         ;                ; system:u_system|system_new_sdram_controller_0:new_sdram_controller_0|m_cmd[0]~_Duplicate_1                                                                                                                                                                                                                                                                         ; Q                ;                       ;
; system:u_system|system_new_sdram_controller_0:new_sdram_controller_0|m_cmd[0]                                                                                                                                                                                                                                                                            ; Packed Register ; Register Packing                                  ; Fast Output Register assignment        ; Q         ;                ; DRAM_WE_N~output                                                                                                                                                                                                                                                                                                                                                   ; I                ;                       ;
; system:u_system|system_new_sdram_controller_0:new_sdram_controller_0|m_cmd[0]                                                                                                                                                                                                                                                                            ; Inverted        ; Register Packing                                  ; Fast Output Register assignment        ; Q         ;                ;                                                                                                                                                                                                                                                                                                                                                                    ;                  ;                       ;
; system:u_system|system_new_sdram_controller_0:new_sdram_controller_0|m_cmd[1]                                                                                                                                                                                                                                                                            ; Duplicated      ; Register Packing                                  ; Fast Output Register assignment        ; Q         ;                ; system:u_system|system_new_sdram_controller_0:new_sdram_controller_0|m_cmd[1]~_Duplicate_1                                                                                                                                                                                                                                                                         ; Q                ;                       ;
; system:u_system|system_new_sdram_controller_0:new_sdram_controller_0|m_cmd[1]                                                                                                                                                                                                                                                                            ; Packed Register ; Register Packing                                  ; Fast Output Register assignment        ; Q         ;                ; DRAM_CAS_N~output                                                                                                                                                                                                                                                                                                                                                  ; I                ;                       ;
; system:u_system|system_new_sdram_controller_0:new_sdram_controller_0|m_cmd[1]                                                                                                                                                                                                                                                                            ; Inverted        ; Register Packing                                  ; Fast Output Register assignment        ; Q         ;                ;                                                                                                                                                                                                                                                                                                                                                                    ;                  ;                       ;
; system:u_system|system_new_sdram_controller_0:new_sdram_controller_0|m_cmd[2]                                                                                                                                                                                                                                                                            ; Duplicated      ; Register Packing                                  ; Fast Output Register assignment        ; Q         ;                ; system:u_system|system_new_sdram_controller_0:new_sdram_controller_0|m_cmd[2]~_Duplicate_1                                                                                                                                                                                                                                                                         ; Q                ;                       ;
; system:u_system|system_new_sdram_controller_0:new_sdram_controller_0|m_cmd[2]                                                                                                                                                                                                                                                                            ; Packed Register ; Register Packing                                  ; Fast Output Register assignment        ; Q         ;                ; DRAM_RAS_N~output                                                                                                                                                                                                                                                                                                                                                  ; I                ;                       ;
; system:u_system|system_new_sdram_controller_0:new_sdram_controller_0|m_cmd[2]                                                                                                                                                                                                                                                                            ; Inverted        ; Register Packing                                  ; Fast Output Register assignment        ; Q         ;                ;                                                                                                                                                                                                                                                                                                                                                                    ;                  ;                       ;
; system:u_system|system_new_sdram_controller_0:new_sdram_controller_0|m_cmd[3]                                                                                                                                                                                                                                                                            ; Packed Register ; Register Packing                                  ; Fast Output Register assignment        ; Q         ;                ; DRAM_CS_N~output                                                                                                                                                                                                                                                                                                                                                   ; I                ;                       ;
; system:u_system|system_new_sdram_controller_0:new_sdram_controller_0|m_cmd[3]                                                                                                                                                                                                                                                                            ; Inverted        ; Register Packing                                  ; Fast Output Register assignment        ; Q         ;                ;                                                                                                                                                                                                                                                                                                                                                                    ;                  ;                       ;
; system:u_system|system_new_sdram_controller_0:new_sdram_controller_0|m_data[0]                                                                                                                                                                                                                                                                           ; Duplicated      ; Register Packing                                  ; Fast Output Register assignment        ; Q         ;                ; system:u_system|system_new_sdram_controller_0:new_sdram_controller_0|m_data[0]~_Duplicate_1                                                                                                                                                                                                                                                                        ; Q                ;                       ;
; system:u_system|system_new_sdram_controller_0:new_sdram_controller_0|m_data[0]                                                                                                                                                                                                                                                                           ; Packed Register ; Register Packing                                  ; Fast Output Register assignment        ; Q         ;                ; DRAM_DQ[0]~output                                                                                                                                                                                                                                                                                                                                                  ; I                ;                       ;
; system:u_system|system_new_sdram_controller_0:new_sdram_controller_0|m_data[1]                                                                                                                                                                                                                                                                           ; Duplicated      ; Register Packing                                  ; Fast Output Register assignment        ; Q         ;                ; system:u_system|system_new_sdram_controller_0:new_sdram_controller_0|m_data[1]~_Duplicate_1                                                                                                                                                                                                                                                                        ; Q                ;                       ;
; system:u_system|system_new_sdram_controller_0:new_sdram_controller_0|m_data[1]                                                                                                                                                                                                                                                                           ; Packed Register ; Register Packing                                  ; Fast Output Register assignment        ; Q         ;                ; DRAM_DQ[1]~output                                                                                                                                                                                                                                                                                                                                                  ; I                ;                       ;
; system:u_system|system_new_sdram_controller_0:new_sdram_controller_0|m_data[2]                                                                                                                                                                                                                                                                           ; Duplicated      ; Register Packing                                  ; Fast Output Register assignment        ; Q         ;                ; system:u_system|system_new_sdram_controller_0:new_sdram_controller_0|m_data[2]~_Duplicate_1                                                                                                                                                                                                                                                                        ; Q                ;                       ;
; system:u_system|system_new_sdram_controller_0:new_sdram_controller_0|m_data[2]                                                                                                                                                                                                                                                                           ; Packed Register ; Register Packing                                  ; Fast Output Register assignment        ; Q         ;                ; DRAM_DQ[2]~output                                                                                                                                                                                                                                                                                                                                                  ; I                ;                       ;
; system:u_system|system_new_sdram_controller_0:new_sdram_controller_0|m_data[3]                                                                                                                                                                                                                                                                           ; Duplicated      ; Register Packing                                  ; Fast Output Register assignment        ; Q         ;                ; system:u_system|system_new_sdram_controller_0:new_sdram_controller_0|m_data[3]~_Duplicate_1                                                                                                                                                                                                                                                                        ; Q                ;                       ;
; system:u_system|system_new_sdram_controller_0:new_sdram_controller_0|m_data[3]                                                                                                                                                                                                                                                                           ; Packed Register ; Register Packing                                  ; Fast Output Register assignment        ; Q         ;                ; DRAM_DQ[3]~output                                                                                                                                                                                                                                                                                                                                                  ; I                ;                       ;
; system:u_system|system_new_sdram_controller_0:new_sdram_controller_0|m_data[4]                                                                                                                                                                                                                                                                           ; Duplicated      ; Register Packing                                  ; Fast Output Register assignment        ; Q         ;                ; system:u_system|system_new_sdram_controller_0:new_sdram_controller_0|m_data[4]~_Duplicate_1                                                                                                                                                                                                                                                                        ; Q                ;                       ;
; system:u_system|system_new_sdram_controller_0:new_sdram_controller_0|m_data[4]                                                                                                                                                                                                                                                                           ; Packed Register ; Register Packing                                  ; Fast Output Register assignment        ; Q         ;                ; DRAM_DQ[4]~output                                                                                                                                                                                                                                                                                                                                                  ; I                ;                       ;
; system:u_system|system_new_sdram_controller_0:new_sdram_controller_0|m_data[5]                                                                                                                                                                                                                                                                           ; Duplicated      ; Register Packing                                  ; Fast Output Register assignment        ; Q         ;                ; system:u_system|system_new_sdram_controller_0:new_sdram_controller_0|m_data[5]~_Duplicate_1                                                                                                                                                                                                                                                                        ; Q                ;                       ;
; system:u_system|system_new_sdram_controller_0:new_sdram_controller_0|m_data[5]                                                                                                                                                                                                                                                                           ; Packed Register ; Register Packing                                  ; Fast Output Register assignment        ; Q         ;                ; DRAM_DQ[5]~output                                                                                                                                                                                                                                                                                                                                                  ; I                ;                       ;
; system:u_system|system_new_sdram_controller_0:new_sdram_controller_0|m_data[6]                                                                                                                                                                                                                                                                           ; Duplicated      ; Register Packing                                  ; Fast Output Register assignment        ; Q         ;                ; system:u_system|system_new_sdram_controller_0:new_sdram_controller_0|m_data[6]~_Duplicate_1                                                                                                                                                                                                                                                                        ; Q                ;                       ;
; system:u_system|system_new_sdram_controller_0:new_sdram_controller_0|m_data[6]                                                                                                                                                                                                                                                                           ; Packed Register ; Register Packing                                  ; Fast Output Register assignment        ; Q         ;                ; DRAM_DQ[6]~output                                                                                                                                                                                                                                                                                                                                                  ; I                ;                       ;
; system:u_system|system_new_sdram_controller_0:new_sdram_controller_0|m_data[7]                                                                                                                                                                                                                                                                           ; Duplicated      ; Register Packing                                  ; Fast Output Register assignment        ; Q         ;                ; system:u_system|system_new_sdram_controller_0:new_sdram_controller_0|m_data[7]~_Duplicate_1                                                                                                                                                                                                                                                                        ; Q                ;                       ;
; system:u_system|system_new_sdram_controller_0:new_sdram_controller_0|m_data[7]                                                                                                                                                                                                                                                                           ; Packed Register ; Register Packing                                  ; Fast Output Register assignment        ; Q         ;                ; DRAM_DQ[7]~output                                                                                                                                                                                                                                                                                                                                                  ; I                ;                       ;
; system:u_system|system_new_sdram_controller_0:new_sdram_controller_0|m_data[8]                                                                                                                                                                                                                                                                           ; Duplicated      ; Register Packing                                  ; Fast Output Register assignment        ; Q         ;                ; system:u_system|system_new_sdram_controller_0:new_sdram_controller_0|m_data[8]~_Duplicate_1                                                                                                                                                                                                                                                                        ; Q                ;                       ;
; system:u_system|system_new_sdram_controller_0:new_sdram_controller_0|m_data[8]                                                                                                                                                                                                                                                                           ; Packed Register ; Register Packing                                  ; Fast Output Register assignment        ; Q         ;                ; DRAM_DQ[8]~output                                                                                                                                                                                                                                                                                                                                                  ; I                ;                       ;
; system:u_system|system_new_sdram_controller_0:new_sdram_controller_0|m_data[9]                                                                                                                                                                                                                                                                           ; Duplicated      ; Register Packing                                  ; Fast Output Register assignment        ; Q         ;                ; system:u_system|system_new_sdram_controller_0:new_sdram_controller_0|m_data[9]~_Duplicate_1                                                                                                                                                                                                                                                                        ; Q                ;                       ;
; system:u_system|system_new_sdram_controller_0:new_sdram_controller_0|m_data[9]                                                                                                                                                                                                                                                                           ; Packed Register ; Register Packing                                  ; Fast Output Register assignment        ; Q         ;                ; DRAM_DQ[9]~output                                                                                                                                                                                                                                                                                                                                                  ; I                ;                       ;
; system:u_system|system_new_sdram_controller_0:new_sdram_controller_0|m_data[10]                                                                                                                                                                                                                                                                          ; Duplicated      ; Register Packing                                  ; Fast Output Register assignment        ; Q         ;                ; system:u_system|system_new_sdram_controller_0:new_sdram_controller_0|m_data[10]~_Duplicate_1                                                                                                                                                                                                                                                                       ; Q                ;                       ;
; system:u_system|system_new_sdram_controller_0:new_sdram_controller_0|m_data[10]                                                                                                                                                                                                                                                                          ; Packed Register ; Register Packing                                  ; Fast Output Register assignment        ; Q         ;                ; DRAM_DQ[10]~output                                                                                                                                                                                                                                                                                                                                                 ; I                ;                       ;
; system:u_system|system_new_sdram_controller_0:new_sdram_controller_0|m_data[11]                                                                                                                                                                                                                                                                          ; Duplicated      ; Register Packing                                  ; Fast Output Register assignment        ; Q         ;                ; system:u_system|system_new_sdram_controller_0:new_sdram_controller_0|m_data[11]~_Duplicate_1                                                                                                                                                                                                                                                                       ; Q                ;                       ;
; system:u_system|system_new_sdram_controller_0:new_sdram_controller_0|m_data[11]                                                                                                                                                                                                                                                                          ; Packed Register ; Register Packing                                  ; Fast Output Register assignment        ; Q         ;                ; DRAM_DQ[11]~output                                                                                                                                                                                                                                                                                                                                                 ; I                ;                       ;
; system:u_system|system_new_sdram_controller_0:new_sdram_controller_0|m_data[12]                                                                                                                                                                                                                                                                          ; Duplicated      ; Register Packing                                  ; Fast Output Register assignment        ; Q         ;                ; system:u_system|system_new_sdram_controller_0:new_sdram_controller_0|m_data[12]~_Duplicate_1                                                                                                                                                                                                                                                                       ; Q                ;                       ;
; system:u_system|system_new_sdram_controller_0:new_sdram_controller_0|m_data[12]                                                                                                                                                                                                                                                                          ; Packed Register ; Register Packing                                  ; Fast Output Register assignment        ; Q         ;                ; DRAM_DQ[12]~output                                                                                                                                                                                                                                                                                                                                                 ; I                ;                       ;
; system:u_system|system_new_sdram_controller_0:new_sdram_controller_0|m_data[13]                                                                                                                                                                                                                                                                          ; Duplicated      ; Register Packing                                  ; Fast Output Register assignment        ; Q         ;                ; system:u_system|system_new_sdram_controller_0:new_sdram_controller_0|m_data[13]~_Duplicate_1                                                                                                                                                                                                                                                                       ; Q                ;                       ;
; system:u_system|system_new_sdram_controller_0:new_sdram_controller_0|m_data[13]                                                                                                                                                                                                                                                                          ; Packed Register ; Register Packing                                  ; Fast Output Register assignment        ; Q         ;                ; DRAM_DQ[13]~output                                                                                                                                                                                                                                                                                                                                                 ; I                ;                       ;
; system:u_system|system_new_sdram_controller_0:new_sdram_controller_0|m_data[14]                                                                                                                                                                                                                                                                          ; Duplicated      ; Register Packing                                  ; Fast Output Register assignment        ; Q         ;                ; system:u_system|system_new_sdram_controller_0:new_sdram_controller_0|m_data[14]~_Duplicate_1                                                                                                                                                                                                                                                                       ; Q                ;                       ;
; system:u_system|system_new_sdram_controller_0:new_sdram_controller_0|m_data[14]                                                                                                                                                                                                                                                                          ; Packed Register ; Register Packing                                  ; Fast Output Register assignment        ; Q         ;                ; DRAM_DQ[14]~output                                                                                                                                                                                                                                                                                                                                                 ; I                ;                       ;
; system:u_system|system_new_sdram_controller_0:new_sdram_controller_0|m_data[15]                                                                                                                                                                                                                                                                          ; Duplicated      ; Register Packing                                  ; Fast Output Register assignment        ; Q         ;                ; system:u_system|system_new_sdram_controller_0:new_sdram_controller_0|m_data[15]~_Duplicate_1                                                                                                                                                                                                                                                                       ; Q                ;                       ;
; system:u_system|system_new_sdram_controller_0:new_sdram_controller_0|m_data[15]                                                                                                                                                                                                                                                                          ; Packed Register ; Register Packing                                  ; Fast Output Register assignment        ; Q         ;                ; DRAM_DQ[15]~output                                                                                                                                                                                                                                                                                                                                                 ; I                ;                       ;
; system:u_system|system_new_sdram_controller_0:new_sdram_controller_0|m_dqm[0]                                                                                                                                                                                                                                                                            ; Packed Register ; Register Packing                                  ; Fast Output Register assignment        ; Q         ;                ; DRAM_DQM[0]~output                                                                                                                                                                                                                                                                                                                                                 ; I                ;                       ;
; system:u_system|system_new_sdram_controller_0:new_sdram_controller_0|m_dqm[1]                                                                                                                                                                                                                                                                            ; Packed Register ; Register Packing                                  ; Fast Output Register assignment        ; Q         ;                ; DRAM_DQM[1]~output                                                                                                                                                                                                                                                                                                                                                 ; I                ;                       ;
; system:u_system|system_new_sdram_controller_0:new_sdram_controller_0|oe                                                                                                                                                                                                                                                                                  ; Duplicated      ; Register Packing                                  ; Fast Output Enable Register assignment ; Q         ;                ; system:u_system|system_new_sdram_controller_0:new_sdram_controller_0|oe~_Duplicate_1                                                                                                                                                                                                                                                                               ; Q                ;                       ;
; system:u_system|system_new_sdram_controller_0:new_sdram_controller_0|oe                                                                                                                                                                                                                                                                                  ; Packed Register ; Register Packing                                  ; Fast Output Enable Register assignment ; Q         ;                ; DRAM_DQ[0]~output                                                                                                                                                                                                                                                                                                                                                  ; OE               ;                       ;
; system:u_system|system_new_sdram_controller_0:new_sdram_controller_0|oe                                                                                                                                                                                                                                                                                  ; Inverted        ; Register Packing                                  ; Fast Output Enable Register assignment ; Q         ;                ;                                                                                                                                                                                                                                                                                                                                                                    ;                  ;                       ;
; system:u_system|system_new_sdram_controller_0:new_sdram_controller_0|oe~_Duplicate_1                                                                                                                                                                                                                                                                     ; Duplicated      ; Register Packing                                  ; Fast Output Enable Register assignment ; Q         ;                ; system:u_system|system_new_sdram_controller_0:new_sdram_controller_0|oe~_Duplicate_2                                                                                                                                                                                                                                                                               ; Q                ;                       ;
; system:u_system|system_new_sdram_controller_0:new_sdram_controller_0|oe~_Duplicate_1                                                                                                                                                                                                                                                                     ; Packed Register ; Register Packing                                  ; Fast Output Enable Register assignment ; Q         ;                ; DRAM_DQ[1]~output                                                                                                                                                                                                                                                                                                                                                  ; OE               ;                       ;
; system:u_system|system_new_sdram_controller_0:new_sdram_controller_0|oe~_Duplicate_1                                                                                                                                                                                                                                                                     ; Inverted        ; Register Packing                                  ; Fast Output Enable Register assignment ; Q         ;                ;                                                                                                                                                                                                                                                                                                                                                                    ;                  ;                       ;
; system:u_system|system_new_sdram_controller_0:new_sdram_controller_0|oe~_Duplicate_2                                                                                                                                                                                                                                                                     ; Duplicated      ; Register Packing                                  ; Fast Output Enable Register assignment ; Q         ;                ; system:u_system|system_new_sdram_controller_0:new_sdram_controller_0|oe~_Duplicate_3                                                                                                                                                                                                                                                                               ; Q                ;                       ;
; system:u_system|system_new_sdram_controller_0:new_sdram_controller_0|oe~_Duplicate_2                                                                                                                                                                                                                                                                     ; Packed Register ; Register Packing                                  ; Fast Output Enable Register assignment ; Q         ;                ; DRAM_DQ[2]~output                                                                                                                                                                                                                                                                                                                                                  ; OE               ;                       ;
; system:u_system|system_new_sdram_controller_0:new_sdram_controller_0|oe~_Duplicate_2                                                                                                                                                                                                                                                                     ; Inverted        ; Register Packing                                  ; Fast Output Enable Register assignment ; Q         ;                ;                                                                                                                                                                                                                                                                                                                                                                    ;                  ;                       ;
; system:u_system|system_new_sdram_controller_0:new_sdram_controller_0|oe~_Duplicate_3                                                                                                                                                                                                                                                                     ; Duplicated      ; Register Packing                                  ; Fast Output Enable Register assignment ; Q         ;                ; system:u_system|system_new_sdram_controller_0:new_sdram_controller_0|oe~_Duplicate_4                                                                                                                                                                                                                                                                               ; Q                ;                       ;
; system:u_system|system_new_sdram_controller_0:new_sdram_controller_0|oe~_Duplicate_3                                                                                                                                                                                                                                                                     ; Packed Register ; Register Packing                                  ; Fast Output Enable Register assignment ; Q         ;                ; DRAM_DQ[3]~output                                                                                                                                                                                                                                                                                                                                                  ; OE               ;                       ;
; system:u_system|system_new_sdram_controller_0:new_sdram_controller_0|oe~_Duplicate_3                                                                                                                                                                                                                                                                     ; Inverted        ; Register Packing                                  ; Fast Output Enable Register assignment ; Q         ;                ;                                                                                                                                                                                                                                                                                                                                                                    ;                  ;                       ;
; system:u_system|system_new_sdram_controller_0:new_sdram_controller_0|oe~_Duplicate_4                                                                                                                                                                                                                                                                     ; Duplicated      ; Register Packing                                  ; Fast Output Enable Register assignment ; Q         ;                ; system:u_system|system_new_sdram_controller_0:new_sdram_controller_0|oe~_Duplicate_5                                                                                                                                                                                                                                                                               ; Q                ;                       ;
; system:u_system|system_new_sdram_controller_0:new_sdram_controller_0|oe~_Duplicate_4                                                                                                                                                                                                                                                                     ; Packed Register ; Register Packing                                  ; Fast Output Enable Register assignment ; Q         ;                ; DRAM_DQ[4]~output                                                                                                                                                                                                                                                                                                                                                  ; OE               ;                       ;
; system:u_system|system_new_sdram_controller_0:new_sdram_controller_0|oe~_Duplicate_4                                                                                                                                                                                                                                                                     ; Inverted        ; Register Packing                                  ; Fast Output Enable Register assignment ; Q         ;                ;                                                                                                                                                                                                                                                                                                                                                                    ;                  ;                       ;
; system:u_system|system_new_sdram_controller_0:new_sdram_controller_0|oe~_Duplicate_5                                                                                                                                                                                                                                                                     ; Duplicated      ; Register Packing                                  ; Fast Output Enable Register assignment ; Q         ;                ; system:u_system|system_new_sdram_controller_0:new_sdram_controller_0|oe~_Duplicate_6                                                                                                                                                                                                                                                                               ; Q                ;                       ;
; system:u_system|system_new_sdram_controller_0:new_sdram_controller_0|oe~_Duplicate_5                                                                                                                                                                                                                                                                     ; Packed Register ; Register Packing                                  ; Fast Output Enable Register assignment ; Q         ;                ; DRAM_DQ[5]~output                                                                                                                                                                                                                                                                                                                                                  ; OE               ;                       ;
; system:u_system|system_new_sdram_controller_0:new_sdram_controller_0|oe~_Duplicate_5                                                                                                                                                                                                                                                                     ; Inverted        ; Register Packing                                  ; Fast Output Enable Register assignment ; Q         ;                ;                                                                                                                                                                                                                                                                                                                                                                    ;                  ;                       ;
; system:u_system|system_new_sdram_controller_0:new_sdram_controller_0|oe~_Duplicate_6                                                                                                                                                                                                                                                                     ; Duplicated      ; Register Packing                                  ; Fast Output Enable Register assignment ; Q         ;                ; system:u_system|system_new_sdram_controller_0:new_sdram_controller_0|oe~_Duplicate_7                                                                                                                                                                                                                                                                               ; Q                ;                       ;
; system:u_system|system_new_sdram_controller_0:new_sdram_controller_0|oe~_Duplicate_6                                                                                                                                                                                                                                                                     ; Packed Register ; Register Packing                                  ; Fast Output Enable Register assignment ; Q         ;                ; DRAM_DQ[6]~output                                                                                                                                                                                                                                                                                                                                                  ; OE               ;                       ;
; system:u_system|system_new_sdram_controller_0:new_sdram_controller_0|oe~_Duplicate_6                                                                                                                                                                                                                                                                     ; Inverted        ; Register Packing                                  ; Fast Output Enable Register assignment ; Q         ;                ;                                                                                                                                                                                                                                                                                                                                                                    ;                  ;                       ;
; system:u_system|system_new_sdram_controller_0:new_sdram_controller_0|oe~_Duplicate_7                                                                                                                                                                                                                                                                     ; Duplicated      ; Register Packing                                  ; Fast Output Enable Register assignment ; Q         ;                ; system:u_system|system_new_sdram_controller_0:new_sdram_controller_0|oe~_Duplicate_8                                                                                                                                                                                                                                                                               ; Q                ;                       ;
; system:u_system|system_new_sdram_controller_0:new_sdram_controller_0|oe~_Duplicate_7                                                                                                                                                                                                                                                                     ; Packed Register ; Register Packing                                  ; Fast Output Enable Register assignment ; Q         ;                ; DRAM_DQ[7]~output                                                                                                                                                                                                                                                                                                                                                  ; OE               ;                       ;
; system:u_system|system_new_sdram_controller_0:new_sdram_controller_0|oe~_Duplicate_7                                                                                                                                                                                                                                                                     ; Inverted        ; Register Packing                                  ; Fast Output Enable Register assignment ; Q         ;                ;                                                                                                                                                                                                                                                                                                                                                                    ;                  ;                       ;
; system:u_system|system_new_sdram_controller_0:new_sdram_controller_0|oe~_Duplicate_8                                                                                                                                                                                                                                                                     ; Duplicated      ; Register Packing                                  ; Fast Output Enable Register assignment ; Q         ;                ; system:u_system|system_new_sdram_controller_0:new_sdram_controller_0|oe~_Duplicate_9                                                                                                                                                                                                                                                                               ; Q                ;                       ;
; system:u_system|system_new_sdram_controller_0:new_sdram_controller_0|oe~_Duplicate_8                                                                                                                                                                                                                                                                     ; Packed Register ; Register Packing                                  ; Fast Output Enable Register assignment ; Q         ;                ; DRAM_DQ[8]~output                                                                                                                                                                                                                                                                                                                                                  ; OE               ;                       ;
; system:u_system|system_new_sdram_controller_0:new_sdram_controller_0|oe~_Duplicate_8                                                                                                                                                                                                                                                                     ; Inverted        ; Register Packing                                  ; Fast Output Enable Register assignment ; Q         ;                ;                                                                                                                                                                                                                                                                                                                                                                    ;                  ;                       ;
; system:u_system|system_new_sdram_controller_0:new_sdram_controller_0|oe~_Duplicate_9                                                                                                                                                                                                                                                                     ; Duplicated      ; Register Packing                                  ; Fast Output Enable Register assignment ; Q         ;                ; system:u_system|system_new_sdram_controller_0:new_sdram_controller_0|oe~_Duplicate_10                                                                                                                                                                                                                                                                              ; Q                ;                       ;
; system:u_system|system_new_sdram_controller_0:new_sdram_controller_0|oe~_Duplicate_9                                                                                                                                                                                                                                                                     ; Packed Register ; Register Packing                                  ; Fast Output Enable Register assignment ; Q         ;                ; DRAM_DQ[9]~output                                                                                                                                                                                                                                                                                                                                                  ; OE               ;                       ;
; system:u_system|system_new_sdram_controller_0:new_sdram_controller_0|oe~_Duplicate_9                                                                                                                                                                                                                                                                     ; Inverted        ; Register Packing                                  ; Fast Output Enable Register assignment ; Q         ;                ;                                                                                                                                                                                                                                                                                                                                                                    ;                  ;                       ;
; system:u_system|system_new_sdram_controller_0:new_sdram_controller_0|oe~_Duplicate_10                                                                                                                                                                                                                                                                    ; Duplicated      ; Register Packing                                  ; Fast Output Enable Register assignment ; Q         ;                ; system:u_system|system_new_sdram_controller_0:new_sdram_controller_0|oe~_Duplicate_11                                                                                                                                                                                                                                                                              ; Q                ;                       ;
; system:u_system|system_new_sdram_controller_0:new_sdram_controller_0|oe~_Duplicate_10                                                                                                                                                                                                                                                                    ; Packed Register ; Register Packing                                  ; Fast Output Enable Register assignment ; Q         ;                ; DRAM_DQ[10]~output                                                                                                                                                                                                                                                                                                                                                 ; OE               ;                       ;
; system:u_system|system_new_sdram_controller_0:new_sdram_controller_0|oe~_Duplicate_10                                                                                                                                                                                                                                                                    ; Inverted        ; Register Packing                                  ; Fast Output Enable Register assignment ; Q         ;                ;                                                                                                                                                                                                                                                                                                                                                                    ;                  ;                       ;
; system:u_system|system_new_sdram_controller_0:new_sdram_controller_0|oe~_Duplicate_11                                                                                                                                                                                                                                                                    ; Duplicated      ; Register Packing                                  ; Fast Output Enable Register assignment ; Q         ;                ; system:u_system|system_new_sdram_controller_0:new_sdram_controller_0|oe~_Duplicate_12                                                                                                                                                                                                                                                                              ; Q                ;                       ;
; system:u_system|system_new_sdram_controller_0:new_sdram_controller_0|oe~_Duplicate_11                                                                                                                                                                                                                                                                    ; Packed Register ; Register Packing                                  ; Fast Output Enable Register assignment ; Q         ;                ; DRAM_DQ[11]~output                                                                                                                                                                                                                                                                                                                                                 ; OE               ;                       ;
; system:u_system|system_new_sdram_controller_0:new_sdram_controller_0|oe~_Duplicate_11                                                                                                                                                                                                                                                                    ; Inverted        ; Register Packing                                  ; Fast Output Enable Register assignment ; Q         ;                ;                                                                                                                                                                                                                                                                                                                                                                    ;                  ;                       ;
; system:u_system|system_new_sdram_controller_0:new_sdram_controller_0|oe~_Duplicate_12                                                                                                                                                                                                                                                                    ; Duplicated      ; Register Packing                                  ; Fast Output Enable Register assignment ; Q         ;                ; system:u_system|system_new_sdram_controller_0:new_sdram_controller_0|oe~_Duplicate_13                                                                                                                                                                                                                                                                              ; Q                ;                       ;
; system:u_system|system_new_sdram_controller_0:new_sdram_controller_0|oe~_Duplicate_12                                                                                                                                                                                                                                                                    ; Packed Register ; Register Packing                                  ; Fast Output Enable Register assignment ; Q         ;                ; DRAM_DQ[12]~output                                                                                                                                                                                                                                                                                                                                                 ; OE               ;                       ;
; system:u_system|system_new_sdram_controller_0:new_sdram_controller_0|oe~_Duplicate_12                                                                                                                                                                                                                                                                    ; Inverted        ; Register Packing                                  ; Fast Output Enable Register assignment ; Q         ;                ;                                                                                                                                                                                                                                                                                                                                                                    ;                  ;                       ;
; system:u_system|system_new_sdram_controller_0:new_sdram_controller_0|oe~_Duplicate_13                                                                                                                                                                                                                                                                    ; Duplicated      ; Register Packing                                  ; Fast Output Enable Register assignment ; Q         ;                ; system:u_system|system_new_sdram_controller_0:new_sdram_controller_0|oe~_Duplicate_14                                                                                                                                                                                                                                                                              ; Q                ;                       ;
; system:u_system|system_new_sdram_controller_0:new_sdram_controller_0|oe~_Duplicate_13                                                                                                                                                                                                                                                                    ; Packed Register ; Register Packing                                  ; Fast Output Enable Register assignment ; Q         ;                ; DRAM_DQ[13]~output                                                                                                                                                                                                                                                                                                                                                 ; OE               ;                       ;
; system:u_system|system_new_sdram_controller_0:new_sdram_controller_0|oe~_Duplicate_13                                                                                                                                                                                                                                                                    ; Inverted        ; Register Packing                                  ; Fast Output Enable Register assignment ; Q         ;                ;                                                                                                                                                                                                                                                                                                                                                                    ;                  ;                       ;
; system:u_system|system_new_sdram_controller_0:new_sdram_controller_0|oe~_Duplicate_14                                                                                                                                                                                                                                                                    ; Duplicated      ; Register Packing                                  ; Fast Output Enable Register assignment ; Q         ;                ; system:u_system|system_new_sdram_controller_0:new_sdram_controller_0|oe~_Duplicate_15                                                                                                                                                                                                                                                                              ; Q                ;                       ;
; system:u_system|system_new_sdram_controller_0:new_sdram_controller_0|oe~_Duplicate_14                                                                                                                                                                                                                                                                    ; Packed Register ; Register Packing                                  ; Fast Output Enable Register assignment ; Q         ;                ; DRAM_DQ[14]~output                                                                                                                                                                                                                                                                                                                                                 ; OE               ;                       ;
; system:u_system|system_new_sdram_controller_0:new_sdram_controller_0|oe~_Duplicate_14                                                                                                                                                                                                                                                                    ; Inverted        ; Register Packing                                  ; Fast Output Enable Register assignment ; Q         ;                ;                                                                                                                                                                                                                                                                                                                                                                    ;                  ;                       ;
; system:u_system|system_new_sdram_controller_0:new_sdram_controller_0|oe~_Duplicate_15                                                                                                                                                                                                                                                                    ; Packed Register ; Register Packing                                  ; Fast Output Enable Register assignment ; Q         ;                ; DRAM_DQ[15]~output                                                                                                                                                                                                                                                                                                                                                 ; OE               ;                       ;
; system:u_system|system_new_sdram_controller_0:new_sdram_controller_0|oe~_Duplicate_15                                                                                                                                                                                                                                                                    ; Inverted        ; Register Packing                                  ; Fast Output Enable Register assignment ; Q         ;                ;                                                                                                                                                                                                                                                                                                                                                                    ;                  ;                       ;
; system:u_system|system_new_sdram_controller_0:new_sdram_controller_0|za_data[0]                                                                                                                                                                                                                                                                          ; Packed Register ; Register Packing                                  ; Fast Input Register assignment         ; Q         ;                ; DRAM_DQ[0]~input                                                                                                                                                                                                                                                                                                                                                   ; O                ;                       ;
; system:u_system|system_new_sdram_controller_0:new_sdram_controller_0|za_data[1]                                                                                                                                                                                                                                                                          ; Packed Register ; Register Packing                                  ; Fast Input Register assignment         ; Q         ;                ; DRAM_DQ[1]~input                                                                                                                                                                                                                                                                                                                                                   ; O                ;                       ;
; system:u_system|system_new_sdram_controller_0:new_sdram_controller_0|za_data[2]                                                                                                                                                                                                                                                                          ; Packed Register ; Register Packing                                  ; Fast Input Register assignment         ; Q         ;                ; DRAM_DQ[2]~input                                                                                                                                                                                                                                                                                                                                                   ; O                ;                       ;
; system:u_system|system_new_sdram_controller_0:new_sdram_controller_0|za_data[3]                                                                                                                                                                                                                                                                          ; Packed Register ; Register Packing                                  ; Fast Input Register assignment         ; Q         ;                ; DRAM_DQ[3]~input                                                                                                                                                                                                                                                                                                                                                   ; O                ;                       ;
; system:u_system|system_new_sdram_controller_0:new_sdram_controller_0|za_data[4]                                                                                                                                                                                                                                                                          ; Packed Register ; Register Packing                                  ; Fast Input Register assignment         ; Q         ;                ; DRAM_DQ[4]~input                                                                                                                                                                                                                                                                                                                                                   ; O                ;                       ;
; system:u_system|system_new_sdram_controller_0:new_sdram_controller_0|za_data[5]                                                                                                                                                                                                                                                                          ; Packed Register ; Register Packing                                  ; Fast Input Register assignment         ; Q         ;                ; DRAM_DQ[5]~input                                                                                                                                                                                                                                                                                                                                                   ; O                ;                       ;
; system:u_system|system_new_sdram_controller_0:new_sdram_controller_0|za_data[6]                                                                                                                                                                                                                                                                          ; Packed Register ; Register Packing                                  ; Fast Input Register assignment         ; Q         ;                ; DRAM_DQ[6]~input                                                                                                                                                                                                                                                                                                                                                   ; O                ;                       ;
; system:u_system|system_new_sdram_controller_0:new_sdram_controller_0|za_data[7]                                                                                                                                                                                                                                                                          ; Packed Register ; Register Packing                                  ; Fast Input Register assignment         ; Q         ;                ; DRAM_DQ[7]~input                                                                                                                                                                                                                                                                                                                                                   ; O                ;                       ;
; system:u_system|system_new_sdram_controller_0:new_sdram_controller_0|za_data[8]                                                                                                                                                                                                                                                                          ; Packed Register ; Register Packing                                  ; Fast Input Register assignment         ; Q         ;                ; DRAM_DQ[8]~input                                                                                                                                                                                                                                                                                                                                                   ; O                ;                       ;
; system:u_system|system_new_sdram_controller_0:new_sdram_controller_0|za_data[9]                                                                                                                                                                                                                                                                          ; Packed Register ; Register Packing                                  ; Fast Input Register assignment         ; Q         ;                ; DRAM_DQ[9]~input                                                                                                                                                                                                                                                                                                                                                   ; O                ;                       ;
; system:u_system|system_new_sdram_controller_0:new_sdram_controller_0|za_data[10]                                                                                                                                                                                                                                                                         ; Packed Register ; Register Packing                                  ; Fast Input Register assignment         ; Q         ;                ; DRAM_DQ[10]~input                                                                                                                                                                                                                                                                                                                                                  ; O                ;                       ;
; system:u_system|system_new_sdram_controller_0:new_sdram_controller_0|za_data[11]                                                                                                                                                                                                                                                                         ; Packed Register ; Register Packing                                  ; Fast Input Register assignment         ; Q         ;                ; DRAM_DQ[11]~input                                                                                                                                                                                                                                                                                                                                                  ; O                ;                       ;
; system:u_system|system_new_sdram_controller_0:new_sdram_controller_0|za_data[12]                                                                                                                                                                                                                                                                         ; Packed Register ; Register Packing                                  ; Fast Input Register assignment         ; Q         ;                ; DRAM_DQ[12]~input                                                                                                                                                                                                                                                                                                                                                  ; O                ;                       ;
; system:u_system|system_new_sdram_controller_0:new_sdram_controller_0|za_data[13]                                                                                                                                                                                                                                                                         ; Packed Register ; Register Packing                                  ; Fast Input Register assignment         ; Q         ;                ; DRAM_DQ[13]~input                                                                                                                                                                                                                                                                                                                                                  ; O                ;                       ;
; system:u_system|system_new_sdram_controller_0:new_sdram_controller_0|za_data[14]                                                                                                                                                                                                                                                                         ; Packed Register ; Register Packing                                  ; Fast Input Register assignment         ; Q         ;                ; DRAM_DQ[14]~input                                                                                                                                                                                                                                                                                                                                                  ; O                ;                       ;
; system:u_system|system_new_sdram_controller_0:new_sdram_controller_0|za_data[15]                                                                                                                                                                                                                                                                         ; Packed Register ; Register Packing                                  ; Fast Input Register assignment         ; Q         ;                ; DRAM_DQ[15]~input                                                                                                                                                                                                                                                                                                                                                  ; O                ;                       ;
; ov7670_config:u_ov7670_config|delay_cnt_r[1]                                                                                                                                                                                                                                                                                                             ; Duplicated      ; Router Logic Cell Insertion and Logic Duplication ; Routability optimization               ;           ;                ; ov7670_config:u_ov7670_config|delay_cnt_r[1]~DUPLICATE                                                                                                                                                                                                                                                                                                             ;                  ;                       ;
; ov7670_config:u_ov7670_config|delay_cnt_r[9]                                                                                                                                                                                                                                                                                                             ; Duplicated      ; Router Logic Cell Insertion and Logic Duplication ; Routability optimization               ;           ;                ; ov7670_config:u_ov7670_config|delay_cnt_r[9]~DUPLICATE                                                                                                                                                                                                                                                                                                             ;                  ;                       ;
; ov7670_config:u_ov7670_config|rom_idx_r[2]                                                                                                                                                                                                                                                                                                               ; Duplicated      ; Router Logic Cell Insertion and Logic Duplication ; Routability optimization               ;           ;                ; ov7670_config:u_ov7670_config|rom_idx_r[2]~DUPLICATE                                                                                                                                                                                                                                                                                                               ;                  ;                       ;
; sld_hub:auto_hub|alt_sld_fab_with_jtag_input:\instrumentation_fabric_with_node_gen:fabric_gen_new_way:with_jtag_input_gen:instrumentation_fabric|alt_sld_fab:instrumentation_fabric|alt_sld_fab_alt_sld_fab:alt_sld_fab|alt_sld_fab_alt_sld_fab_sldfabric:sldfabric|sld_jtag_hub:\jtag_hub_gen:real_sld_jtag_hub|irsr_reg[2]                             ; Duplicated      ; Router Logic Cell Insertion and Logic Duplication ; Routability optimization               ;           ;                ; sld_hub:auto_hub|alt_sld_fab_with_jtag_input:\instrumentation_fabric_with_node_gen:fabric_gen_new_way:with_jtag_input_gen:instrumentation_fabric|alt_sld_fab:instrumentation_fabric|alt_sld_fab_alt_sld_fab:alt_sld_fab|alt_sld_fab_alt_sld_fab_sldfabric:sldfabric|sld_jtag_hub:\jtag_hub_gen:real_sld_jtag_hub|irsr_reg[2]~DUPLICATE                             ;                  ;                       ;
; sld_hub:auto_hub|alt_sld_fab_with_jtag_input:\instrumentation_fabric_with_node_gen:fabric_gen_new_way:with_jtag_input_gen:instrumentation_fabric|alt_sld_fab:instrumentation_fabric|alt_sld_fab_alt_sld_fab:alt_sld_fab|alt_sld_fab_alt_sld_fab_sldfabric:sldfabric|sld_jtag_hub:\jtag_hub_gen:real_sld_jtag_hub|sld_rom_sr:hub_info_reg|word_counter[2] ; Duplicated      ; Router Logic Cell Insertion and Logic Duplication ; Routability optimization               ;           ;                ; sld_hub:auto_hub|alt_sld_fab_with_jtag_input:\instrumentation_fabric_with_node_gen:fabric_gen_new_way:with_jtag_input_gen:instrumentation_fabric|alt_sld_fab:instrumentation_fabric|alt_sld_fab_alt_sld_fab:alt_sld_fab|alt_sld_fab_alt_sld_fab_sldfabric:sldfabric|sld_jtag_hub:\jtag_hub_gen:real_sld_jtag_hub|sld_rom_sr:hub_info_reg|word_counter[2]~DUPLICATE ;                  ;                       ;
; system:u_system|camera_system:camera_system_0|avalon_mm_master_writer:u_master|offset_r[14]                                                                                                                                                                                                                                                              ; Duplicated      ; Router Logic Cell Insertion and Logic Duplication ; Routability optimization               ;           ;                ; system:u_system|camera_system:camera_system_0|avalon_mm_master_writer:u_master|offset_r[14]~DUPLICATE                                                                                                                                                                                                                                                              ;                  ;                       ;
; system:u_system|camera_system:camera_system_0|avalon_mm_master_writer:u_master|offset_r[15]                                                                                                                                                                                                                                                              ; Duplicated      ; Router Logic Cell Insertion and Logic Duplication ; Routability optimization               ;           ;                ; system:u_system|camera_system:camera_system_0|avalon_mm_master_writer:u_master|offset_r[15]~DUPLICATE                                                                                                                                                                                                                                                              ;                  ;                       ;
; system:u_system|camera_system:camera_system_0|avalon_mm_master_writer:u_master|offset_r[17]                                                                                                                                                                                                                                                              ; Duplicated      ; Router Logic Cell Insertion and Logic Duplication ; Routability optimization               ;           ;                ; system:u_system|camera_system:camera_system_0|avalon_mm_master_writer:u_master|offset_r[17]~DUPLICATE                                                                                                                                                                                                                                                              ;                  ;                       ;
; system:u_system|camera_system:camera_system_0|avalon_mm_master_writer:u_master|offset_r[22]                                                                                                                                                                                                                                                              ; Duplicated      ; Router Logic Cell Insertion and Logic Duplication ; Routability optimization               ;           ;                ; system:u_system|camera_system:camera_system_0|avalon_mm_master_writer:u_master|offset_r[22]~DUPLICATE                                                                                                                                                                                                                                                              ;                  ;                       ;
; system:u_system|system_jtag_uart_0:jtag_uart_0|alt_jtag_atlantic:system_jtag_uart_0_alt_jtag_atlantic|jupdate                                                                                                                                                                                                                                            ; Duplicated      ; Router Logic Cell Insertion and Logic Duplication ; Routability optimization               ;           ;                ; system:u_system|system_jtag_uart_0:jtag_uart_0|alt_jtag_atlantic:system_jtag_uart_0_alt_jtag_atlantic|jupdate~DUPLICATE                                                                                                                                                                                                                                            ;                  ;                       ;
; system:u_system|system_jtag_uart_0:jtag_uart_0|alt_jtag_atlantic:system_jtag_uart_0_alt_jtag_atlantic|read                                                                                                                                                                                                                                               ; Duplicated      ; Router Logic Cell Insertion and Logic Duplication ; Routability optimization               ;           ;                ; system:u_system|system_jtag_uart_0:jtag_uart_0|alt_jtag_atlantic:system_jtag_uart_0_alt_jtag_atlantic|read~DUPLICATE                                                                                                                                                                                                                                               ;                  ;                       ;
; system:u_system|system_jtag_uart_0:jtag_uart_0|system_jtag_uart_0_scfifo_r:the_system_jtag_uart_0_scfifo_r|scfifo:rfifo|scfifo_3291:auto_generated|a_dpfifo_5771:dpfifo|a_fefifo_7cf:fifo_state|cntr_vg7:count_usedw|counter_reg_bit[0]                                                                                                                  ; Duplicated      ; Router Logic Cell Insertion and Logic Duplication ; Routability optimization               ;           ;                ; system:u_system|system_jtag_uart_0:jtag_uart_0|system_jtag_uart_0_scfifo_r:the_system_jtag_uart_0_scfifo_r|scfifo:rfifo|scfifo_3291:auto_generated|a_dpfifo_5771:dpfifo|a_fefifo_7cf:fifo_state|cntr_vg7:count_usedw|counter_reg_bit[0]~DUPLICATE                                                                                                                  ;                  ;                       ;
; system:u_system|system_mm_interconnect_0:mm_interconnect_0|altera_avalon_sc_fifo:new_sdram_controller_0_s1_agent_rdata_fifo|wr_ptr[0]                                                                                                                                                                                                                    ; Duplicated      ; Router Logic Cell Insertion and Logic Duplication ; Routability optimization               ;           ;                ; system:u_system|system_mm_interconnect_0:mm_interconnect_0|altera_avalon_sc_fifo:new_sdram_controller_0_s1_agent_rdata_fifo|wr_ptr[0]~DUPLICATE                                                                                                                                                                                                                    ;                  ;                       ;
; system:u_system|system_mm_interconnect_0:mm_interconnect_0|altera_avalon_sc_fifo:new_sdram_controller_0_s1_agent_rsp_fifo|mem_used[0]                                                                                                                                                                                                                    ; Duplicated      ; Router Logic Cell Insertion and Logic Duplication ; Routability optimization               ;           ;                ; system:u_system|system_mm_interconnect_0:mm_interconnect_0|altera_avalon_sc_fifo:new_sdram_controller_0_s1_agent_rsp_fifo|mem_used[0]~DUPLICATE                                                                                                                                                                                                                    ;                  ;                       ;
; system:u_system|system_mm_interconnect_0:mm_interconnect_0|altera_avalon_sc_fifo:new_sdram_controller_0_s1_agent_rsp_fifo|mem_used[7]                                                                                                                                                                                                                    ; Duplicated      ; Router Logic Cell Insertion and Logic Duplication ; Routability optimization               ;           ;                ; system:u_system|system_mm_interconnect_0:mm_interconnect_0|altera_avalon_sc_fifo:new_sdram_controller_0_s1_agent_rsp_fifo|mem_used[7]~DUPLICATE                                                                                                                                                                                                                    ;                  ;                       ;
; system:u_system|system_mm_interconnect_0:mm_interconnect_0|altera_avalon_sc_fifo:nios2_gen2_0_debug_mem_slave_agent_rsp_fifo|mem_used[0]                                                                                                                                                                                                                 ; Duplicated      ; Router Logic Cell Insertion and Logic Duplication ; Routability optimization               ;           ;                ; system:u_system|system_mm_interconnect_0:mm_interconnect_0|altera_avalon_sc_fifo:nios2_gen2_0_debug_mem_slave_agent_rsp_fifo|mem_used[0]~DUPLICATE                                                                                                                                                                                                                 ;                  ;                       ;
; system:u_system|system_mm_interconnect_0:mm_interconnect_0|altera_merlin_master_translator:nios2_gen2_0_data_master_translator|end_begintransfer                                                                                                                                                                                                         ; Duplicated      ; Router Logic Cell Insertion and Logic Duplication ; Routability optimization               ;           ;                ; system:u_system|system_mm_interconnect_0:mm_interconnect_0|altera_merlin_master_translator:nios2_gen2_0_data_master_translator|end_begintransfer~DUPLICATE                                                                                                                                                                                                         ;                  ;                       ;
; system:u_system|system_mm_interconnect_0:mm_interconnect_0|altera_merlin_master_translator:nios2_gen2_0_data_master_translator|read_accepted                                                                                                                                                                                                             ; Duplicated      ; Router Logic Cell Insertion and Logic Duplication ; Routability optimization               ;           ;                ; system:u_system|system_mm_interconnect_0:mm_interconnect_0|altera_merlin_master_translator:nios2_gen2_0_data_master_translator|read_accepted~DUPLICATE                                                                                                                                                                                                             ;                  ;                       ;
; system:u_system|system_new_sdram_controller_0:new_sdram_controller_0|active_addr[12]                                                                                                                                                                                                                                                                     ; Duplicated      ; Router Logic Cell Insertion and Logic Duplication ; Routability optimization               ;           ;                ; system:u_system|system_new_sdram_controller_0:new_sdram_controller_0|active_addr[12]~DUPLICATE                                                                                                                                                                                                                                                                     ;                  ;                       ;
; system:u_system|system_new_sdram_controller_0:new_sdram_controller_0|active_addr[19]                                                                                                                                                                                                                                                                     ; Duplicated      ; Router Logic Cell Insertion and Logic Duplication ; Routability optimization               ;           ;                ; system:u_system|system_new_sdram_controller_0:new_sdram_controller_0|active_addr[19]~DUPLICATE                                                                                                                                                                                                                                                                     ;                  ;                       ;
; system:u_system|system_new_sdram_controller_0:new_sdram_controller_0|i_count[1]                                                                                                                                                                                                                                                                          ; Duplicated      ; Router Logic Cell Insertion and Logic Duplication ; Routability optimization               ;           ;                ; system:u_system|system_new_sdram_controller_0:new_sdram_controller_0|i_count[1]~DUPLICATE                                                                                                                                                                                                                                                                          ;                  ;                       ;
; system:u_system|system_new_sdram_controller_0:new_sdram_controller_0|i_state.010                                                                                                                                                                                                                                                                         ; Duplicated      ; Router Logic Cell Insertion and Logic Duplication ; Routability optimization               ;           ;                ; system:u_system|system_new_sdram_controller_0:new_sdram_controller_0|i_state.010~DUPLICATE                                                                                                                                                                                                                                                                         ;                  ;                       ;
; system:u_system|system_new_sdram_controller_0:new_sdram_controller_0|i_state.101                                                                                                                                                                                                                                                                         ; Duplicated      ; Router Logic Cell Insertion and Logic Duplication ; Routability optimization               ;           ;                ; system:u_system|system_new_sdram_controller_0:new_sdram_controller_0|i_state.101~DUPLICATE                                                                                                                                                                                                                                                                         ;                  ;                       ;
; system:u_system|system_new_sdram_controller_0:new_sdram_controller_0|refresh_request                                                                                                                                                                                                                                                                     ; Duplicated      ; Router Logic Cell Insertion and Logic Duplication ; Routability optimization               ;           ;                ; system:u_system|system_new_sdram_controller_0:new_sdram_controller_0|refresh_request~DUPLICATE                                                                                                                                                                                                                                                                     ;                  ;                       ;
; system:u_system|system_nios2_gen2_0:nios2_gen2_0|system_nios2_gen2_0_cpu:cpu|D_iw[8]                                                                                                                                                                                                                                                                     ; Duplicated      ; Router Logic Cell Insertion and Logic Duplication ; Routability optimization               ;           ;                ; system:u_system|system_nios2_gen2_0:nios2_gen2_0|system_nios2_gen2_0_cpu:cpu|D_iw[8]~DUPLICATE                                                                                                                                                                                                                                                                     ;                  ;                       ;
; system:u_system|system_nios2_gen2_0:nios2_gen2_0|system_nios2_gen2_0_cpu:cpu|E_shift_rot_result[0]                                                                                                                                                                                                                                                       ; Duplicated      ; Router Logic Cell Insertion and Logic Duplication ; Routability optimization               ;           ;                ; system:u_system|system_nios2_gen2_0:nios2_gen2_0|system_nios2_gen2_0_cpu:cpu|E_shift_rot_result[0]~DUPLICATE                                                                                                                                                                                                                                                       ;                  ;                       ;
; system:u_system|system_nios2_gen2_0:nios2_gen2_0|system_nios2_gen2_0_cpu:cpu|E_shift_rot_result[3]                                                                                                                                                                                                                                                       ; Duplicated      ; Router Logic Cell Insertion and Logic Duplication ; Routability optimization               ;           ;                ; system:u_system|system_nios2_gen2_0:nios2_gen2_0|system_nios2_gen2_0_cpu:cpu|E_shift_rot_result[3]~DUPLICATE                                                                                                                                                                                                                                                       ;                  ;                       ;
; system:u_system|system_nios2_gen2_0:nios2_gen2_0|system_nios2_gen2_0_cpu:cpu|E_shift_rot_result[12]                                                                                                                                                                                                                                                      ; Duplicated      ; Router Logic Cell Insertion and Logic Duplication ; Routability optimization               ;           ;                ; system:u_system|system_nios2_gen2_0:nios2_gen2_0|system_nios2_gen2_0_cpu:cpu|E_shift_rot_result[12]~DUPLICATE                                                                                                                                                                                                                                                      ;                  ;                       ;
; system:u_system|system_nios2_gen2_0:nios2_gen2_0|system_nios2_gen2_0_cpu:cpu|E_shift_rot_result[15]                                                                                                                                                                                                                                                      ; Duplicated      ; Router Logic Cell Insertion and Logic Duplication ; Routability optimization               ;           ;                ; system:u_system|system_nios2_gen2_0:nios2_gen2_0|system_nios2_gen2_0_cpu:cpu|E_shift_rot_result[15]~DUPLICATE                                                                                                                                                                                                                                                      ;                  ;                       ;
; system:u_system|system_nios2_gen2_0:nios2_gen2_0|system_nios2_gen2_0_cpu:cpu|E_shift_rot_result[21]                                                                                                                                                                                                                                                      ; Duplicated      ; Router Logic Cell Insertion and Logic Duplication ; Routability optimization               ;           ;                ; system:u_system|system_nios2_gen2_0:nios2_gen2_0|system_nios2_gen2_0_cpu:cpu|E_shift_rot_result[21]~DUPLICATE                                                                                                                                                                                                                                                      ;                  ;                       ;
; system:u_system|system_nios2_gen2_0:nios2_gen2_0|system_nios2_gen2_0_cpu:cpu|E_shift_rot_result[24]                                                                                                                                                                                                                                                      ; Duplicated      ; Router Logic Cell Insertion and Logic Duplication ; Routability optimization               ;           ;                ; system:u_system|system_nios2_gen2_0:nios2_gen2_0|system_nios2_gen2_0_cpu:cpu|E_shift_rot_result[24]~DUPLICATE                                                                                                                                                                                                                                                      ;                  ;                       ;
; system:u_system|system_nios2_gen2_0:nios2_gen2_0|system_nios2_gen2_0_cpu:cpu|E_shift_rot_result[27]                                                                                                                                                                                                                                                      ; Duplicated      ; Router Logic Cell Insertion and Logic Duplication ; Routability optimization               ;           ;                ; system:u_system|system_nios2_gen2_0:nios2_gen2_0|system_nios2_gen2_0_cpu:cpu|E_shift_rot_result[27]~DUPLICATE                                                                                                                                                                                                                                                      ;                  ;                       ;
; system:u_system|system_nios2_gen2_0:nios2_gen2_0|system_nios2_gen2_0_cpu:cpu|E_shift_rot_result[28]                                                                                                                                                                                                                                                      ; Duplicated      ; Router Logic Cell Insertion and Logic Duplication ; Routability optimization               ;           ;                ; system:u_system|system_nios2_gen2_0:nios2_gen2_0|system_nios2_gen2_0_cpu:cpu|E_shift_rot_result[28]~DUPLICATE                                                                                                                                                                                                                                                      ;                  ;                       ;
; system:u_system|system_nios2_gen2_0:nios2_gen2_0|system_nios2_gen2_0_cpu:cpu|E_shift_rot_result[29]                                                                                                                                                                                                                                                      ; Duplicated      ; Router Logic Cell Insertion and Logic Duplication ; Routability optimization               ;           ;                ; system:u_system|system_nios2_gen2_0:nios2_gen2_0|system_nios2_gen2_0_cpu:cpu|E_shift_rot_result[29]~DUPLICATE                                                                                                                                                                                                                                                      ;                  ;                       ;
; system:u_system|system_nios2_gen2_0:nios2_gen2_0|system_nios2_gen2_0_cpu:cpu|E_shift_rot_result[30]                                                                                                                                                                                                                                                      ; Duplicated      ; Router Logic Cell Insertion and Logic Duplication ; Routability optimization               ;           ;                ; system:u_system|system_nios2_gen2_0:nios2_gen2_0|system_nios2_gen2_0_cpu:cpu|E_shift_rot_result[30]~DUPLICATE                                                                                                                                                                                                                                                      ;                  ;                       ;
; system:u_system|system_nios2_gen2_0:nios2_gen2_0|system_nios2_gen2_0_cpu:cpu|E_shift_rot_result[31]                                                                                                                                                                                                                                                      ; Duplicated      ; Router Logic Cell Insertion and Logic Duplication ; Routability optimization               ;           ;                ; system:u_system|system_nios2_gen2_0:nios2_gen2_0|system_nios2_gen2_0_cpu:cpu|E_shift_rot_result[31]~DUPLICATE                                                                                                                                                                                                                                                      ;                  ;                       ;
; system:u_system|system_nios2_gen2_0:nios2_gen2_0|system_nios2_gen2_0_cpu:cpu|F_pc[1]                                                                                                                                                                                                                                                                     ; Duplicated      ; Router Logic Cell Insertion and Logic Duplication ; Routability optimization               ;           ;                ; system:u_system|system_nios2_gen2_0:nios2_gen2_0|system_nios2_gen2_0_cpu:cpu|F_pc[1]~DUPLICATE                                                                                                                                                                                                                                                                     ;                  ;                       ;
; system:u_system|system_nios2_gen2_0:nios2_gen2_0|system_nios2_gen2_0_cpu:cpu|F_pc[4]                                                                                                                                                                                                                                                                     ; Duplicated      ; Router Logic Cell Insertion and Logic Duplication ; Routability optimization               ;           ;                ; system:u_system|system_nios2_gen2_0:nios2_gen2_0|system_nios2_gen2_0_cpu:cpu|F_pc[4]~DUPLICATE                                                                                                                                                                                                                                                                     ;                  ;                       ;
; system:u_system|system_nios2_gen2_0:nios2_gen2_0|system_nios2_gen2_0_cpu:cpu|F_pc[5]                                                                                                                                                                                                                                                                     ; Duplicated      ; Router Logic Cell Insertion and Logic Duplication ; Routability optimization               ;           ;                ; system:u_system|system_nios2_gen2_0:nios2_gen2_0|system_nios2_gen2_0_cpu:cpu|F_pc[5]~DUPLICATE                                                                                                                                                                                                                                                                     ;                  ;                       ;
; system:u_system|system_nios2_gen2_0:nios2_gen2_0|system_nios2_gen2_0_cpu:cpu|F_pc[7]                                                                                                                                                                                                                                                                     ; Duplicated      ; Router Logic Cell Insertion and Logic Duplication ; Routability optimization               ;           ;                ; system:u_system|system_nios2_gen2_0:nios2_gen2_0|system_nios2_gen2_0_cpu:cpu|F_pc[7]~DUPLICATE                                                                                                                                                                                                                                                                     ;                  ;                       ;
; system:u_system|system_nios2_gen2_0:nios2_gen2_0|system_nios2_gen2_0_cpu:cpu|F_pc[9]                                                                                                                                                                                                                                                                     ; Duplicated      ; Router Logic Cell Insertion and Logic Duplication ; Routability optimization               ;           ;                ; system:u_system|system_nios2_gen2_0:nios2_gen2_0|system_nios2_gen2_0_cpu:cpu|F_pc[9]~DUPLICATE                                                                                                                                                                                                                                                                     ;                  ;                       ;
; system:u_system|system_nios2_gen2_0:nios2_gen2_0|system_nios2_gen2_0_cpu:cpu|F_pc[10]                                                                                                                                                                                                                                                                    ; Duplicated      ; Router Logic Cell Insertion and Logic Duplication ; Routability optimization               ;           ;                ; system:u_system|system_nios2_gen2_0:nios2_gen2_0|system_nios2_gen2_0_cpu:cpu|F_pc[10]~DUPLICATE                                                                                                                                                                                                                                                                    ;                  ;                       ;
; system:u_system|system_nios2_gen2_0:nios2_gen2_0|system_nios2_gen2_0_cpu:cpu|F_pc[11]                                                                                                                                                                                                                                                                    ; Duplicated      ; Router Logic Cell Insertion and Logic Duplication ; Routability optimization               ;           ;                ; system:u_system|system_nios2_gen2_0:nios2_gen2_0|system_nios2_gen2_0_cpu:cpu|F_pc[11]~DUPLICATE                                                                                                                                                                                                                                                                    ;                  ;                       ;
; system:u_system|system_nios2_gen2_0:nios2_gen2_0|system_nios2_gen2_0_cpu:cpu|F_pc[14]                                                                                                                                                                                                                                                                    ; Duplicated      ; Router Logic Cell Insertion and Logic Duplication ; Routability optimization               ;           ;                ; system:u_system|system_nios2_gen2_0:nios2_gen2_0|system_nios2_gen2_0_cpu:cpu|F_pc[14]~DUPLICATE                                                                                                                                                                                                                                                                    ;                  ;                       ;
; system:u_system|system_nios2_gen2_0:nios2_gen2_0|system_nios2_gen2_0_cpu:cpu|F_pc[23]                                                                                                                                                                                                                                                                    ; Duplicated      ; Router Logic Cell Insertion and Logic Duplication ; Routability optimization               ;           ;                ; system:u_system|system_nios2_gen2_0:nios2_gen2_0|system_nios2_gen2_0_cpu:cpu|F_pc[23]~DUPLICATE                                                                                                                                                                                                                                                                    ;                  ;                       ;
; system:u_system|system_nios2_gen2_0:nios2_gen2_0|system_nios2_gen2_0_cpu:cpu|F_pc[24]                                                                                                                                                                                                                                                                    ; Duplicated      ; Router Logic Cell Insertion and Logic Duplication ; Routability optimization               ;           ;                ; system:u_system|system_nios2_gen2_0:nios2_gen2_0|system_nios2_gen2_0_cpu:cpu|F_pc[24]~DUPLICATE                                                                                                                                                                                                                                                                    ;                  ;                       ;
; system:u_system|system_nios2_gen2_0:nios2_gen2_0|system_nios2_gen2_0_cpu:cpu|W_status_reg_pie                                                                                                                                                                                                                                                            ; Duplicated      ; Router Logic Cell Insertion and Logic Duplication ; Routability optimization               ;           ;                ; system:u_system|system_nios2_gen2_0:nios2_gen2_0|system_nios2_gen2_0_cpu:cpu|W_status_reg_pie~DUPLICATE                                                                                                                                                                                                                                                            ;                  ;                       ;
; system:u_system|system_nios2_gen2_0:nios2_gen2_0|system_nios2_gen2_0_cpu:cpu|av_ld_byte2_data[5]                                                                                                                                                                                                                                                         ; Duplicated      ; Router Logic Cell Insertion and Logic Duplication ; Routability optimization               ;           ;                ; system:u_system|system_nios2_gen2_0:nios2_gen2_0|system_nios2_gen2_0_cpu:cpu|av_ld_byte2_data[5]~DUPLICATE                                                                                                                                                                                                                                                         ;                  ;                       ;
; system:u_system|system_nios2_gen2_0:nios2_gen2_0|system_nios2_gen2_0_cpu:cpu|av_ld_byte3_data[3]                                                                                                                                                                                                                                                         ; Duplicated      ; Router Logic Cell Insertion and Logic Duplication ; Routability optimization               ;           ;                ; system:u_system|system_nios2_gen2_0:nios2_gen2_0|system_nios2_gen2_0_cpu:cpu|av_ld_byte3_data[3]~DUPLICATE                                                                                                                                                                                                                                                         ;                  ;                       ;
; system:u_system|system_nios2_gen2_0:nios2_gen2_0|system_nios2_gen2_0_cpu:cpu|d_writedata[0]                                                                                                                                                                                                                                                              ; Duplicated      ; Router Logic Cell Insertion and Logic Duplication ; Routability optimization               ;           ;                ; system:u_system|system_nios2_gen2_0:nios2_gen2_0|system_nios2_gen2_0_cpu:cpu|d_writedata[0]~DUPLICATE                                                                                                                                                                                                                                                              ;                  ;                       ;
; system:u_system|system_nios2_gen2_0:nios2_gen2_0|system_nios2_gen2_0_cpu:cpu|d_writedata[17]                                                                                                                                                                                                                                                             ; Duplicated      ; Router Logic Cell Insertion and Logic Duplication ; Routability optimization               ;           ;                ; system:u_system|system_nios2_gen2_0:nios2_gen2_0|system_nios2_gen2_0_cpu:cpu|d_writedata[17]~DUPLICATE                                                                                                                                                                                                                                                             ;                  ;                       ;
; system:u_system|system_nios2_gen2_0:nios2_gen2_0|system_nios2_gen2_0_cpu:cpu|d_writedata[19]                                                                                                                                                                                                                                                             ; Duplicated      ; Router Logic Cell Insertion and Logic Duplication ; Routability optimization               ;           ;                ; system:u_system|system_nios2_gen2_0:nios2_gen2_0|system_nios2_gen2_0_cpu:cpu|d_writedata[19]~DUPLICATE                                                                                                                                                                                                                                                             ;                  ;                       ;
; system:u_system|system_nios2_gen2_0:nios2_gen2_0|system_nios2_gen2_0_cpu:cpu|d_writedata[24]                                                                                                                                                                                                                                                             ; Duplicated      ; Router Logic Cell Insertion and Logic Duplication ; Routability optimization               ;           ;                ; system:u_system|system_nios2_gen2_0:nios2_gen2_0|system_nios2_gen2_0_cpu:cpu|d_writedata[24]~DUPLICATE                                                                                                                                                                                                                                                             ;                  ;                       ;
; system:u_system|system_nios2_gen2_0:nios2_gen2_0|system_nios2_gen2_0_cpu:cpu|hbreak_enabled                                                                                                                                                                                                                                                              ; Duplicated      ; Router Logic Cell Insertion and Logic Duplication ; Routability optimization               ;           ;                ; system:u_system|system_nios2_gen2_0:nios2_gen2_0|system_nios2_gen2_0_cpu:cpu|hbreak_enabled~DUPLICATE                                                                                                                                                                                                                                                              ;                  ;                       ;
; system:u_system|system_nios2_gen2_0:nios2_gen2_0|system_nios2_gen2_0_cpu:cpu|i_read                                                                                                                                                                                                                                                                      ; Duplicated      ; Router Logic Cell Insertion and Logic Duplication ; Routability optimization               ;           ;                ; system:u_system|system_nios2_gen2_0:nios2_gen2_0|system_nios2_gen2_0_cpu:cpu|i_read~DUPLICATE                                                                                                                                                                                                                                                                      ;                  ;                       ;
; system:u_system|system_nios2_gen2_0:nios2_gen2_0|system_nios2_gen2_0_cpu:cpu|system_nios2_gen2_0_cpu_nios2_oci:the_system_nios2_gen2_0_cpu_nios2_oci|system_nios2_gen2_0_cpu_debug_slave_wrapper:the_system_nios2_gen2_0_cpu_debug_slave_wrapper|system_nios2_gen2_0_cpu_debug_slave_tck:the_system_nios2_gen2_0_cpu_debug_slave_tck|sr[36]              ; Duplicated      ; Router Logic Cell Insertion and Logic Duplication ; Routability optimization               ;           ;                ; system:u_system|system_nios2_gen2_0:nios2_gen2_0|system_nios2_gen2_0_cpu:cpu|system_nios2_gen2_0_cpu_nios2_oci:the_system_nios2_gen2_0_cpu_nios2_oci|system_nios2_gen2_0_cpu_debug_slave_wrapper:the_system_nios2_gen2_0_cpu_debug_slave_wrapper|system_nios2_gen2_0_cpu_debug_slave_tck:the_system_nios2_gen2_0_cpu_debug_slave_tck|sr[36]~DUPLICATE              ;                  ;                       ;
; system:u_system|system_nios2_gen2_0:nios2_gen2_0|system_nios2_gen2_0_cpu:cpu|system_nios2_gen2_0_cpu_nios2_oci:the_system_nios2_gen2_0_cpu_nios2_oci|system_nios2_gen2_0_cpu_nios2_ocimem:the_system_nios2_gen2_0_cpu_nios2_ocimem|MonAReg[2]                                                                                                            ; Duplicated      ; Router Logic Cell Insertion and Logic Duplication ; Routability optimization               ;           ;                ; system:u_system|system_nios2_gen2_0:nios2_gen2_0|system_nios2_gen2_0_cpu:cpu|system_nios2_gen2_0_cpu_nios2_oci:the_system_nios2_gen2_0_cpu_nios2_oci|system_nios2_gen2_0_cpu_nios2_ocimem:the_system_nios2_gen2_0_cpu_nios2_ocimem|MonAReg[2]~DUPLICATE                                                                                                            ;                  ;                       ;
; system:u_system|system_nios2_gen2_0:nios2_gen2_0|system_nios2_gen2_0_cpu:cpu|system_nios2_gen2_0_cpu_nios2_oci:the_system_nios2_gen2_0_cpu_nios2_oci|system_nios2_gen2_0_cpu_nios2_ocimem:the_system_nios2_gen2_0_cpu_nios2_ocimem|MonAReg[4]                                                                                                            ; Duplicated      ; Router Logic Cell Insertion and Logic Duplication ; Routability optimization               ;           ;                ; system:u_system|system_nios2_gen2_0:nios2_gen2_0|system_nios2_gen2_0_cpu:cpu|system_nios2_gen2_0_cpu_nios2_oci:the_system_nios2_gen2_0_cpu_nios2_oci|system_nios2_gen2_0_cpu_nios2_ocimem:the_system_nios2_gen2_0_cpu_nios2_ocimem|MonAReg[4]~DUPLICATE                                                                                                            ;                  ;                       ;
; system:u_system|system_nios2_gen2_0:nios2_gen2_0|system_nios2_gen2_0_cpu:cpu|system_nios2_gen2_0_cpu_nios2_oci:the_system_nios2_gen2_0_cpu_nios2_oci|system_nios2_gen2_0_cpu_nios2_ocimem:the_system_nios2_gen2_0_cpu_nios2_ocimem|MonDReg[7]                                                                                                            ; Duplicated      ; Router Logic Cell Insertion and Logic Duplication ; Routability optimization               ;           ;                ; system:u_system|system_nios2_gen2_0:nios2_gen2_0|system_nios2_gen2_0_cpu:cpu|system_nios2_gen2_0_cpu_nios2_oci:the_system_nios2_gen2_0_cpu_nios2_oci|system_nios2_gen2_0_cpu_nios2_ocimem:the_system_nios2_gen2_0_cpu_nios2_ocimem|MonDReg[7]~DUPLICATE                                                                                                            ;                  ;                       ;
; system:u_system|system_nios2_gen2_0:nios2_gen2_0|system_nios2_gen2_0_cpu:cpu|system_nios2_gen2_0_cpu_nios2_oci:the_system_nios2_gen2_0_cpu_nios2_oci|system_nios2_gen2_0_cpu_nios2_ocimem:the_system_nios2_gen2_0_cpu_nios2_ocimem|MonDReg[23]                                                                                                           ; Duplicated      ; Router Logic Cell Insertion and Logic Duplication ; Routability optimization               ;           ;                ; system:u_system|system_nios2_gen2_0:nios2_gen2_0|system_nios2_gen2_0_cpu:cpu|system_nios2_gen2_0_cpu_nios2_oci:the_system_nios2_gen2_0_cpu_nios2_oci|system_nios2_gen2_0_cpu_nios2_ocimem:the_system_nios2_gen2_0_cpu_nios2_ocimem|MonDReg[23]~DUPLICATE                                                                                                           ;                  ;                       ;
; system:u_system|system_nios2_gen2_0:nios2_gen2_0|system_nios2_gen2_0_cpu:cpu|system_nios2_gen2_0_cpu_nios2_oci:the_system_nios2_gen2_0_cpu_nios2_oci|system_nios2_gen2_0_cpu_nios2_ocimem:the_system_nios2_gen2_0_cpu_nios2_ocimem|MonDReg[30]                                                                                                           ; Duplicated      ; Router Logic Cell Insertion and Logic Duplication ; Routability optimization               ;           ;                ; system:u_system|system_nios2_gen2_0:nios2_gen2_0|system_nios2_gen2_0_cpu:cpu|system_nios2_gen2_0_cpu_nios2_oci:the_system_nios2_gen2_0_cpu_nios2_oci|system_nios2_gen2_0_cpu_nios2_ocimem:the_system_nios2_gen2_0_cpu_nios2_ocimem|MonDReg[30]~DUPLICATE                                                                                                           ;                  ;                       ;
; system:u_system|system_nios2_gen2_0:nios2_gen2_0|system_nios2_gen2_0_cpu:cpu|system_nios2_gen2_0_cpu_nios2_oci:the_system_nios2_gen2_0_cpu_nios2_oci|system_nios2_gen2_0_cpu_nios2_ocimem:the_system_nios2_gen2_0_cpu_nios2_ocimem|jtag_ram_rd_d1                                                                                                        ; Duplicated      ; Router Logic Cell Insertion and Logic Duplication ; Routability optimization               ;           ;                ; system:u_system|system_nios2_gen2_0:nios2_gen2_0|system_nios2_gen2_0_cpu:cpu|system_nios2_gen2_0_cpu_nios2_oci:the_system_nios2_gen2_0_cpu_nios2_oci|system_nios2_gen2_0_cpu_nios2_ocimem:the_system_nios2_gen2_0_cpu_nios2_ocimem|jtag_ram_rd_d1~DUPLICATE                                                                                                        ;                  ;                       ;
; system:u_system|system_nios2_gen2_0:nios2_gen2_0|system_nios2_gen2_0_cpu:cpu|system_nios2_gen2_0_cpu_nios2_oci:the_system_nios2_gen2_0_cpu_nios2_oci|system_nios2_gen2_0_cpu_nios2_ocimem:the_system_nios2_gen2_0_cpu_nios2_ocimem|waitrequest                                                                                                           ; Duplicated      ; Router Logic Cell Insertion and Logic Duplication ; Routability optimization               ;           ;                ; system:u_system|system_nios2_gen2_0:nios2_gen2_0|system_nios2_gen2_0_cpu:cpu|system_nios2_gen2_0_cpu_nios2_oci:the_system_nios2_gen2_0_cpu_nios2_oci|system_nios2_gen2_0_cpu_nios2_ocimem:the_system_nios2_gen2_0_cpu_nios2_ocimem|waitrequest~DUPLICATE                                                                                                           ;                  ;                       ;
; system:u_system|vga_system:vga_system_0|avalon_mm_master_reader:u_vga_reader|offset_r[6]                                                                                                                                                                                                                                                                 ; Duplicated      ; Router Logic Cell Insertion and Logic Duplication ; Routability optimization               ;           ;                ; system:u_system|vga_system:vga_system_0|avalon_mm_master_reader:u_vga_reader|offset_r[6]~DUPLICATE                                                                                                                                                                                                                                                                 ;                  ;                       ;
; system:u_system|vga_system:vga_system_0|avalon_mm_master_reader:u_vga_reader|offset_r[22]                                                                                                                                                                                                                                                                ; Duplicated      ; Router Logic Cell Insertion and Logic Duplication ; Routability optimization               ;           ;                ; system:u_system|vga_system:vga_system_0|avalon_mm_master_reader:u_vga_reader|offset_r[22]~DUPLICATE                                                                                                                                                                                                                                                                ;                  ;                       ;
; system:u_system|vga_system:vga_system_0|avalon_mm_master_reader:u_vga_reader|offset_r[23]                                                                                                                                                                                                                                                                ; Duplicated      ; Router Logic Cell Insertion and Logic Duplication ; Routability optimization               ;           ;                ; system:u_system|vga_system:vga_system_0|avalon_mm_master_reader:u_vga_reader|offset_r[23]~DUPLICATE                                                                                                                                                                                                                                                                ;                  ;                       ;
; system:u_system|vga_system:vga_system_0|avalon_mm_master_reader:u_vga_reader|offset_r[30]                                                                                                                                                                                                                                                                ; Duplicated      ; Router Logic Cell Insertion and Logic Duplication ; Routability optimization               ;           ;                ; system:u_system|vga_system:vga_system_0|avalon_mm_master_reader:u_vga_reader|offset_r[30]~DUPLICATE                                                                                                                                                                                                                                                                ;                  ;                       ;
+----------------------------------------------------------------------------------------------------------------------------------------------------------------------------------------------------------------------------------------------------------------------------------------------------------------------------------------------------------+-----------------+---------------------------------------------------+----------------------------------------+-----------+----------------+--------------------------------------------------------------------------------------------------------------------------------------------------------------------------------------------------------------------------------------------------------------------------------------------------------------------------------------------------------------------+------------------+-----------------------+


+--------------------------------------------------------------------------------------------------------------------------------------------+
; Ignored Assignments                                                                                                                        ;
+-----------------------------+-------------------------------+--------------+------------------+---------------+----------------------------+
; Name                        ; Ignored Entity                ; Ignored From ; Ignored To       ; Ignored Value ; Ignored Source             ;
+-----------------------------+-------------------------------+--------------+------------------+---------------+----------------------------+
; Fast Input Register         ; system_new_sdram_controller_0 ;              ; za_data[0]~reg0  ; ON            ; Compiler or HDL Assignment ;
; Fast Input Register         ; system_new_sdram_controller_0 ;              ; za_data[10]~reg0 ; ON            ; Compiler or HDL Assignment ;
; Fast Input Register         ; system_new_sdram_controller_0 ;              ; za_data[11]~reg0 ; ON            ; Compiler or HDL Assignment ;
; Fast Input Register         ; system_new_sdram_controller_0 ;              ; za_data[12]~reg0 ; ON            ; Compiler or HDL Assignment ;
; Fast Input Register         ; system_new_sdram_controller_0 ;              ; za_data[13]~reg0 ; ON            ; Compiler or HDL Assignment ;
; Fast Input Register         ; system_new_sdram_controller_0 ;              ; za_data[14]~reg0 ; ON            ; Compiler or HDL Assignment ;
; Fast Input Register         ; system_new_sdram_controller_0 ;              ; za_data[15]~reg0 ; ON            ; Compiler or HDL Assignment ;
; Fast Input Register         ; system_new_sdram_controller_0 ;              ; za_data[1]~reg0  ; ON            ; Compiler or HDL Assignment ;
; Fast Input Register         ; system_new_sdram_controller_0 ;              ; za_data[2]~reg0  ; ON            ; Compiler or HDL Assignment ;
; Fast Input Register         ; system_new_sdram_controller_0 ;              ; za_data[3]~reg0  ; ON            ; Compiler or HDL Assignment ;
; Fast Input Register         ; system_new_sdram_controller_0 ;              ; za_data[4]~reg0  ; ON            ; Compiler or HDL Assignment ;
; Fast Input Register         ; system_new_sdram_controller_0 ;              ; za_data[5]~reg0  ; ON            ; Compiler or HDL Assignment ;
; Fast Input Register         ; system_new_sdram_controller_0 ;              ; za_data[6]~reg0  ; ON            ; Compiler or HDL Assignment ;
; Fast Input Register         ; system_new_sdram_controller_0 ;              ; za_data[7]~reg0  ; ON            ; Compiler or HDL Assignment ;
; Fast Input Register         ; system_new_sdram_controller_0 ;              ; za_data[8]~reg0  ; ON            ; Compiler or HDL Assignment ;
; Fast Input Register         ; system_new_sdram_controller_0 ;              ; za_data[9]~reg0  ; ON            ; Compiler or HDL Assignment ;
; Fast Output Enable Register ; system_new_sdram_controller_0 ;              ; m_data[0]        ; ON            ; Compiler or HDL Assignment ;
; Fast Output Enable Register ; system_new_sdram_controller_0 ;              ; m_data[10]       ; ON            ; Compiler or HDL Assignment ;
; Fast Output Enable Register ; system_new_sdram_controller_0 ;              ; m_data[11]       ; ON            ; Compiler or HDL Assignment ;
; Fast Output Enable Register ; system_new_sdram_controller_0 ;              ; m_data[12]       ; ON            ; Compiler or HDL Assignment ;
; Fast Output Enable Register ; system_new_sdram_controller_0 ;              ; m_data[13]       ; ON            ; Compiler or HDL Assignment ;
; Fast Output Enable Register ; system_new_sdram_controller_0 ;              ; m_data[14]       ; ON            ; Compiler or HDL Assignment ;
; Fast Output Enable Register ; system_new_sdram_controller_0 ;              ; m_data[15]       ; ON            ; Compiler or HDL Assignment ;
; Fast Output Enable Register ; system_new_sdram_controller_0 ;              ; m_data[1]        ; ON            ; Compiler or HDL Assignment ;
; Fast Output Enable Register ; system_new_sdram_controller_0 ;              ; m_data[2]        ; ON            ; Compiler or HDL Assignment ;
; Fast Output Enable Register ; system_new_sdram_controller_0 ;              ; m_data[3]        ; ON            ; Compiler or HDL Assignment ;
; Fast Output Enable Register ; system_new_sdram_controller_0 ;              ; m_data[4]        ; ON            ; Compiler or HDL Assignment ;
; Fast Output Enable Register ; system_new_sdram_controller_0 ;              ; m_data[5]        ; ON            ; Compiler or HDL Assignment ;
; Fast Output Enable Register ; system_new_sdram_controller_0 ;              ; m_data[6]        ; ON            ; Compiler or HDL Assignment ;
; Fast Output Enable Register ; system_new_sdram_controller_0 ;              ; m_data[7]        ; ON            ; Compiler or HDL Assignment ;
; Fast Output Enable Register ; system_new_sdram_controller_0 ;              ; m_data[8]        ; ON            ; Compiler or HDL Assignment ;
; Fast Output Enable Register ; system_new_sdram_controller_0 ;              ; m_data[9]        ; ON            ; Compiler or HDL Assignment ;
+-----------------------------+-------------------------------+--------------+------------------+---------------+----------------------------+


+---------------------------------------------------------------------------------------------------+
; Incremental Compilation Preservation Summary                                                      ;
+---------------------+---------------------+----------------------------+--------------------------+
; Type                ; Total [A + B]       ; From Design Partitions [A] ; From Rapid Recompile [B] ;
+---------------------+---------------------+----------------------------+--------------------------+
; Placement (by node) ;                     ;                            ;                          ;
;     -- Requested    ; 0.00 % ( 0 / 4052 ) ; 0.00 % ( 0 / 4052 )        ; 0.00 % ( 0 / 4052 )      ;
;     -- Achieved     ; 0.00 % ( 0 / 4052 ) ; 0.00 % ( 0 / 4052 )        ; 0.00 % ( 0 / 4052 )      ;
;                     ;                     ;                            ;                          ;
; Routing (by net)    ;                     ;                            ;                          ;
;     -- Requested    ; 0.00 % ( 0 / 0 )    ; 0.00 % ( 0 / 0 )           ; 0.00 % ( 0 / 0 )         ;
;     -- Achieved     ; 0.00 % ( 0 / 0 )    ; 0.00 % ( 0 / 0 )           ; 0.00 % ( 0 / 0 )         ;
+---------------------+---------------------+----------------------------+--------------------------+


+----------------------------------------------------------------------------------------------------------------------------------------------------------------------------------------+
; Incremental Compilation Partition Settings                                                                                                                                             ;
+--------------------------------+----------------+-------------------+-------------------------+------------------------+------------------------------+--------------------------------+
; Partition Name                 ; Partition Type ; Netlist Type Used ; Preservation Level Used ; Netlist Type Requested ; Preservation Level Requested ; Contents                       ;
+--------------------------------+----------------+-------------------+-------------------------+------------------------+------------------------------+--------------------------------+
; Top                            ; User-created   ; Source File       ; N/A                     ; Source File            ; N/A                          ;                                ;
; sld_hub:auto_hub               ; Auto-generated ; Post-Synthesis    ; N/A                     ; Post-Synthesis         ; N/A                          ; sld_hub:auto_hub               ;
; hard_block:auto_generated_inst ; Auto-generated ; Source File       ; N/A                     ; Source File            ; N/A                          ; hard_block:auto_generated_inst ;
+--------------------------------+----------------+-------------------+-------------------------+------------------------+------------------------------+--------------------------------+


+------------------------------------------------------------------------------------------------------------------------------------+
; Incremental Compilation Placement Preservation                                                                                     ;
+--------------------------------+-----------------------+-------------------------+-------------------+---------------------+-------+
; Partition Name                 ; Preservation Achieved ; Preservation Level Used ; Netlist Type Used ; Preservation Method ; Notes ;
+--------------------------------+-----------------------+-------------------------+-------------------+---------------------+-------+
; Top                            ; 0.00 % ( 0 / 3826 )   ; N/A                     ; Source File       ; N/A                 ;       ;
; sld_hub:auto_hub               ; 0.00 % ( 0 / 197 )    ; N/A                     ; Post-Synthesis    ; N/A                 ;       ;
; hard_block:auto_generated_inst ; 0.00 % ( 0 / 29 )     ; N/A                     ; Source File       ; N/A                 ;       ;
+--------------------------------+-----------------------+-------------------------+-------------------+---------------------+-------+


+--------------+
; Pin-Out File ;
+--------------+
The pin-out file can be found in D:/HK6/SoC_Design/Project/output_files/soc_camera.pin.


+---------------------------------------------------------------------------------------------+
; Fitter Resource Usage Summary                                                               ;
+-------------------------------------------------------------+-----------------------+-------+
; Resource                                                    ; Usage                 ; %     ;
+-------------------------------------------------------------+-----------------------+-------+
; Logic utilization (ALMs needed / total ALMs on device)      ; 1,209 / 32,070        ; 4 %   ;
; ALMs needed [=A-B+C]                                        ; 1,209                 ;       ;
;     [A] ALMs used in final placement [=a+b+c+d]             ; 1,372 / 32,070        ; 4 %   ;
;         [a] ALMs used for LUT logic and registers           ; 569                   ;       ;
;         [b] ALMs used for LUT logic                         ; 568                   ;       ;
;         [c] ALMs used for registers                         ; 235                   ;       ;
;         [d] ALMs used for memory (up to half of total ALMs) ; 0                     ;       ;
;     [B] Estimate of ALMs recoverable by dense packing       ; 177 / 32,070          ; < 1 % ;
;     [C] Estimate of ALMs unavailable [=a+b+c+d]             ; 14 / 32,070           ; < 1 % ;
;         [a] Due to location constrained logic               ; 0                     ;       ;
;         [b] Due to LAB-wide signal conflicts                ; 0                     ;       ;
;         [c] Due to LAB input limits                         ; 14                    ;       ;
;         [d] Due to virtual I/Os                             ; 0                     ;       ;
;                                                             ;                       ;       ;
; Difficulty packing design                                   ; Low                   ;       ;
;                                                             ;                       ;       ;
; Total LABs:  partially or completely used                   ; 195 / 3,207           ; 6 %   ;
;     -- Logic LABs                                           ; 195                   ;       ;
;     -- Memory LABs (up to half of total LABs)               ; 0                     ;       ;
;                                                             ;                       ;       ;
; Combinational ALUT usage for logic                          ; 1,985                 ;       ;
;     -- 7 input functions                                    ; 21                    ;       ;
;     -- 6 input functions                                    ; 271                   ;       ;
;     -- 5 input functions                                    ; 422                   ;       ;
;     -- 4 input functions                                    ; 386                   ;       ;
;     -- <=3 input functions                                  ; 885                   ;       ;
; Combinational ALUT usage for route-throughs                 ; 281                   ;       ;
;                                                             ;                       ;       ;
; Dedicated logic registers                                   ; 1,690                 ;       ;
;     -- By type:                                             ;                       ;       ;
;         -- Primary logic registers                          ; 1,607 / 64,140        ; 3 %   ;
;         -- Secondary logic registers                        ; 83 / 64,140           ; < 1 % ;
;     -- By function:                                         ;                       ;       ;
;         -- Design implementation registers                  ; 1,623                 ;       ;
;         -- Routing optimization registers                   ; 67                    ;       ;
;                                                             ;                       ;       ;
; Virtual pins                                                ; 0                     ;       ;
; I/O pins                                                    ; 73 / 457              ; 16 %  ;
;     -- Clock pins                                           ; 3 / 8                 ; 38 %  ;
;     -- Dedicated input pins                                 ; 3 / 21                ; 14 %  ;
; I/O registers                                               ; 69                    ;       ;
;                                                             ;                       ;       ;
; Hard processor system peripheral utilization                ;                       ;       ;
;     -- Boot from FPGA                                       ; 0 / 1 ( 0 % )         ;       ;
;     -- Clock resets                                         ; 0 / 1 ( 0 % )         ;       ;
;     -- Cross trigger                                        ; 0 / 1 ( 0 % )         ;       ;
;     -- S2F AXI                                              ; 0 / 1 ( 0 % )         ;       ;
;     -- F2S AXI                                              ; 0 / 1 ( 0 % )         ;       ;
;     -- AXI Lightweight                                      ; 0 / 1 ( 0 % )         ;       ;
;     -- SDRAM                                                ; 0 / 1 ( 0 % )         ;       ;
;     -- Interrupts                                           ; 0 / 1 ( 0 % )         ;       ;
;     -- JTAG                                                 ; 0 / 1 ( 0 % )         ;       ;
;     -- Loan I/O                                             ; 0 / 1 ( 0 % )         ;       ;
;     -- MPU event standby                                    ; 0 / 1 ( 0 % )         ;       ;
;     -- MPU general purpose                                  ; 0 / 1 ( 0 % )         ;       ;
;     -- STM event                                            ; 0 / 1 ( 0 % )         ;       ;
;     -- TPIU trace                                           ; 0 / 1 ( 0 % )         ;       ;
;     -- DMA                                                  ; 0 / 1 ( 0 % )         ;       ;
;     -- CAN                                                  ; 0 / 2 ( 0 % )         ;       ;
;     -- EMAC                                                 ; 0 / 2 ( 0 % )         ;       ;
;     -- I2C                                                  ; 0 / 4 ( 0 % )         ;       ;
;     -- NAND Flash                                           ; 0 / 1 ( 0 % )         ;       ;
;     -- QSPI                                                 ; 0 / 1 ( 0 % )         ;       ;
;     -- SDMMC                                                ; 0 / 1 ( 0 % )         ;       ;
;     -- SPI Master                                           ; 0 / 2 ( 0 % )         ;       ;
;     -- SPI Slave                                            ; 0 / 2 ( 0 % )         ;       ;
;     -- UART                                                 ; 0 / 2 ( 0 % )         ;       ;
;     -- USB                                                  ; 0 / 2 ( 0 % )         ;       ;
;                                                             ;                       ;       ;
; M10K blocks                                                 ; 73 / 397              ; 18 %  ;
; Total MLAB memory bits                                      ; 0                     ;       ;
; Total block memory bits                                     ; 560,256 / 4,065,280   ; 14 %  ;
; Total block memory implementation bits                      ; 747,520 / 4,065,280   ; 18 %  ;
;                                                             ;                       ;       ;
; Total DSP Blocks                                            ; 0 / 87                ; 0 %   ;
;                                                             ;                       ;       ;
; Fractional PLLs                                             ; 2 / 6                 ; 33 %  ;
; Global signals                                              ; 4                     ;       ;
;     -- Global clocks                                        ; 4 / 16                ; 25 %  ;
;     -- Quadrant clocks                                      ; 0 / 66                ; 0 %   ;
;     -- Horizontal periphery clocks                          ; 0 / 18                ; 0 %   ;
; SERDES Transmitters                                         ; 0 / 100               ; 0 %   ;
; SERDES Receivers                                            ; 0 / 100               ; 0 %   ;
; JTAGs                                                       ; 1 / 1                 ; 100 % ;
; ASMI blocks                                                 ; 0 / 1                 ; 0 %   ;
; CRC blocks                                                  ; 0 / 1                 ; 0 %   ;
; Remote update blocks                                        ; 0 / 1                 ; 0 %   ;
; Oscillator blocks                                           ; 0 / 1                 ; 0 %   ;
; Impedance control blocks                                    ; 0 / 4                 ; 0 %   ;
; Hard Memory Controllers                                     ; 0 / 2                 ; 0 %   ;
; Average interconnect usage (total/H/V)                      ; 1.4% / 1.5% / 1.1%    ;       ;
; Peak interconnect usage (total/H/V)                         ; 18.5% / 20.6% / 12.2% ;       ;
; Maximum fan-out                                             ; 1554                  ;       ;
; Highest non-global fan-out                                  ; 1073                  ;       ;
; Total fan-out                                               ; 15985                 ;       ;
; Average fan-out                                             ; 3.73                  ;       ;
+-------------------------------------------------------------+-----------------------+-------+


+---------------------------------------------------------------------------------------------------------------------------------------------+
; Fitter Partition Statistics                                                                                                                 ;
+-------------------------------------------------------------+-----------------------+----------------------+--------------------------------+
; Statistic                                                   ; Top                   ; sld_hub:auto_hub     ; hard_block:auto_generated_inst ;
+-------------------------------------------------------------+-----------------------+----------------------+--------------------------------+
; Logic utilization (ALMs needed / total ALMs on device)      ; 1140 / 32070 ( 4 % )  ; 70 / 32070 ( < 1 % ) ; 0 / 32070 ( 0 % )              ;
; ALMs needed [=A-B+C]                                        ; 1140                  ; 70                   ; 0                              ;
;     [A] ALMs used in final placement [=a+b+c+d]             ; 1287 / 32070 ( 4 % )  ; 85 / 32070 ( < 1 % ) ; 0 / 32070 ( 0 % )              ;
;         [a] ALMs used for LUT logic and registers           ; 546                   ; 23                   ; 0                              ;
;         [b] ALMs used for LUT logic                         ; 526                   ; 42                   ; 0                              ;
;         [c] ALMs used for registers                         ; 215                   ; 20                   ; 0                              ;
;         [d] ALMs used for memory (up to half of total ALMs) ; 0                     ; 0                    ; 0                              ;
;     [B] Estimate of ALMs recoverable by dense packing       ; 161 / 32070 ( < 1 % ) ; 15 / 32070 ( < 1 % ) ; 0 / 32070 ( 0 % )              ;
;     [C] Estimate of ALMs unavailable [=a+b+c+d]             ; 14 / 32070 ( < 1 % )  ; 0 / 32070 ( 0 % )    ; 0 / 32070 ( 0 % )              ;
;         [a] Due to location constrained logic               ; 0                     ; 0                    ; 0                              ;
;         [b] Due to LAB-wide signal conflicts                ; 0                     ; 0                    ; 0                              ;
;         [c] Due to LAB input limits                         ; 14                    ; 0                    ; 0                              ;
;         [d] Due to virtual I/Os                             ; 0                     ; 0                    ; 0                              ;
;                                                             ;                       ;                      ;                                ;
; Difficulty packing design                                   ; Low                   ; Low                  ; Low                            ;
;                                                             ;                       ;                      ;                                ;
; Total LABs:  partially or completely used                   ; 184 / 3207 ( 6 % )    ; 15 / 3207 ( < 1 % )  ; 0 / 3207 ( 0 % )               ;
;     -- Logic LABs                                           ; 184                   ; 15                   ; 0                              ;
;     -- Memory LABs (up to half of total LABs)               ; 0                     ; 0                    ; 0                              ;
;                                                             ;                       ;                      ;                                ;
; Combinational ALUT usage for logic                          ; 1873                  ; 112                  ; 0                              ;
;     -- 7 input functions                                    ; 19                    ; 2                    ; 0                              ;
;     -- 6 input functions                                    ; 248                   ; 23                   ; 0                              ;
;     -- 5 input functions                                    ; 397                   ; 25                   ; 0                              ;
;     -- 4 input functions                                    ; 373                   ; 13                   ; 0                              ;
;     -- <=3 input functions                                  ; 836                   ; 49                   ; 0                              ;
; Combinational ALUT usage for route-throughs                 ; 270                   ; 11                   ; 0                              ;
; Memory ALUT usage                                           ; 0                     ; 0                    ; 0                              ;
;     -- 64-address deep                                      ; 0                     ; 0                    ; 0                              ;
;     -- 32-address deep                                      ; 0                     ; 0                    ; 0                              ;
;                                                             ;                       ;                      ;                                ;
; Dedicated logic registers                                   ; 0                     ; 0                    ; 0                              ;
;     -- By type:                                             ;                       ;                      ;                                ;
;         -- Primary logic registers                          ; 1522 / 64140 ( 2 % )  ; 85 / 64140 ( < 1 % ) ; 0 / 64140 ( 0 % )              ;
;         -- Secondary logic registers                        ; 81 / 64140 ( < 1 % )  ; 2 / 64140 ( < 1 % )  ; 0 / 64140 ( 0 % )              ;
;     -- By function:                                         ;                       ;                      ;                                ;
;         -- Design implementation registers                  ; 1538                  ; 85                   ; 0                              ;
;         -- Routing optimization registers                   ; 65                    ; 2                    ; 0                              ;
;                                                             ;                       ;                      ;                                ;
;                                                             ;                       ;                      ;                                ;
; Virtual pins                                                ; 0                     ; 0                    ; 0                              ;
; I/O pins                                                    ; 69                    ; 0                    ; 4                              ;
; I/O registers                                               ; 69                    ; 0                    ; 0                              ;
; Total block memory bits                                     ; 560256                ; 0                    ; 0                              ;
; Total block memory implementation bits                      ; 747520                ; 0                    ; 0                              ;
; JTAG                                                        ; 0 / 1 ( 0 % )         ; 0 / 1 ( 0 % )        ; 1 / 1 ( 100 % )                ;
; M10K block                                                  ; 73 / 397 ( 18 % )     ; 0 / 397 ( 0 % )      ; 0 / 397 ( 0 % )                ;
; Clock enable block                                          ; 1 / 116 ( < 1 % )     ; 0 / 116 ( 0 % )      ; 3 / 116 ( 2 % )                ;
; Double data rate I/O input circuitry                        ; 16 / 400 ( 4 % )      ; 0 / 400 ( 0 % )      ; 0 / 400 ( 0 % )                ;
; Double data rate I/O output circuitry                       ; 37 / 400 ( 9 % )      ; 0 / 400 ( 0 % )      ; 0 / 400 ( 0 % )                ;
; Double data rate I/O output enable circuitry                ; 16 / 425 ( 3 % )      ; 0 / 425 ( 0 % )      ; 0 / 425 ( 0 % )                ;
; Fractional PLL                                              ; 0 / 6 ( 0 % )         ; 0 / 6 ( 0 % )        ; 2 / 6 ( 33 % )                 ;
; PLL Output Counter                                          ; 0 / 54 ( 0 % )        ; 0 / 54 ( 0 % )       ; 3 / 54 ( 5 % )                 ;
; PLL Reconfiguration Block                                   ; 0 / 6 ( 0 % )         ; 0 / 6 ( 0 % )        ; 2 / 6 ( 33 % )                 ;
; PLL Reference Clock Select Block                            ; 0 / 6 ( 0 % )         ; 0 / 6 ( 0 % )        ; 2 / 6 ( 33 % )                 ;
;                                                             ;                       ;                      ;                                ;
; Connections                                                 ;                       ;                      ;                                ;
;     -- Input Connections                                    ; 1953                  ; 131                  ; 1                              ;
;     -- Registered Input Connections                         ; 1709                  ; 94                   ; 0                              ;
;     -- Output Connections                                   ; 24                    ; 199                  ; 1862                           ;
;     -- Registered Output Connections                        ; 5                     ; 199                  ; 0                              ;
;                                                             ;                       ;                      ;                                ;
; Internal Connections                                        ;                       ;                      ;                                ;
;     -- Total Connections                                    ; 16269                 ; 924                  ; 1954                           ;
;     -- Registered Connections                               ; 8297                  ; 700                  ; 0                              ;
;                                                             ;                       ;                      ;                                ;
; External Connections                                        ;                       ;                      ;                                ;
;     -- Top                                                  ; 34                    ; 204                  ; 1739                           ;
;     -- sld_hub:auto_hub                                     ; 204                   ; 2                    ; 124                            ;
;     -- hard_block:auto_generated_inst                       ; 1739                  ; 124                  ; 0                              ;
;                                                             ;                       ;                      ;                                ;
; Partition Interface                                         ;                       ;                      ;                                ;
;     -- Input Ports                                          ; 50                    ; 62                   ; 5                              ;
;     -- Output Ports                                         ; 49                    ; 79                   ; 14                             ;
;     -- Bidir Ports                                          ; 17                    ; 0                    ; 0                              ;
;                                                             ;                       ;                      ;                                ;
; Registered Ports                                            ;                       ;                      ;                                ;
;     -- Registered Input Ports                               ; 0                     ; 2                    ; 0                              ;
;     -- Registered Output Ports                              ; 0                     ; 40                   ; 0                              ;
;                                                             ;                       ;                      ;                                ;
; Port Connectivity                                           ;                       ;                      ;                                ;
;     -- Input Ports driven by GND                            ; 0                     ; 2                    ; 0                              ;
;     -- Output Ports driven by GND                           ; 0                     ; 29                   ; 0                              ;
;     -- Input Ports driven by VCC                            ; 0                     ; 0                    ; 0                              ;
;     -- Output Ports driven by VCC                           ; 0                     ; 0                    ; 0                              ;
;     -- Input Ports with no Source                           ; 0                     ; 47                   ; 0                              ;
;     -- Output Ports with no Source                          ; 0                     ; 0                    ; 0                              ;
;     -- Input Ports with no Fanout                           ; 0                     ; 52                   ; 0                              ;
;     -- Output Ports with no Fanout                          ; 0                     ; 59                   ; 0                              ;
+-------------------------------------------------------------+-----------------------+----------------------+--------------------------------+


+-------------------------------------------------------------------------------------------------------------------------------------------------------------------------------------------------------------------------------------------------------------------------------------------+
; Input Pins                                                                                                                                                                                                                                                                                ;
+------------+-------+----------+--------------+--------------+--------------+-----------------------+--------------------+--------+----------------+-----------------+----------+--------------+--------------+-------------+---------------------------+----------------------+-----------+
; Name       ; Pin # ; I/O Bank ; X coordinate ; Y coordinate ; Z coordinate ; Combinational Fan-Out ; Registered Fan-Out ; Global ; Input Register ; PCI I/O Enabled ; Bus Hold ; Weak Pull Up ; I/O Standard ; Termination ; Termination Control Block ; Location assigned by ; Slew Rate ;
+------------+-------+----------+--------------+--------------+--------------+-----------------------+--------------------+--------+----------------+-----------------+----------+--------------+--------------+-------------+---------------------------+----------------------+-----------+
; CAM_DIN[0] ; AJ27  ; 4A       ; 80           ; 0            ; 34           ; 0                     ; 0                  ; no     ; no             ; no              ; no       ; Off          ; 2.5 V        ; Off         ; --                        ; User                 ; no        ;
; CAM_DIN[1] ; AH27  ; 4A       ; 84           ; 0            ; 51           ; 0                     ; 0                  ; no     ; no             ; no              ; no       ; Off          ; 2.5 V        ; Off         ; --                        ; User                 ; no        ;
; CAM_DIN[2] ; AH24  ; 4A       ; 64           ; 0            ; 51           ; 0                     ; 0                  ; no     ; no             ; no              ; no       ; Off          ; 2.5 V        ; Off         ; --                        ; User                 ; no        ;
; CAM_DIN[3] ; AG26  ; 4A       ; 84           ; 0            ; 34           ; 0                     ; 0                  ; no     ; no             ; no              ; no       ; Off          ; 2.5 V        ; Off         ; --                        ; User                 ; no        ;
; CAM_DIN[4] ; AG25  ; 4A       ; 78           ; 0            ; 34           ; 0                     ; 0                  ; no     ; no             ; no              ; no       ; Off          ; 2.5 V        ; Off         ; --                        ; User                 ; no        ;
; CAM_DIN[5] ; AF26  ; 4A       ; 86           ; 0            ; 51           ; 0                     ; 0                  ; no     ; no             ; no              ; no       ; Off          ; 2.5 V        ; Off         ; --                        ; User                 ; no        ;
; CAM_DIN[6] ; AF25  ; 4A       ; 86           ; 0            ; 34           ; 0                     ; 0                  ; no     ; no             ; no              ; no       ; Off          ; 2.5 V        ; Off         ; --                        ; User                 ; no        ;
; CAM_DIN[7] ; AE24  ; 4A       ; 88           ; 0            ; 52           ; 0                     ; 0                  ; no     ; no             ; no              ; no       ; Off          ; 2.5 V        ; Off         ; --                        ; User                 ; no        ;
; CAM_HREF   ; AC23  ; 4A       ; 86           ; 0            ; 17           ; 0                     ; 0                  ; no     ; no             ; no              ; no       ; Off          ; 2.5 V        ; Off         ; --                        ; User                 ; no        ;
; CAM_PCLK   ; AD24  ; 4A       ; 88           ; 0            ; 35           ; 25                    ; 0                  ; yes    ; no             ; no              ; no       ; Off          ; 2.5 V        ; Off         ; --                        ; User                 ; no        ;
; CAM_VSYNC  ; AB21  ; 4A       ; 88           ; 0            ; 18           ; 1                     ; 0                  ; no     ; no             ; no              ; no       ; Off          ; 2.5 V        ; Off         ; --                        ; User                 ; no        ;
; CLOCK_50   ; AF14  ; 3B       ; 32           ; 0            ; 0            ; 2                     ; 0                  ; no     ; no             ; no              ; no       ; Off          ; 2.5 V        ; Off         ; --                        ; Fitter               ; no        ;
; KEY[0]     ; AA14  ; 3B       ; 36           ; 0            ; 0            ; 89                    ; 0                  ; no     ; no             ; no              ; no       ; Off          ; 2.5 V        ; Off         ; --                        ; User                 ; no        ;
+------------+-------+----------+--------------+--------------+--------------+-----------------------+--------------------+--------+----------------+-----------------+----------+--------------+--------------+-------------+---------------------------+----------------------+-----------+


+----------------------------------------------------------------------------------------------------------------------------------------------------------------------------------------------------------------------------------------------------------------------------------------------------------------------------------------------------------------------------------------------------------------------------------------------------------------------------------------------------+
; Output Pins                                                                                                                                                                                                                                                                                                                                                                                                                                                                                        ;
+---------------+-------+----------+--------------+--------------+--------------+-----------------+------------------------+-----------+-----------------+------------+---------------+----------+--------------+--------------+------------------+-----------------------------------+---------------------------+----------------------------+-----------------------------+---------------------+-----------------------------+----------------------+----------------------+---------------------+
; Name          ; Pin # ; I/O Bank ; X coordinate ; Y coordinate ; Z coordinate ; Output Register ; Output Enable Register ; Slew Rate ; PCI I/O Enabled ; Open Drain ; TRI Primitive ; Bus Hold ; Weak Pull Up ; I/O Standard ; Current Strength ; Termination                       ; Termination Control Block ; Output Buffer Pre-emphasis ; Voltage Output Differential ; Output Buffer Delay ; Output Buffer Delay Control ; Location assigned by ; Output Enable Source ; Output Enable Group ;
+---------------+-------+----------+--------------+--------------+--------------+-----------------+------------------------+-----------+-----------------+------------+---------------+----------+--------------+--------------+------------------+-----------------------------------+---------------------------+----------------------------+-----------------------------+---------------------+-----------------------------+----------------------+----------------------+---------------------+
; CAM_SIOC      ; AB17  ; 4A       ; 56           ; 0            ; 17           ; no              ; no                     ; 1         ; no              ; no         ; no            ; no       ; Off          ; 2.5 V        ; Default          ; Series 50 Ohm without Calibration ; --                        ; no                         ; no                          ; 0                   ; Off                         ; User                 ; -                    ; -                   ;
; CAM_XCLK      ; AE23  ; 4A       ; 78           ; 0            ; 17           ; no              ; no                     ; 1         ; no              ; no         ; no            ; no       ; Off          ; 2.5 V        ; Default          ; Series 50 Ohm without Calibration ; --                        ; no                         ; no                          ; 0                   ; Off                         ; User                 ; -                    ; -                   ;
; DRAM_ADDR[0]  ; AG13  ; 3B       ; 26           ; 0            ; 57           ; yes             ; no                     ; 1         ; no              ; no         ; no            ; no       ; Off          ; 2.5 V        ; Default          ; Series 50 Ohm without Calibration ; --                        ; no                         ; no                          ; 0                   ; Off                         ; Fitter               ; -                    ; -                   ;
; DRAM_ADDR[10] ; AJ11  ; 3B       ; 34           ; 0            ; 40           ; yes             ; no                     ; 1         ; no              ; no         ; no            ; no       ; Off          ; 2.5 V        ; Default          ; Series 50 Ohm without Calibration ; --                        ; no                         ; no                          ; 0                   ; Off                         ; Fitter               ; -                    ; -                   ;
; DRAM_ADDR[11] ; AK8   ; 3B       ; 28           ; 0            ; 51           ; yes             ; no                     ; 1         ; no              ; no         ; no            ; no       ; Off          ; 2.5 V        ; Default          ; Series 50 Ohm without Calibration ; --                        ; no                         ; no                          ; 0                   ; Off                         ; Fitter               ; -                    ; -                   ;
; DRAM_ADDR[12] ; AK7   ; 3B       ; 28           ; 0            ; 34           ; yes             ; no                     ; 1         ; no              ; no         ; no            ; no       ; Off          ; 2.5 V        ; Default          ; Series 50 Ohm without Calibration ; --                        ; no                         ; no                          ; 0                   ; Off                         ; Fitter               ; -                    ; -                   ;
; DRAM_ADDR[1]  ; AD14  ; 3B       ; 24           ; 0            ; 0            ; yes             ; no                     ; 1         ; no              ; no         ; no            ; no       ; Off          ; 2.5 V        ; Default          ; Series 50 Ohm without Calibration ; --                        ; no                         ; no                          ; 0                   ; Off                         ; Fitter               ; -                    ; -                   ;
; DRAM_ADDR[2]  ; AJ6   ; 3B       ; 26           ; 0            ; 74           ; yes             ; no                     ; 1         ; no              ; no         ; no            ; no       ; Off          ; 2.5 V        ; Default          ; Series 50 Ohm without Calibration ; --                        ; no                         ; no                          ; 0                   ; Off                         ; Fitter               ; -                    ; -                   ;
; DRAM_ADDR[3]  ; AJ9   ; 3B       ; 30           ; 0            ; 34           ; yes             ; no                     ; 1         ; no              ; no         ; no            ; no       ; Off          ; 2.5 V        ; Default          ; Series 50 Ohm without Calibration ; --                        ; no                         ; no                          ; 0                   ; Off                         ; Fitter               ; -                    ; -                   ;
; DRAM_ADDR[4]  ; AH5   ; 3A       ; 14           ; 0            ; 51           ; yes             ; no                     ; 1         ; no              ; no         ; no            ; no       ; Off          ; 2.5 V        ; Default          ; Series 50 Ohm without Calibration ; --                        ; no                         ; no                          ; 0                   ; Off                         ; Fitter               ; -                    ; -                   ;
; DRAM_ADDR[5]  ; AF15  ; 3B       ; 32           ; 0            ; 17           ; yes             ; no                     ; 1         ; no              ; no         ; no            ; no       ; Off          ; 2.5 V        ; Default          ; Series 50 Ohm without Calibration ; --                        ; no                         ; no                          ; 0                   ; Off                         ; Fitter               ; -                    ; -                   ;
; DRAM_ADDR[6]  ; AJ10  ; 3B       ; 34           ; 0            ; 91           ; yes             ; no                     ; 1         ; no              ; no         ; no            ; no       ; Off          ; 2.5 V        ; Default          ; Series 50 Ohm without Calibration ; --                        ; no                         ; no                          ; 0                   ; Off                         ; Fitter               ; -                    ; -                   ;
; DRAM_ADDR[7]  ; AK9   ; 3B       ; 30           ; 0            ; 51           ; yes             ; no                     ; 1         ; no              ; no         ; no            ; no       ; Off          ; 2.5 V        ; Default          ; Series 50 Ohm without Calibration ; --                        ; no                         ; no                          ; 0                   ; Off                         ; Fitter               ; -                    ; -                   ;
; DRAM_ADDR[8]  ; AJ7   ; 3B       ; 26           ; 0            ; 91           ; yes             ; no                     ; 1         ; no              ; no         ; no            ; no       ; Off          ; 2.5 V        ; Default          ; Series 50 Ohm without Calibration ; --                        ; no                         ; no                          ; 0                   ; Off                         ; Fitter               ; -                    ; -                   ;
; DRAM_ADDR[9]  ; AG12  ; 3B       ; 26           ; 0            ; 40           ; yes             ; no                     ; 1         ; no              ; no         ; no            ; no       ; Off          ; 2.5 V        ; Default          ; Series 50 Ohm without Calibration ; --                        ; no                         ; no                          ; 0                   ; Off                         ; Fitter               ; -                    ; -                   ;
; DRAM_BA[0]    ; AJ1   ; 3A       ; 14           ; 0            ; 0            ; yes             ; no                     ; 1         ; no              ; no         ; no            ; no       ; Off          ; 2.5 V        ; Default          ; Series 50 Ohm without Calibration ; --                        ; no                         ; no                          ; 0                   ; Off                         ; Fitter               ; -                    ; -                   ;
; DRAM_BA[1]    ; AC12  ; 3A       ; 16           ; 0            ; 0            ; yes             ; no                     ; 1         ; no              ; no         ; no            ; no       ; Off          ; 2.5 V        ; Default          ; Series 50 Ohm without Calibration ; --                        ; no                         ; no                          ; 0                   ; Off                         ; Fitter               ; -                    ; -                   ;
; DRAM_CAS_N    ; AB15  ; 3B       ; 28           ; 0            ; 0            ; yes             ; no                     ; 1         ; no              ; no         ; no            ; no       ; Off          ; 2.5 V        ; Default          ; Series 50 Ohm without Calibration ; --                        ; no                         ; no                          ; 0                   ; Off                         ; Fitter               ; -                    ; -                   ;
; DRAM_CKE      ; F9    ; 8A       ; 2            ; 81           ; 40           ; no              ; no                     ; 1         ; no              ; no         ; no            ; no       ; Off          ; 2.5 V        ; Default          ; Series 50 Ohm without Calibration ; --                        ; no                         ; no                          ; 0                   ; Off                         ; Fitter               ; -                    ; -                   ;
; DRAM_CLK      ; AJ29  ; 5A       ; 89           ; 6            ; 37           ; no              ; no                     ; 1         ; no              ; no         ; no            ; no       ; Off          ; 2.5 V        ; Default          ; Series 50 Ohm without Calibration ; --                        ; no                         ; no                          ; 0                   ; Off                         ; Fitter               ; -                    ; -                   ;
; DRAM_CS_N     ; AF4   ; 3A       ; 8            ; 0            ; 0            ; yes             ; no                     ; 1         ; no              ; no         ; no            ; no       ; Off          ; 2.5 V        ; Default          ; Series 50 Ohm without Calibration ; --                        ; no                         ; no                          ; 0                   ; Off                         ; Fitter               ; -                    ; -                   ;
; DRAM_DQM[0]   ; AG10  ; 3B       ; 18           ; 0            ; 74           ; yes             ; no                     ; 1         ; no              ; no         ; no            ; no       ; Off          ; 2.5 V        ; Default          ; Series 50 Ohm without Calibration ; --                        ; no                         ; no                          ; 0                   ; Off                         ; Fitter               ; -                    ; -                   ;
; DRAM_DQM[1]   ; AH3   ; 3A       ; 16           ; 0            ; 51           ; yes             ; no                     ; 1         ; no              ; no         ; no            ; no       ; Off          ; 2.5 V        ; Default          ; Series 50 Ohm without Calibration ; --                        ; no                         ; no                          ; 0                   ; Off                         ; Fitter               ; -                    ; -                   ;
; DRAM_RAS_N    ; AG1   ; 3A       ; 10           ; 0            ; 40           ; yes             ; no                     ; 1         ; no              ; no         ; no            ; no       ; Off          ; 2.5 V        ; Default          ; Series 50 Ohm without Calibration ; --                        ; no                         ; no                          ; 0                   ; Off                         ; Fitter               ; -                    ; -                   ;
; DRAM_WE_N     ; AG5   ; 3A       ; 14           ; 0            ; 34           ; yes             ; no                     ; 1         ; no              ; no         ; no            ; no       ; Off          ; 2.5 V        ; Default          ; Series 50 Ohm without Calibration ; --                        ; no                         ; no                          ; 0                   ; Off                         ; Fitter               ; -                    ; -                   ;
; LEDR[0]       ; V16   ; 4A       ; 52           ; 0            ; 0            ; no              ; no                     ; 1         ; no              ; no         ; no            ; no       ; Off          ; 2.5 V        ; Default          ; Series 50 Ohm without Calibration ; --                        ; no                         ; no                          ; 0                   ; Off                         ; User                 ; -                    ; -                   ;
; VGA_BLANK_N   ; AH14  ; 3B       ; 30           ; 0            ; 17           ; no              ; no                     ; 1         ; no              ; no         ; no            ; no       ; Off          ; 2.5 V        ; Default          ; Series 50 Ohm without Calibration ; --                        ; no                         ; no                          ; 0                   ; Off                         ; Fitter               ; -                    ; -                   ;
; VGA_B[0]      ; AK12  ; 3B       ; 36           ; 0            ; 34           ; no              ; no                     ; 1         ; no              ; no         ; no            ; no       ; Off          ; 2.5 V        ; Default          ; Series 50 Ohm without Calibration ; --                        ; no                         ; no                          ; 0                   ; Off                         ; Fitter               ; -                    ; -                   ;
; VGA_B[1]      ; AH12  ; 3B       ; 38           ; 0            ; 34           ; no              ; no                     ; 1         ; no              ; no         ; no            ; no       ; Off          ; 2.5 V        ; Default          ; Series 50 Ohm without Calibration ; --                        ; no                         ; no                          ; 0                   ; Off                         ; Fitter               ; -                    ; -                   ;
; VGA_B[2]      ; AH15  ; 3B       ; 38           ; 0            ; 17           ; no              ; no                     ; 1         ; no              ; no         ; no            ; no       ; Off          ; 2.5 V        ; Default          ; Series 50 Ohm without Calibration ; --                        ; no                         ; no                          ; 0                   ; Off                         ; Fitter               ; -                    ; -                   ;
; VGA_B[3]      ; W15   ; 3B       ; 40           ; 0            ; 0            ; no              ; no                     ; 1         ; no              ; no         ; no            ; no       ; Off          ; 2.5 V        ; Default          ; Series 50 Ohm without Calibration ; --                        ; no                         ; no                          ; 0                   ; Off                         ; Fitter               ; -                    ; -                   ;
; VGA_CLK       ; AA20  ; 4A       ; 84           ; 0            ; 17           ; no              ; no                     ; 1         ; no              ; no         ; no            ; no       ; Off          ; 2.5 V        ; Default          ; Series 50 Ohm without Calibration ; --                        ; no                         ; no                          ; 0                   ; Off                         ; Fitter               ; -                    ; -                   ;
; VGA_G[0]      ; AK11  ; 3B       ; 34           ; 0            ; 57           ; no              ; no                     ; 1         ; no              ; no         ; no            ; no       ; Off          ; 2.5 V        ; Default          ; Series 50 Ohm without Calibration ; --                        ; no                         ; no                          ; 0                   ; Off                         ; Fitter               ; -                    ; -                   ;
; VGA_G[1]      ; AJ12  ; 3B       ; 38           ; 0            ; 51           ; no              ; no                     ; 1         ; no              ; no         ; no            ; no       ; Off          ; 2.5 V        ; Default          ; Series 50 Ohm without Calibration ; --                        ; no                         ; no                          ; 0                   ; Off                         ; Fitter               ; -                    ; -                   ;
; VGA_G[2]      ; AK14  ; 3B       ; 40           ; 0            ; 51           ; no              ; no                     ; 1         ; no              ; no         ; no            ; no       ; Off          ; 2.5 V        ; Default          ; Series 50 Ohm without Calibration ; --                        ; no                         ; no                          ; 0                   ; Off                         ; Fitter               ; -                    ; -                   ;
; VGA_G[3]      ; AH10  ; 3B       ; 34           ; 0            ; 74           ; no              ; no                     ; 1         ; no              ; no         ; no            ; no       ; Off          ; 2.5 V        ; Default          ; Series 50 Ohm without Calibration ; --                        ; no                         ; no                          ; 0                   ; Off                         ; Fitter               ; -                    ; -                   ;
; VGA_HS        ; AH7   ; 3B       ; 32           ; 0            ; 34           ; no              ; no                     ; 1         ; no              ; no         ; no            ; no       ; Off          ; 2.5 V        ; Default          ; Series 50 Ohm without Calibration ; --                        ; no                         ; no                          ; 0                   ; Off                         ; Fitter               ; -                    ; -                   ;
; VGA_R[0]      ; AA15  ; 3B       ; 36           ; 0            ; 17           ; no              ; no                     ; 1         ; no              ; no         ; no            ; no       ; Off          ; 2.5 V        ; Default          ; Series 50 Ohm without Calibration ; --                        ; no                         ; no                          ; 0                   ; Off                         ; Fitter               ; -                    ; -                   ;
; VGA_R[1]      ; AG15  ; 3B       ; 38           ; 0            ; 0            ; no              ; no                     ; 1         ; no              ; no         ; no            ; no       ; Off          ; 2.5 V        ; Default          ; Series 50 Ohm without Calibration ; --                        ; no                         ; no                          ; 0                   ; Off                         ; Fitter               ; -                    ; -                   ;
; VGA_R[2]      ; Y16   ; 3B       ; 40           ; 0            ; 17           ; no              ; no                     ; 1         ; no              ; no         ; no            ; no       ; Off          ; 2.5 V        ; Default          ; Series 50 Ohm without Calibration ; --                        ; no                         ; no                          ; 0                   ; Off                         ; Fitter               ; -                    ; -                   ;
; VGA_R[3]      ; AK13  ; 3B       ; 36           ; 0            ; 51           ; no              ; no                     ; 1         ; no              ; no         ; no            ; no       ; Off          ; 2.5 V        ; Default          ; Series 50 Ohm without Calibration ; --                        ; no                         ; no                          ; 0                   ; Off                         ; Fitter               ; -                    ; -                   ;
; VGA_SYNC_N    ; Y23   ; 5A       ; 89           ; 13           ; 3            ; no              ; no                     ; 1         ; no              ; no         ; no            ; no       ; Off          ; 2.5 V        ; Default          ; Series 50 Ohm without Calibration ; --                        ; no                         ; no                          ; 0                   ; Off                         ; Fitter               ; -                    ; -                   ;
; VGA_VS        ; AH13  ; 3B       ; 30           ; 0            ; 0            ; no              ; no                     ; 1         ; no              ; no         ; no            ; no       ; Off          ; 2.5 V        ; Default          ; Series 50 Ohm without Calibration ; --                        ; no                         ; no                          ; 0                   ; Off                         ; Fitter               ; -                    ; -                   ;
+---------------+-------+----------+--------------+--------------+--------------+-----------------+------------------------+-----------+-----------------+------------+---------------+----------+--------------+--------------+------------------+-----------------------------------+---------------------------+----------------------------+-----------------------------+---------------------+-----------------------------+----------------------+----------------------+---------------------+


+-----------------------------------------------------------------------------------------------------------------------------------------------------------------------------------------------------------------------------------------------------------------------------------------------------------------------------------------------------------------------------------------------------------------------------------------------------------------------------------------------------------------------------------------------------------------------------------------------------------------+
; Bidir Pins                                                                                                                                                                                                                                                                                                                                                                                                                                                                                                                                                                                                      ;
+-------------+-------+----------+--------------+--------------+--------------+-----------------------+--------------------+--------+----------------+-----------------+------------------------+-----------+-----------------+------------+----------+--------------+--------------+------------------+-------------------+-----------------------------------+---------------------------+----------------------------+---------------------+-----------------------------+----------------------+----------------------+---------------------------------------------------------------------------------------+
; Name        ; Pin # ; I/O Bank ; X coordinate ; Y coordinate ; Z coordinate ; Combinational Fan-Out ; Registered Fan-Out ; Global ; Input Register ; Output Register ; Output Enable Register ; Slew Rate ; PCI I/O Enabled ; Open Drain ; Bus Hold ; Weak Pull Up ; I/O Standard ; Current Strength ; Input Termination ; Output Termination                ; Termination Control Block ; Output Buffer Pre-emphasis ; Output Buffer Delay ; Output Buffer Delay Control ; Location assigned by ; Output Enable Source ; Output Enable Group                                                                   ;
+-------------+-------+----------+--------------+--------------+--------------+-----------------------+--------------------+--------+----------------+-----------------+------------------------+-----------+-----------------+------------+----------+--------------+--------------+------------------+-------------------+-----------------------------------+---------------------------+----------------------------+---------------------+-----------------------------+----------------------+----------------------+---------------------------------------------------------------------------------------+
; CAM_SIOD    ; AA21  ; 4A       ; 88           ; 0            ; 1            ; 0                     ; 0                  ; no     ; no             ; no              ; no                     ; 1         ; no              ; no         ; no       ; Off          ; 2.5 V        ; Default          ; Off               ; Series 50 Ohm without Calibration ; --                        ; no                         ; 0                   ; Off                         ; User                 ; 0 pF                 ; ov7670_config:u_ov7670_config|sccb_master:u_sccb|siod_oe                              ;
; DRAM_DQ[0]  ; AK2   ; 3B       ; 20           ; 0            ; 34           ; 0                     ; 1                  ; no     ; yes            ; yes             ; yes                    ; 1         ; no              ; no         ; no       ; Off          ; 2.5 V        ; Default          ; Off               ; Series 50 Ohm without Calibration ; --                        ; no                         ; 0                   ; Off                         ; Fitter               ; 0 pF                 ; system:u_system|system_new_sdram_controller_0:new_sdram_controller_0|oe               ;
; DRAM_DQ[10] ; AE13  ; 3B       ; 22           ; 0            ; 0            ; 0                     ; 1                  ; no     ; yes            ; yes             ; yes                    ; 1         ; no              ; no         ; no       ; Off          ; 2.5 V        ; Default          ; Off               ; Series 50 Ohm without Calibration ; --                        ; no                         ; 0                   ; Off                         ; Fitter               ; 0 pF                 ; system:u_system|system_new_sdram_controller_0:new_sdram_controller_0|oe~_Duplicate_10 ;
; DRAM_DQ[11] ; AA13  ; 3B       ; 20           ; 0            ; 0            ; 0                     ; 1                  ; no     ; yes            ; yes             ; yes                    ; 1         ; no              ; no         ; no       ; Off          ; 2.5 V        ; Default          ; Off               ; Series 50 Ohm without Calibration ; --                        ; no                         ; 0                   ; Off                         ; Fitter               ; 0 pF                 ; system:u_system|system_new_sdram_controller_0:new_sdram_controller_0|oe~_Duplicate_11 ;
; DRAM_DQ[12] ; AE14  ; 3B       ; 24           ; 0            ; 17           ; 0                     ; 1                  ; no     ; yes            ; yes             ; yes                    ; 1         ; no              ; no         ; no       ; Off          ; 2.5 V        ; Default          ; Off               ; Series 50 Ohm without Calibration ; --                        ; no                         ; 0                   ; Off                         ; Fitter               ; 0 pF                 ; system:u_system|system_new_sdram_controller_0:new_sdram_controller_0|oe~_Duplicate_12 ;
; DRAM_DQ[13] ; AB13  ; 3B       ; 20           ; 0            ; 17           ; 0                     ; 1                  ; no     ; yes            ; yes             ; yes                    ; 1         ; no              ; no         ; no       ; Off          ; 2.5 V        ; Default          ; Off               ; Series 50 Ohm without Calibration ; --                        ; no                         ; 0                   ; Off                         ; Fitter               ; 0 pF                 ; system:u_system|system_new_sdram_controller_0:new_sdram_controller_0|oe~_Duplicate_13 ;
; DRAM_DQ[14] ; AH9   ; 3B       ; 18           ; 0            ; 91           ; 0                     ; 1                  ; no     ; yes            ; yes             ; yes                    ; 1         ; no              ; no         ; no       ; Off          ; 2.5 V        ; Default          ; Off               ; Series 50 Ohm without Calibration ; --                        ; no                         ; 0                   ; Off                         ; Fitter               ; 0 pF                 ; system:u_system|system_new_sdram_controller_0:new_sdram_controller_0|oe~_Duplicate_14 ;
; DRAM_DQ[15] ; AF13  ; 3B       ; 22           ; 0            ; 17           ; 0                     ; 1                  ; no     ; yes            ; yes             ; yes                    ; 1         ; no              ; no         ; no       ; Off          ; 2.5 V        ; Default          ; Off               ; Series 50 Ohm without Calibration ; --                        ; no                         ; 0                   ; Off                         ; Fitter               ; 0 pF                 ; system:u_system|system_new_sdram_controller_0:new_sdram_controller_0|oe~_Duplicate_15 ;
; DRAM_DQ[1]  ; AK3   ; 3B       ; 20           ; 0            ; 51           ; 0                     ; 1                  ; no     ; yes            ; yes             ; yes                    ; 1         ; no              ; no         ; no       ; Off          ; 2.5 V        ; Default          ; Off               ; Series 50 Ohm without Calibration ; --                        ; no                         ; 0                   ; Off                         ; Fitter               ; 0 pF                 ; system:u_system|system_new_sdram_controller_0:new_sdram_controller_0|oe~_Duplicate_1  ;
; DRAM_DQ[2]  ; AJ4   ; 3B       ; 22           ; 0            ; 34           ; 0                     ; 1                  ; no     ; yes            ; yes             ; yes                    ; 1         ; no              ; no         ; no       ; Off          ; 2.5 V        ; Default          ; Off               ; Series 50 Ohm without Calibration ; --                        ; no                         ; 0                   ; Off                         ; Fitter               ; 0 pF                 ; system:u_system|system_new_sdram_controller_0:new_sdram_controller_0|oe~_Duplicate_2  ;
; DRAM_DQ[3]  ; AK4   ; 3B       ; 22           ; 0            ; 51           ; 0                     ; 1                  ; no     ; yes            ; yes             ; yes                    ; 1         ; no              ; no         ; no       ; Off          ; 2.5 V        ; Default          ; Off               ; Series 50 Ohm without Calibration ; --                        ; no                         ; 0                   ; Off                         ; Fitter               ; 0 pF                 ; system:u_system|system_new_sdram_controller_0:new_sdram_controller_0|oe~_Duplicate_3  ;
; DRAM_DQ[4]  ; AK6   ; 3B       ; 24           ; 0            ; 51           ; 0                     ; 1                  ; no     ; yes            ; yes             ; yes                    ; 1         ; no              ; no         ; no       ; Off          ; 2.5 V        ; Default          ; Off               ; Series 50 Ohm without Calibration ; --                        ; no                         ; 0                   ; Off                         ; Fitter               ; 0 pF                 ; system:u_system|system_new_sdram_controller_0:new_sdram_controller_0|oe~_Duplicate_4  ;
; DRAM_DQ[5]  ; AD12  ; 3A       ; 16           ; 0            ; 17           ; 0                     ; 1                  ; no     ; yes            ; yes             ; yes                    ; 1         ; no              ; no         ; no       ; Off          ; 2.5 V        ; Default          ; Off               ; Series 50 Ohm without Calibration ; --                        ; no                         ; 0                   ; Off                         ; Fitter               ; 0 pF                 ; system:u_system|system_new_sdram_controller_0:new_sdram_controller_0|oe~_Duplicate_5  ;
; DRAM_DQ[6]  ; AG11  ; 3B       ; 18           ; 0            ; 57           ; 0                     ; 1                  ; no     ; yes            ; yes             ; yes                    ; 1         ; no              ; no         ; no       ; Off          ; 2.5 V        ; Default          ; Off               ; Series 50 Ohm without Calibration ; --                        ; no                         ; 0                   ; Off                         ; Fitter               ; 0 pF                 ; system:u_system|system_new_sdram_controller_0:new_sdram_controller_0|oe~_Duplicate_6  ;
; DRAM_DQ[7]  ; AF11  ; 3B       ; 18           ; 0            ; 40           ; 0                     ; 1                  ; no     ; yes            ; yes             ; yes                    ; 1         ; no              ; no         ; no       ; Off          ; 2.5 V        ; Default          ; Off               ; Series 50 Ohm without Calibration ; --                        ; no                         ; 0                   ; Off                         ; Fitter               ; 0 pF                 ; system:u_system|system_new_sdram_controller_0:new_sdram_controller_0|oe~_Duplicate_7  ;
; DRAM_DQ[8]  ; AJ5   ; 3B       ; 24           ; 0            ; 34           ; 0                     ; 1                  ; no     ; yes            ; yes             ; yes                    ; 1         ; no              ; no         ; no       ; Off          ; 2.5 V        ; Default          ; Off               ; Series 50 Ohm without Calibration ; --                        ; no                         ; 0                   ; Off                         ; Fitter               ; 0 pF                 ; system:u_system|system_new_sdram_controller_0:new_sdram_controller_0|oe~_Duplicate_8  ;
; DRAM_DQ[9]  ; AG2   ; 3A       ; 16           ; 0            ; 34           ; 0                     ; 1                  ; no     ; yes            ; yes             ; yes                    ; 1         ; no              ; no         ; no       ; Off          ; 2.5 V        ; Default          ; Off               ; Series 50 Ohm without Calibration ; --                        ; no                         ; 0                   ; Off                         ; Fitter               ; 0 pF                 ; system:u_system|system_new_sdram_controller_0:new_sdram_controller_0|oe~_Duplicate_9  ;
+-------------+-------+----------+--------------+--------------+--------------+-----------------------+--------------------+--------+----------------+-----------------+------------------------+-----------+-----------------+------------+----------+--------------+--------------+------------------+-------------------+-----------------------------------+---------------------------+----------------------------+---------------------+-----------------------------+----------------------+----------------------+---------------------------------------------------------------------------------------+


+----------------------------------------------------------------------------+
; I/O Bank Usage                                                             ;
+----------+------------------+---------------+--------------+---------------+
; I/O Bank ; Usage            ; VCCIO Voltage ; VREF Voltage ; VCCPD Voltage ;
+----------+------------------+---------------+--------------+---------------+
; B2L      ; 0 / 0 ( -- )     ; --            ; --           ; --            ;
; B1L      ; 0 / 0 ( -- )     ; --            ; --           ; --            ;
; 3A       ; 9 / 32 ( 28 % )  ; 2.5V          ; --           ; 2.5V          ;
; 3B       ; 45 / 48 ( 94 % ) ; 2.5V          ; --           ; 2.5V          ;
; 4A       ; 16 / 80 ( 20 % ) ; 2.5V          ; --           ; 2.5V          ;
; 5A       ; 2 / 32 ( 6 % )   ; 2.5V          ; --           ; 2.5V          ;
; 5B       ; 0 / 16 ( 0 % )   ; 2.5V          ; --           ; 2.5V          ;
; 6B       ; 0 / 44 ( 0 % )   ; 2.5V          ; --           ; 2.5V          ;
; 6A       ; 0 / 56 ( 0 % )   ; 2.5V          ; --           ; 2.5V          ;
; 7A       ; 0 / 19 ( 0 % )   ; 2.5V          ; --           ; 2.5V          ;
; 7B       ; 0 / 22 ( 0 % )   ; 2.5V          ; --           ; 2.5V          ;
; 7C       ; 0 / 12 ( 0 % )   ; 2.5V          ; --           ; 2.5V          ;
; 7D       ; 0 / 14 ( 0 % )   ; 2.5V          ; --           ; 2.5V          ;
; 8A       ; 1 / 80 ( 1 % )   ; 2.5V          ; --           ; 2.5V          ;
+----------+------------------+---------------+--------------+---------------+


+-----------------------------------------------------------------------------------------------------------------------------------------------------------------------------------+
; All Package Pins                                                                                                                                                                  ;
+----------+------------+----------------+---------------------------------+--------+--------------+---------------------+--------------+-----------------+----------+--------------+
; Location ; Pad Number ; I/O Bank       ; Pin Name/Usage                  ; Dir.   ; I/O Standard ; Voltage             ; I/O Type     ; User Assignment ; Bus Hold ; Weak Pull Up ;
+----------+------------+----------------+---------------------------------+--------+--------------+---------------------+--------------+-----------------+----------+--------------+
; A2       ;            ;                ; GND                             ; gnd    ;              ;                     ; --           ;                 ; --       ; --           ;
; A3       ; 493        ; 8A             ; RESERVED_INPUT_WITH_WEAK_PULLUP ;        ;              ;                     ; Column I/O   ;                 ; no       ; On           ;
; A4       ; 491        ; 8A             ; RESERVED_INPUT_WITH_WEAK_PULLUP ;        ;              ;                     ; Column I/O   ;                 ; no       ; On           ;
; A5       ; 489        ; 8A             ; RESERVED_INPUT_WITH_WEAK_PULLUP ;        ;              ;                     ; Column I/O   ;                 ; no       ; On           ;
; A6       ; 487        ; 8A             ; RESERVED_INPUT_WITH_WEAK_PULLUP ;        ;              ;                     ; Column I/O   ;                 ; no       ; On           ;
; A7       ;            ; 8A             ; VCCIO8A                         ; power  ;              ; 2.5V                ; --           ;                 ; --       ; --           ;
; A8       ; 473        ; 8A             ; RESERVED_INPUT_WITH_WEAK_PULLUP ;        ;              ;                     ; Column I/O   ;                 ; no       ; On           ;
; A9       ; 471        ; 8A             ; RESERVED_INPUT_WITH_WEAK_PULLUP ;        ;              ;                     ; Column I/O   ;                 ; no       ; On           ;
; A10      ; 465        ; 8A             ; RESERVED_INPUT_WITH_WEAK_PULLUP ;        ;              ;                     ; Column I/O   ;                 ; no       ; On           ;
; A11      ; 463        ; 8A             ; RESERVED_INPUT_WITH_WEAK_PULLUP ;        ;              ;                     ; Column I/O   ;                 ; no       ; On           ;
; A12      ;            ;                ; GND                             ; gnd    ;              ;                     ; --           ;                 ; --       ; --           ;
; A13      ; 461        ; 8A             ; RESERVED_INPUT_WITH_WEAK_PULLUP ;        ;              ;                     ; Column I/O   ;                 ; no       ; On           ;
; A14      ; 455        ; 7D             ; RESERVED_INPUT_WITH_WEAK_PULLUP ;        ;              ;                     ; Column I/O   ;                 ; no       ; On           ;
; A15      ; 447        ; 7D             ; RESERVED_INPUT_WITH_WEAK_PULLUP ;        ;              ;                     ; Column I/O   ;                 ; no       ; On           ;
; A16      ; 439        ; 7C             ; RESERVED_INPUT_WITH_WEAK_PULLUP ;        ;              ;                     ; Column I/O   ;                 ; no       ; On           ;
; A17      ;            ;                ; GND                             ; gnd    ;              ;                     ; --           ;                 ; --       ; --           ;
; A18      ; 425        ; 7B             ; RESERVED_INPUT_WITH_WEAK_PULLUP ;        ;              ;                     ; Column I/O   ;                 ; no       ; On           ;
; A19      ; 423        ; 7B             ; RESERVED_INPUT_WITH_WEAK_PULLUP ;        ;              ;                     ; Column I/O   ;                 ; no       ; On           ;
; A20      ; 415        ; 7B             ; RESERVED_INPUT_WITH_WEAK_PULLUP ;        ;              ;                     ; Column I/O   ;                 ; no       ; On           ;
; A21      ; 411        ; 7B             ; RESERVED_INPUT_WITH_WEAK_PULLUP ;        ;              ;                     ; Column I/O   ;                 ; no       ; On           ;
; A22      ;            ;                ; GND                             ; gnd    ;              ;                     ; --           ;                 ; --       ; --           ;
; A23      ; 395        ; 7A             ; RESERVED_INPUT_WITH_WEAK_PULLUP ;        ;              ;                     ; Column I/O   ;                 ; no       ; On           ;
; A24      ; 391        ; 7A             ; RESERVED_INPUT_WITH_WEAK_PULLUP ;        ;              ;                     ; Column I/O   ;                 ; no       ; On           ;
; A25      ; 389        ; 7A             ; RESERVED_INPUT_WITH_WEAK_PULLUP ;        ;              ;                     ; Column I/O   ;                 ; no       ; On           ;
; A26      ; 382        ; 7A             ; ^GND                            ;        ;              ;                     ; --           ;                 ; --       ; --           ;
; A27      ;            ;                ; GND                             ; gnd    ;              ;                     ; --           ;                 ; --       ; --           ;
; A28      ; 380        ; 7A             ; ^HPS_TRST                       ;        ;              ;                     ; --           ;                 ; --       ; --           ;
; A29      ; 378        ; 7A             ; ^HPS_TMS                        ;        ;              ;                     ; --           ;                 ; --       ; --           ;
; AA1      ;            ;                ; GND                             ; gnd    ;              ;                     ; --           ;                 ; --       ; --           ;
; AA2      ;            ;                ; GND                             ; gnd    ;              ;                     ; --           ;                 ; --       ; --           ;
; AA3      ;            ;                ; GND                             ; gnd    ;              ;                     ; --           ;                 ; --       ; --           ;
; AA4      ;            ;                ; GND                             ; gnd    ;              ;                     ; --           ;                 ; --       ; --           ;
; AA5      ;            ; --             ; VCC                             ; power  ;              ; 1.1V                ; --           ;                 ; --       ; --           ;
; AA6      ;            ;                ; GND                             ; gnd    ;              ;                     ; --           ;                 ; --       ; --           ;
; AA7      ;            ;                ; DNU                             ;        ;              ;                     ; --           ;                 ; --       ; --           ;
; AA8      ;            ; --             ; VCCA_FPLL                       ; power  ;              ; 2.5V                ; --           ;                 ; --       ; --           ;
; AA9      ;            ;                ; GND                             ; gnd    ;              ;                     ; --           ;                 ; --       ; --           ;
; AA10     ;            ; 3A             ; VCCPD3A                         ; power  ;              ; 2.5V                ; --           ;                 ; --       ; --           ;
; AA11     ;            ;                ; GND                             ; gnd    ;              ;                     ; --           ;                 ; --       ; --           ;
; AA12     ; 74         ; 3A             ; RESERVED_INPUT_WITH_WEAK_PULLUP ;        ;              ;                     ; Column I/O   ;                 ; no       ; On           ;
; AA13     ; 90         ; 3B             ; DRAM_DQ[11]                     ; bidir  ; 2.5 V        ;                     ; Column I/O   ; N               ; no       ; Off          ;
; AA14     ; 122        ; 3B             ; KEY[0]                          ; input  ; 2.5 V        ;                     ; Column I/O   ; Y               ; no       ; Off          ;
; AA15     ; 120        ; 3B             ; VGA_R[0]                        ; output ; 2.5 V        ;                     ; Column I/O   ; N               ; no       ; Off          ;
; AA16     ; 146        ; 4A             ; RESERVED_INPUT_WITH_WEAK_PULLUP ;        ;              ;                     ; Column I/O   ;                 ; no       ; On           ;
; AA17     ;            ; 4A             ; VCCIO4A                         ; power  ;              ; 2.5V                ; --           ;                 ; --       ; --           ;
; AA18     ; 168        ; 4A             ; RESERVED_INPUT_WITH_WEAK_PULLUP ;        ;              ;                     ; Column I/O   ;                 ; no       ; On           ;
; AA19     ; 176        ; 4A             ; RESERVED_INPUT_WITH_WEAK_PULLUP ;        ;              ;                     ; Column I/O   ;                 ; no       ; On           ;
; AA20     ; 200        ; 4A             ; VGA_CLK                         ; output ; 2.5 V        ;                     ; Column I/O   ; N               ; no       ; Off          ;
; AA21     ; 210        ; 4A             ; CAM_SIOD                        ; bidir  ; 2.5 V        ;                     ; Column I/O   ; Y               ; no       ; Off          ;
; AA22     ;            ;                ; GND                             ; gnd    ;              ;                     ; --           ;                 ; --       ; --           ;
; AA23     ;            ; --             ; VCCPGM                          ; power  ;              ; 1.8V/2.5V/3.0V/3.3V ; --           ;                 ; --       ; --           ;
; AA24     ; 228        ; 5A             ; RESERVED_INPUT_WITH_WEAK_PULLUP ;        ;              ;                     ; Row I/O      ;                 ; no       ; On           ;
; AA25     ; 224        ; 5A             ; RESERVED_INPUT_WITH_WEAK_PULLUP ;        ;              ;                     ; Row I/O      ;                 ; no       ; On           ;
; AA26     ; 252        ; 5B             ; RESERVED_INPUT_WITH_WEAK_PULLUP ;        ;              ;                     ; Row I/O      ;                 ; no       ; On           ;
; AA27     ;            ; 5B             ; VCCIO5B                         ; power  ;              ; 2.5V                ; --           ;                 ; --       ; --           ;
; AA28     ; 251        ; 5B             ; RESERVED_INPUT_WITH_WEAK_PULLUP ;        ;              ;                     ; Row I/O      ;                 ; no       ; On           ;
; AA29     ;            ; 5B             ; VREFB5BN0                       ; power  ;              ;                     ; --           ;                 ; --       ; --           ;
; AA30     ; 250        ; 5B             ; RESERVED_INPUT_WITH_WEAK_PULLUP ;        ;              ;                     ; Row I/O      ;                 ; no       ; On           ;
; AB1      ;            ;                ; GND                             ; gnd    ;              ;                     ; --           ;                 ; --       ; --           ;
; AB2      ;            ;                ; GND                             ; gnd    ;              ;                     ; --           ;                 ; --       ; --           ;
; AB3      ;            ;                ; DNU                             ;        ;              ;                     ; --           ;                 ; --       ; --           ;
; AB4      ;            ;                ; DNU                             ;        ;              ;                     ; --           ;                 ; --       ; --           ;
; AB5      ;            ;                ; GND                             ; gnd    ;              ;                     ; --           ;                 ; --       ; --           ;
; AB6      ;            ; --             ; VCCA_FPLL                       ; power  ;              ; 2.5V                ; --           ;                 ; --       ; --           ;
; AB7      ;            ;                ; GND                             ; gnd    ;              ;                     ; --           ;                 ; --       ; --           ;
; AB8      ; 43         ; 3A             ; ^nCSO, DATA4                    ;        ;              ;                     ; Weak Pull Up ;                 ; --       ; On           ;
; AB9      ; 42         ; 3A             ; altera_reserved_tdo             ; output ; 2.5 V        ;                     ; --           ; N               ; no       ; Off          ;
; AB10     ;            ; --             ; VCCPGM                          ; power  ;              ; 1.8V/2.5V/3.0V/3.3V ; --           ;                 ; --       ; --           ;
; AB11     ;            ; --             ; VCC_AUX                         ; power  ;              ; 2.5V                ; --           ;                 ; --       ; --           ;
; AB12     ; 72         ; 3A             ; RESERVED_INPUT_WITH_WEAK_PULLUP ;        ;              ;                     ; Column I/O   ;                 ; no       ; On           ;
; AB13     ; 88         ; 3B             ; DRAM_DQ[13]                     ; bidir  ; 2.5 V        ;                     ; Column I/O   ; N               ; no       ; Off          ;
; AB14     ;            ; 3B             ; VCCIO3B                         ; power  ;              ; 2.5V                ; --           ;                 ; --       ; --           ;
; AB15     ; 106        ; 3B             ; DRAM_CAS_N                      ; output ; 2.5 V        ;                     ; Column I/O   ; N               ; no       ; Off          ;
; AB16     ;            ; --             ; VCC_AUX                         ; power  ;              ; 2.5V                ; --           ;                 ; --       ; --           ;
; AB17     ; 144        ; 4A             ; CAM_SIOC                        ; output ; 2.5 V        ;                     ; Column I/O   ; Y               ; no       ; Off          ;
; AB18     ;            ; 3B, 4A         ; VCCPD3B4A                       ; power  ;              ; 2.5V                ; --           ;                 ; --       ; --           ;
; AB19     ;            ;                ; GND                             ; gnd    ;              ;                     ; --           ;                 ; --       ; --           ;
; AB20     ;            ; 3B, 4A         ; VCCPD3B4A                       ; power  ;              ; 2.5V                ; --           ;                 ; --       ; --           ;
; AB21     ; 208        ; 4A             ; CAM_VSYNC                       ; input  ; 2.5 V        ;                     ; Column I/O   ; Y               ; no       ; Off          ;
; AB22     ; 225        ; 5A             ; RESERVED_INPUT_WITH_WEAK_PULLUP ;        ;              ;                     ; Row I/O      ;                 ; no       ; On           ;
; AB23     ; 227        ; 5A             ; RESERVED_INPUT_WITH_WEAK_PULLUP ;        ;              ;                     ; Row I/O      ;                 ; no       ; On           ;
; AB24     ;            ; 5A             ; VCCIO5A                         ; power  ;              ; 2.5V                ; --           ;                 ; --       ; --           ;
; AB25     ; 230        ; 5A             ; RESERVED_INPUT_WITH_WEAK_PULLUP ;        ;              ;                     ; Row I/O      ;                 ; no       ; On           ;
; AB26     ; 226        ; 5A             ; RESERVED_INPUT_WITH_WEAK_PULLUP ;        ;              ;                     ; Row I/O      ;                 ; no       ; On           ;
; AB27     ; 254        ; 5B             ; RESERVED_INPUT_WITH_WEAK_PULLUP ;        ;              ;                     ; Row I/O      ;                 ; no       ; On           ;
; AB28     ; 249        ; 5B             ; RESERVED_INPUT_WITH_WEAK_PULLUP ;        ;              ;                     ; Row I/O      ;                 ; no       ; On           ;
; AB29     ;            ;                ; GND                             ; gnd    ;              ;                     ; --           ;                 ; --       ; --           ;
; AB30     ; 248        ; 5B             ; RESERVED_INPUT_WITH_WEAK_PULLUP ;        ;              ;                     ; Row I/O      ;                 ; no       ; On           ;
; AC1      ;            ;                ; GND                             ; gnd    ;              ;                     ; --           ;                 ; --       ; --           ;
; AC2      ;            ;                ; GND                             ; gnd    ;              ;                     ; --           ;                 ; --       ; --           ;
; AC3      ;            ;                ; GND                             ; gnd    ;              ;                     ; --           ;                 ; --       ; --           ;
; AC4      ;            ;                ; GND                             ; gnd    ;              ;                     ; --           ;                 ; --       ; --           ;
; AC5      ; 46         ; 3A             ; altera_reserved_tck             ; input  ; 2.5 V        ;                     ; --           ; N               ; no       ; Off          ;
; AC6      ;            ;                ; GND                             ; gnd    ;              ;                     ; --           ;                 ; --       ; --           ;
; AC7      ; 45         ; 3A             ; ^AS_DATA3, DATA3                ;        ;              ;                     ; Weak Pull Up ;                 ; --       ; On           ;
; AC8      ;            ;                ; GND                             ; gnd    ;              ;                     ; --           ;                 ; --       ; --           ;
; AC9      ; 58         ; 3A             ; RESERVED_INPUT_WITH_WEAK_PULLUP ;        ;              ;                     ; Column I/O   ;                 ; no       ; On           ;
; AC10     ;            ; 3A             ; VCCPD3A                         ; power  ;              ; 2.5V                ; --           ;                 ; --       ; --           ;
; AC11     ;            ; 3A             ; VCCIO3A                         ; power  ;              ; 2.5V                ; --           ;                 ; --       ; --           ;
; AC12     ; 82         ; 3A             ; DRAM_BA[1]                      ; output ; 2.5 V        ;                     ; Column I/O   ; N               ; no       ; Off          ;
; AC13     ;            ; 3B, 4A         ; VCCPD3B4A                       ; power  ;              ; 2.5V                ; --           ;                 ; --       ; --           ;
; AC14     ; 104        ; 3B             ; RESERVED_INPUT_WITH_WEAK_PULLUP ;        ;              ;                     ; Column I/O   ;                 ; no       ; On           ;
; AC15     ;            ; 3B, 4A         ; VCCPD3B4A                       ; power  ;              ; 2.5V                ; --           ;                 ; --       ; --           ;
; AC16     ;            ;                ; GND                             ; gnd    ;              ;                     ; --           ;                 ; --       ; --           ;
; AC17     ;            ; 3B, 4A         ; VCCPD3B4A                       ; power  ;              ; 2.5V                ; --           ;                 ; --       ; --           ;
; AC18     ; 162        ; 4A             ; RESERVED_INPUT_WITH_WEAK_PULLUP ;        ;              ;                     ; Column I/O   ;                 ; no       ; On           ;
; AC19     ;            ; 3B, 4A         ; VCCPD3B4A                       ; power  ;              ; 2.5V                ; --           ;                 ; --       ; --           ;
; AC20     ; 186        ; 4A             ; RESERVED_INPUT_WITH_WEAK_PULLUP ;        ;              ;                     ; Column I/O   ;                 ; no       ; On           ;
; AC21     ;            ; 4A             ; VCCIO4A                         ; power  ;              ; 2.5V                ; --           ;                 ; --       ; --           ;
; AC22     ; 207        ; 4A             ; RESERVED_INPUT_WITH_WEAK_PULLUP ;        ;              ;                     ; Column I/O   ;                 ; no       ; On           ;
; AC23     ; 205        ; 4A             ; CAM_HREF                        ; input  ; 2.5 V        ;                     ; Column I/O   ; Y               ; no       ; Off          ;
; AC24     ;            ; 5A             ; VREFB5AN0                       ; power  ;              ;                     ; --           ;                 ; --       ; --           ;
; AC25     ; 215        ; 5A             ; RESERVED_INPUT_WITH_WEAK_PULLUP ;        ;              ;                     ; Row I/O      ;                 ; no       ; On           ;
; AC26     ;            ;                ; GND                             ; gnd    ;              ;                     ; --           ;                 ; --       ; --           ;
; AC27     ; 242        ; 5A             ; RESERVED_INPUT_WITH_WEAK_PULLUP ;        ;              ;                     ; Row I/O      ;                 ; no       ; On           ;
; AC28     ; 245        ; 5B             ; RESERVED_INPUT_WITH_WEAK_PULLUP ;        ;              ;                     ; Row I/O      ;                 ; no       ; On           ;
; AC29     ; 247        ; 5B             ; RESERVED_INPUT_WITH_WEAK_PULLUP ;        ;              ;                     ; Row I/O      ;                 ; no       ; On           ;
; AC30     ; 259        ; 5B             ; RESERVED_INPUT_WITH_WEAK_PULLUP ;        ;              ;                     ; Row I/O      ;                 ; no       ; On           ;
; AD1      ;            ;                ; GND                             ; gnd    ;              ;                     ; --           ;                 ; --       ; --           ;
; AD2      ;            ;                ; GND                             ; gnd    ;              ;                     ; --           ;                 ; --       ; --           ;
; AD3      ;            ;                ; DNU                             ;        ;              ;                     ; --           ;                 ; --       ; --           ;
; AD4      ;            ;                ; DNU                             ;        ;              ;                     ; --           ;                 ; --       ; --           ;
; AD5      ;            ;                ; GND                             ; gnd    ;              ;                     ; --           ;                 ; --       ; --           ;
; AD6      ;            ; 3A             ; VREFB3AN0                       ; power  ;              ;                     ; --           ;                 ; --       ; --           ;
; AD7      ; 62         ; 3A             ; RESERVED_INPUT_WITH_WEAK_PULLUP ;        ;              ;                     ; Column I/O   ;                 ; no       ; On           ;
; AD8      ;            ; 3A             ; VCCIO3A                         ; power  ;              ; 2.5V                ; --           ;                 ; --       ; --           ;
; AD9      ; 55         ; 3A             ; RESERVED_INPUT_WITH_WEAK_PULLUP ;        ;              ;                     ; Column I/O   ;                 ; no       ; On           ;
; AD10     ; 56         ; 3A             ; RESERVED_INPUT_WITH_WEAK_PULLUP ;        ;              ;                     ; Column I/O   ;                 ; no       ; On           ;
; AD11     ; 54         ; 3A             ; RESERVED_INPUT_WITH_WEAK_PULLUP ;        ;              ;                     ; Column I/O   ;                 ; no       ; On           ;
; AD12     ; 80         ; 3A             ; DRAM_DQ[5]                      ; bidir  ; 2.5 V        ;                     ; Column I/O   ; N               ; no       ; Off          ;
; AD13     ;            ; 3B             ; VCCIO3B                         ; power  ;              ; 2.5V                ; --           ;                 ; --       ; --           ;
; AD14     ; 98         ; 3B             ; DRAM_ADDR[1]                    ; output ; 2.5 V        ;                     ; Column I/O   ; N               ; no       ; Off          ;
; AD15     ;            ;                ; DNU                             ;        ;              ;                     ; --           ;                 ; --       ; --           ;
; AD16     ;            ; 3B, 4A         ; VCCPD3B4A                       ; power  ;              ; 2.5V                ; --           ;                 ; --       ; --           ;
; AD17     ; 160        ; 4A             ; RESERVED_INPUT_WITH_WEAK_PULLUP ;        ;              ;                     ; Column I/O   ;                 ; no       ; On           ;
; AD18     ;            ; 4A             ; VCCIO4A                         ; power  ;              ; 2.5V                ; --           ;                 ; --       ; --           ;
; AD19     ; 184        ; 4A             ; RESERVED_INPUT_WITH_WEAK_PULLUP ;        ;              ;                     ; Column I/O   ;                 ; no       ; On           ;
; AD20     ; 199        ; 4A             ; RESERVED_INPUT_WITH_WEAK_PULLUP ;        ;              ;                     ; Column I/O   ;                 ; no       ; On           ;
; AD21     ; 197        ; 4A             ; RESERVED_INPUT_WITH_WEAK_PULLUP ;        ;              ;                     ; Column I/O   ;                 ; no       ; On           ;
; AD22     ;            ; --             ; VCC_AUX                         ; power  ;              ; 2.5V                ; --           ;                 ; --       ; --           ;
; AD23     ;            ;                ; GND                             ; gnd    ;              ;                     ; --           ;                 ; --       ; --           ;
; AD24     ; 211        ; 4A             ; CAM_PCLK                        ; input  ; 2.5 V        ;                     ; Column I/O   ; Y               ; no       ; Off          ;
; AD25     ; 213        ; 5A             ; RESERVED_INPUT_WITH_WEAK_PULLUP ;        ;              ;                     ; Row I/O      ;                 ; no       ; On           ;
; AD26     ; 240        ; 5A             ; RESERVED_INPUT_WITH_WEAK_PULLUP ;        ;              ;                     ; Row I/O      ;                 ; no       ; On           ;
; AD27     ; 222        ; 5A             ; RESERVED_INPUT_WITH_WEAK_PULLUP ;        ;              ;                     ; Row I/O      ;                 ; no       ; On           ;
; AD28     ;            ; 5A             ; VCCIO5A                         ; power  ;              ; 2.5V                ; --           ;                 ; --       ; --           ;
; AD29     ; 255        ; 5B             ; RESERVED_INPUT_WITH_WEAK_PULLUP ;        ;              ;                     ; Row I/O      ;                 ; no       ; On           ;
; AD30     ; 257        ; 5B             ; RESERVED_INPUT_WITH_WEAK_PULLUP ;        ;              ;                     ; Row I/O      ;                 ; no       ; On           ;
; AE1      ;            ;                ; GND                             ; gnd    ;              ;                     ; --           ;                 ; --       ; --           ;
; AE2      ;            ;                ; GND                             ; gnd    ;              ;                     ; --           ;                 ; --       ; --           ;
; AE3      ;            ;                ; GND                             ; gnd    ;              ;                     ; --           ;                 ; --       ; --           ;
; AE4      ;            ;                ; GND                             ; gnd    ;              ;                     ; --           ;                 ; --       ; --           ;
; AE5      ; 49         ; 3A             ; ^AS_DATA1, DATA1                ;        ;              ;                     ; Weak Pull Up ;                 ; --       ; On           ;
; AE6      ; 51         ; 3A             ; ^AS_DATA0, ASDO, DATA0          ;        ;              ;                     ; Weak Pull Up ;                 ; --       ; On           ;
; AE7      ; 60         ; 3A             ; RESERVED_INPUT_WITH_WEAK_PULLUP ;        ;              ;                     ; Column I/O   ;                 ; no       ; On           ;
; AE8      ; 47         ; 3A             ; ^AS_DATA2, DATA2                ;        ;              ;                     ; Weak Pull Up ;                 ; --       ; On           ;
; AE9      ; 53         ; 3A             ; RESERVED_INPUT_WITH_WEAK_PULLUP ;        ;              ;                     ; Column I/O   ;                 ; no       ; On           ;
; AE10     ;            ;                ; GND                             ; gnd    ;              ;                     ; --           ;                 ; --       ; --           ;
; AE11     ; 59         ; 3A             ; RESERVED_INPUT_WITH_WEAK_PULLUP ;        ;              ;                     ; Column I/O   ;                 ; no       ; On           ;
; AE12     ; 52         ; 3A             ; RESERVED_INPUT_WITH_WEAK_PULLUP ;        ;              ;                     ; Column I/O   ;                 ; no       ; On           ;
; AE13     ; 95         ; 3B             ; DRAM_DQ[10]                     ; bidir  ; 2.5 V        ;                     ; Column I/O   ; N               ; no       ; Off          ;
; AE14     ; 96         ; 3B             ; DRAM_DQ[12]                     ; bidir  ; 2.5 V        ;                     ; Column I/O   ; N               ; no       ; Off          ;
; AE15     ;            ; 3B             ; VCCIO3B                         ; power  ;              ; 2.5V                ; --           ;                 ; --       ; --           ;
; AE16     ; 139        ; 4A             ; RESERVED_INPUT_WITH_WEAK_PULLUP ;        ;              ;                     ; Column I/O   ;                 ; no       ; On           ;
; AE17     ; 135        ; 4A             ; RESERVED_INPUT_WITH_WEAK_PULLUP ;        ;              ;                     ; Column I/O   ;                 ; no       ; On           ;
; AE18     ; 167        ; 4A             ; RESERVED_INPUT_WITH_WEAK_PULLUP ;        ;              ;                     ; Column I/O   ;                 ; no       ; On           ;
; AE19     ; 165        ; 4A             ; RESERVED_INPUT_WITH_WEAK_PULLUP ;        ;              ;                     ; Column I/O   ;                 ; no       ; On           ;
; AE20     ;            ;                ; GND                             ; gnd    ;              ;                     ; --           ;                 ; --       ; --           ;
; AE21     ;            ; 3B, 4A         ; VCCPD3B4A                       ; power  ;              ; 2.5V                ; --           ;                 ; --       ; --           ;
; AE22     ; 191        ; 4A             ; RESERVED_INPUT_WITH_WEAK_PULLUP ;        ;              ;                     ; Column I/O   ;                 ; no       ; On           ;
; AE23     ; 189        ; 4A             ; CAM_XCLK                        ; output ; 2.5 V        ;                     ; Column I/O   ; Y               ; no       ; Off          ;
; AE24     ; 209        ; 4A             ; CAM_DIN[7]                      ; input  ; 2.5 V        ;                     ; Column I/O   ; Y               ; no       ; Off          ;
; AE25     ;            ; 4A             ; VCCIO4A                         ; power  ;              ; 2.5V                ; --           ;                 ; --       ; --           ;
; AE26     ; 220        ; 5A             ; RESERVED_INPUT_WITH_WEAK_PULLUP ;        ;              ;                     ; Row I/O      ;                 ; no       ; On           ;
; AE27     ; 229        ; 5A             ; RESERVED_INPUT_WITH_WEAK_PULLUP ;        ;              ;                     ; Row I/O      ;                 ; no       ; On           ;
; AE28     ; 231        ; 5A             ; RESERVED_INPUT_WITH_WEAK_PULLUP ;        ;              ;                     ; Row I/O      ;                 ; no       ; On           ;
; AE29     ; 253        ; 5B             ; RESERVED_INPUT_WITH_WEAK_PULLUP ;        ;              ;                     ; Row I/O      ;                 ; no       ; On           ;
; AE30     ;            ; 5B             ; VCCIO5B                         ; power  ;              ; 2.5V                ; --           ;                 ; --       ; --           ;
; AF1      ;            ;                ; GND                             ; gnd    ;              ;                     ; --           ;                 ; --       ; --           ;
; AF2      ;            ;                ; GND                             ; gnd    ;              ;                     ; --           ;                 ; --       ; --           ;
; AF3      ;            ;                ; GND                             ; gnd    ;              ;                     ; --           ;                 ; --       ; --           ;
; AF4      ; 66         ; 3A             ; DRAM_CS_N                       ; output ; 2.5 V        ;                     ; Column I/O   ; N               ; no       ; Off          ;
; AF5      ; 64         ; 3A             ; RESERVED_INPUT_WITH_WEAK_PULLUP ;        ;              ;                     ; Column I/O   ;                 ; no       ; On           ;
; AF6      ; 75         ; 3A             ; RESERVED_INPUT_WITH_WEAK_PULLUP ;        ;              ;                     ; Column I/O   ;                 ; no       ; On           ;
; AF7      ;            ; 3A             ; VCCIO3A                         ; power  ;              ; 2.5V                ; --           ;                 ; --       ; --           ;
; AF8      ; 70         ; 3A             ; RESERVED_INPUT_WITH_WEAK_PULLUP ;        ;              ;                     ; Column I/O   ;                 ; no       ; On           ;
; AF9      ; 67         ; 3A             ; RESERVED_INPUT_WITH_WEAK_PULLUP ;        ;              ;                     ; Column I/O   ;                 ; no       ; On           ;
; AF10     ; 57         ; 3A             ; RESERVED_INPUT_WITH_WEAK_PULLUP ;        ;              ;                     ; Column I/O   ;                 ; no       ; On           ;
; AF11     ; 87         ; 3B             ; DRAM_DQ[7]                      ; bidir  ; 2.5 V        ;                     ; Column I/O   ; N               ; no       ; Off          ;
; AF12     ;            ;                ; GND                             ; gnd    ;              ;                     ; --           ;                 ; --       ; --           ;
; AF13     ; 93         ; 3B             ; DRAM_DQ[15]                     ; bidir  ; 2.5 V        ;                     ; Column I/O   ; N               ; no       ; Off          ;
; AF14     ; 114        ; 3B             ; CLOCK_50                        ; input  ; 2.5 V        ;                     ; Column I/O   ; N               ; no       ; Off          ;
; AF15     ; 112        ; 3B             ; DRAM_ADDR[5]                    ; output ; 2.5 V        ;                     ; Column I/O   ; N               ; no       ; Off          ;
; AF16     ; 137        ; 4A             ; RESERVED_INPUT_WITH_WEAK_PULLUP ;        ;              ;                     ; Column I/O   ;                 ; no       ; On           ;
; AF17     ;            ;                ; GND                             ; gnd    ;              ;                     ; --           ;                 ; --       ; --           ;
; AF18     ; 133        ; 4A             ; RESERVED_INPUT_WITH_WEAK_PULLUP ;        ;              ;                     ; Column I/O   ;                 ; no       ; On           ;
; AF19     ; 159        ; 4A             ; RESERVED_INPUT_WITH_WEAK_PULLUP ;        ;              ;                     ; Column I/O   ;                 ; no       ; On           ;
; AF20     ; 175        ; 4A             ; RESERVED_INPUT_WITH_WEAK_PULLUP ;        ;              ;                     ; Column I/O   ;                 ; no       ; On           ;
; AF21     ; 173        ; 4A             ; RESERVED_INPUT_WITH_WEAK_PULLUP ;        ;              ;                     ; Column I/O   ;                 ; no       ; On           ;
; AF22     ;            ; 4A             ; VCCIO4A                         ; power  ;              ; 2.5V                ; --           ;                 ; --       ; --           ;
; AF23     ; 183        ; 4A             ; RESERVED_INPUT_WITH_WEAK_PULLUP ;        ;              ;                     ; Column I/O   ;                 ; no       ; On           ;
; AF24     ; 181        ; 4A             ; RESERVED_INPUT_WITH_WEAK_PULLUP ;        ;              ;                     ; Column I/O   ;                 ; no       ; On           ;
; AF25     ; 206        ; 4A             ; CAM_DIN[6]                      ; input  ; 2.5 V        ;                     ; Column I/O   ; Y               ; no       ; Off          ;
; AF26     ; 204        ; 4A             ; CAM_DIN[5]                      ; input  ; 2.5 V        ;                     ; Column I/O   ; Y               ; no       ; Off          ;
; AF27     ;            ;                ; GND                             ; gnd    ;              ;                     ; --           ;                 ; --       ; --           ;
; AF28     ; 235        ; 5A             ; RESERVED_INPUT_WITH_WEAK_PULLUP ;        ;              ;                     ; Row I/O      ;                 ; no       ; On           ;
; AF29     ; 237        ; 5A             ; RESERVED_INPUT_WITH_WEAK_PULLUP ;        ;              ;                     ; Row I/O      ;                 ; no       ; On           ;
; AF30     ; 239        ; 5A             ; RESERVED_INPUT_WITH_WEAK_PULLUP ;        ;              ;                     ; Row I/O      ;                 ; no       ; On           ;
; AG1      ; 71         ; 3A             ; DRAM_RAS_N                      ; output ; 2.5 V        ;                     ; Column I/O   ; N               ; no       ; Off          ;
; AG2      ; 83         ; 3A             ; DRAM_DQ[9]                      ; bidir  ; 2.5 V        ;                     ; Column I/O   ; N               ; no       ; Off          ;
; AG3      ; 63         ; 3A             ; RESERVED_INPUT_WITH_WEAK_PULLUP ;        ;              ;                     ; Column I/O   ;                 ; no       ; On           ;
; AG4      ;            ; 3A             ; VCCIO3A                         ; power  ;              ; 2.5V                ; --           ;                 ; --       ; --           ;
; AG5      ; 78         ; 3A             ; DRAM_WE_N                       ; output ; 2.5 V        ;                     ; Column I/O   ; N               ; no       ; Off          ;
; AG6      ; 73         ; 3A             ; RESERVED_INPUT_WITH_WEAK_PULLUP ;        ;              ;                     ; Column I/O   ;                 ; no       ; On           ;
; AG7      ; 68         ; 3A             ; RESERVED_INPUT_WITH_WEAK_PULLUP ;        ;              ;                     ; Column I/O   ;                 ; no       ; On           ;
; AG8      ; 65         ; 3A             ; RESERVED_INPUT_WITH_WEAK_PULLUP ;        ;              ;                     ; Column I/O   ;                 ; no       ; On           ;
; AG9      ;            ;                ; GND                             ; gnd    ;              ;                     ; --           ;                 ; --       ; --           ;
; AG10     ; 86         ; 3B             ; DRAM_DQM[0]                     ; output ; 2.5 V        ;                     ; Column I/O   ; N               ; no       ; Off          ;
; AG11     ; 85         ; 3B             ; DRAM_DQ[6]                      ; bidir  ; 2.5 V        ;                     ; Column I/O   ; N               ; no       ; Off          ;
; AG12     ; 103        ; 3B             ; DRAM_ADDR[9]                    ; output ; 2.5 V        ;                     ; Column I/O   ; N               ; no       ; Off          ;
; AG13     ; 101        ; 3B             ; DRAM_ADDR[0]                    ; output ; 2.5 V        ;                     ; Column I/O   ; N               ; no       ; Off          ;
; AG14     ;            ;                ; GND                             ; gnd    ;              ;                     ; --           ;                 ; --       ; --           ;
; AG15     ; 127        ; 3B             ; VGA_R[1]                        ; output ; 2.5 V        ;                     ; Column I/O   ; N               ; no       ; Off          ;
; AG16     ; 134        ; 4A             ; RESERVED_INPUT_WITH_WEAK_PULLUP ;        ;              ;                     ; Column I/O   ;                 ; no       ; On           ;
; AG17     ; 132        ; 4A             ; RESERVED_INPUT_WITH_WEAK_PULLUP ;        ;              ;                     ; Column I/O   ;                 ; no       ; On           ;
; AG18     ; 150        ; 4A             ; RESERVED_INPUT_WITH_WEAK_PULLUP ;        ;              ;                     ; Column I/O   ;                 ; no       ; On           ;
; AG19     ;            ; 4A             ; VCCIO4A                         ; power  ;              ; 2.5V                ; --           ;                 ; --       ; --           ;
; AG20     ; 157        ; 4A             ; RESERVED_INPUT_WITH_WEAK_PULLUP ;        ;              ;                     ; Column I/O   ;                 ; no       ; On           ;
; AG21     ; 143        ; 4A             ; RESERVED_INPUT_WITH_WEAK_PULLUP ;        ;              ;                     ; Column I/O   ;                 ; no       ; On           ;
; AG22     ; 166        ; 4A             ; RESERVED_INPUT_WITH_WEAK_PULLUP ;        ;              ;                     ; Column I/O   ;                 ; no       ; On           ;
; AG23     ; 163        ; 4A             ; RESERVED_INPUT_WITH_WEAK_PULLUP ;        ;              ;                     ; Column I/O   ;                 ; no       ; On           ;
; AG24     ;            ;                ; GND                             ; gnd    ;              ;                     ; --           ;                 ; --       ; --           ;
; AG25     ; 190        ; 4A             ; CAM_DIN[4]                      ; input  ; 2.5 V        ;                     ; Column I/O   ; Y               ; no       ; Off          ;
; AG26     ; 203        ; 4A             ; CAM_DIN[3]                      ; input  ; 2.5 V        ;                     ; Column I/O   ; Y               ; no       ; Off          ;
; AG27     ; 212        ; 5A             ; RESERVED_INPUT_WITH_WEAK_PULLUP ;        ;              ;                     ; Row I/O      ;                 ; no       ; On           ;
; AG28     ; 233        ; 5A             ; RESERVED_INPUT_WITH_WEAK_PULLUP ;        ;              ;                     ; Row I/O      ;                 ; no       ; On           ;
; AG29     ;            ; 5A             ; VCCIO5A                         ; power  ;              ; 2.5V                ; --           ;                 ; --       ; --           ;
; AG30     ; 243        ; 5A             ; RESERVED_INPUT_WITH_WEAK_PULLUP ;        ;              ;                     ; Row I/O      ;                 ; no       ; On           ;
; AH1      ;            ;                ; GND                             ; gnd    ;              ;                     ; --           ;                 ; --       ; --           ;
; AH2      ; 69         ; 3A             ; RESERVED_INPUT_WITH_WEAK_PULLUP ;        ;              ;                     ; Column I/O   ;                 ; no       ; On           ;
; AH3      ; 81         ; 3A             ; DRAM_DQM[1]                     ; output ; 2.5 V        ;                     ; Column I/O   ; N               ; no       ; Off          ;
; AH4      ; 61         ; 3A             ; RESERVED_INPUT_WITH_WEAK_PULLUP ;        ;              ;                     ; Column I/O   ;                 ; no       ; On           ;
; AH5      ; 76         ; 3A             ; DRAM_ADDR[4]                    ; output ; 2.5 V        ;                     ; Column I/O   ; N               ; no       ; Off          ;
; AH6      ;            ;                ; GND                             ; gnd    ;              ;                     ; --           ;                 ; --       ; --           ;
; AH7      ; 115        ; 3B             ; VGA_HS                          ; output ; 2.5 V        ;                     ; Column I/O   ; N               ; no       ; Off          ;
; AH8      ; 113        ; 3B             ; RESERVED_INPUT_WITH_WEAK_PULLUP ;        ;              ;                     ; Column I/O   ;                 ; no       ; On           ;
; AH9      ; 84         ; 3B             ; DRAM_DQ[14]                     ; bidir  ; 2.5 V        ;                     ; Column I/O   ; N               ; no       ; Off          ;
; AH10     ; 118        ; 3B             ; VGA_G[3]                        ; output ; 2.5 V        ;                     ; Column I/O   ; N               ; no       ; Off          ;
; AH11     ;            ;                ; GND                             ; gnd    ;              ;                     ; --           ;                 ; --       ; --           ;
; AH12     ; 126        ; 3B             ; VGA_B[1]                        ; output ; 2.5 V        ;                     ; Column I/O   ; N               ; no       ; Off          ;
; AH13     ; 111        ; 3B             ; VGA_VS                          ; output ; 2.5 V        ;                     ; Column I/O   ; N               ; no       ; Off          ;
; AH14     ; 109        ; 3B             ; VGA_BLANK_N                     ; output ; 2.5 V        ;                     ; Column I/O   ; N               ; no       ; Off          ;
; AH15     ; 125        ; 3B             ; VGA_B[2]                        ; output ; 2.5 V        ;                     ; Column I/O   ; N               ; no       ; Off          ;
; AH16     ;            ; 4A             ; VCCIO4A                         ; power  ;              ; 2.5V                ; --           ;                 ; --       ; --           ;
; AH17     ; 147        ; 4A             ; RESERVED_INPUT_WITH_WEAK_PULLUP ;        ;              ;                     ; Column I/O   ;                 ; no       ; On           ;
; AH18     ; 145        ; 4A             ; RESERVED_INPUT_WITH_WEAK_PULLUP ;        ;              ;                     ; Column I/O   ;                 ; no       ; On           ;
; AH19     ; 148        ; 4A             ; RESERVED_INPUT_WITH_WEAK_PULLUP ;        ;              ;                     ; Column I/O   ;                 ; no       ; On           ;
; AH20     ; 141        ; 4A             ; RESERVED_INPUT_WITH_WEAK_PULLUP ;        ;              ;                     ; Column I/O   ;                 ; no       ; On           ;
; AH21     ;            ;                ; GND                             ; gnd    ;              ;                     ; --           ;                 ; --       ; --           ;
; AH22     ; 164        ; 4A             ; RESERVED_INPUT_WITH_WEAK_PULLUP ;        ;              ;                     ; Column I/O   ;                 ; no       ; On           ;
; AH23     ; 174        ; 4A             ; RESERVED_INPUT_WITH_WEAK_PULLUP ;        ;              ;                     ; Column I/O   ;                 ; no       ; On           ;
; AH24     ; 161        ; 4A             ; CAM_DIN[2]                      ; input  ; 2.5 V        ;                     ; Column I/O   ; Y               ; no       ; Off          ;
; AH25     ; 188        ; 4A             ; RESERVED_INPUT_WITH_WEAK_PULLUP ;        ;              ;                     ; Column I/O   ;                 ; no       ; On           ;
; AH26     ;            ; 4A             ; VCCIO4A                         ; power  ;              ; 2.5V                ; --           ;                 ; --       ; --           ;
; AH27     ; 201        ; 4A             ; CAM_DIN[1]                      ; input  ; 2.5 V        ;                     ; Column I/O   ; Y               ; no       ; Off          ;
; AH28     ; 214        ; 5A             ; RESERVED_INPUT_WITH_WEAK_PULLUP ;        ;              ;                     ; Row I/O      ;                 ; no       ; On           ;
; AH29     ; 218        ; 5A             ; RESERVED_INPUT_WITH_WEAK_PULLUP ;        ;              ;                     ; Row I/O      ;                 ; no       ; On           ;
; AH30     ; 241        ; 5A             ; RESERVED_INPUT_WITH_WEAK_PULLUP ;        ;              ;                     ; Row I/O      ;                 ; no       ; On           ;
; AJ1      ; 79         ; 3A             ; DRAM_BA[0]                      ; output ; 2.5 V        ;                     ; Column I/O   ; N               ; no       ; Off          ;
; AJ2      ; 77         ; 3A             ; RESERVED_INPUT_WITH_WEAK_PULLUP ;        ;              ;                     ; Column I/O   ;                 ; no       ; On           ;
; AJ3      ;            ;                ; GND                             ; gnd    ;              ;                     ; --           ;                 ; --       ; --           ;
; AJ4      ; 94         ; 3B             ; DRAM_DQ[2]                      ; bidir  ; 2.5 V        ;                     ; Column I/O   ; N               ; no       ; Off          ;
; AJ5      ; 99         ; 3B             ; DRAM_DQ[8]                      ; bidir  ; 2.5 V        ;                     ; Column I/O   ; N               ; no       ; Off          ;
; AJ6      ; 102        ; 3B             ; DRAM_ADDR[2]                    ; output ; 2.5 V        ;                     ; Column I/O   ; N               ; no       ; Off          ;
; AJ7      ; 100        ; 3B             ; DRAM_ADDR[8]                    ; output ; 2.5 V        ;                     ; Column I/O   ; N               ; no       ; Off          ;
; AJ8      ;            ; 3B             ; VCCIO3B                         ; power  ;              ; 2.5V                ; --           ;                 ; --       ; --           ;
; AJ9      ; 110        ; 3B             ; DRAM_ADDR[3]                    ; output ; 2.5 V        ;                     ; Column I/O   ; N               ; no       ; Off          ;
; AJ10     ; 116        ; 3B             ; DRAM_ADDR[6]                    ; output ; 2.5 V        ;                     ; Column I/O   ; N               ; no       ; Off          ;
; AJ11     ; 119        ; 3B             ; DRAM_ADDR[10]                   ; output ; 2.5 V        ;                     ; Column I/O   ; N               ; no       ; Off          ;
; AJ12     ; 124        ; 3B             ; VGA_G[1]                        ; output ; 2.5 V        ;                     ; Column I/O   ; N               ; no       ; Off          ;
; AJ13     ;            ; 3B             ; VCCIO3B                         ; power  ;              ; 2.5V                ; --           ;                 ; --       ; --           ;
; AJ14     ; 131        ; 3B             ; RESERVED_INPUT_WITH_WEAK_PULLUP ;        ;              ;                     ; Column I/O   ;                 ; no       ; On           ;
; AJ15     ;            ; 3B             ; VREFB3BN0                       ; power  ;              ;                     ; --           ;                 ; --       ; --           ;
; AJ16     ; 142        ; 4A             ; RESERVED_INPUT_WITH_WEAK_PULLUP ;        ;              ;                     ; Column I/O   ;                 ; no       ; On           ;
; AJ17     ; 151        ; 4A             ; RESERVED_INPUT_WITH_WEAK_PULLUP ;        ;              ;                     ; Column I/O   ;                 ; no       ; On           ;
; AJ18     ;            ;                ; GND                             ; gnd    ;              ;                     ; --           ;                 ; --       ; --           ;
; AJ19     ; 155        ; 4A             ; RESERVED_INPUT_WITH_WEAK_PULLUP ;        ;              ;                     ; Column I/O   ;                 ; no       ; On           ;
; AJ20     ; 158        ; 4A             ; RESERVED_INPUT_WITH_WEAK_PULLUP ;        ;              ;                     ; Column I/O   ;                 ; no       ; On           ;
; AJ21     ; 156        ; 4A             ; RESERVED_INPUT_WITH_WEAK_PULLUP ;        ;              ;                     ; Column I/O   ;                 ; no       ; On           ;
; AJ22     ; 172        ; 4A             ; RESERVED_INPUT_WITH_WEAK_PULLUP ;        ;              ;                     ; Column I/O   ;                 ; no       ; On           ;
; AJ23     ;            ; 4A             ; VCCIO4A                         ; power  ;              ; 2.5V                ; --           ;                 ; --       ; --           ;
; AJ24     ; 182        ; 4A             ; RESERVED_INPUT_WITH_WEAK_PULLUP ;        ;              ;                     ; Column I/O   ;                 ; no       ; On           ;
; AJ25     ; 180        ; 4A             ; RESERVED_INPUT_WITH_WEAK_PULLUP ;        ;              ;                     ; Column I/O   ;                 ; no       ; On           ;
; AJ26     ; 187        ; 4A             ; RESERVED_INPUT_WITH_WEAK_PULLUP ;        ;              ;                     ; Column I/O   ;                 ; no       ; On           ;
; AJ27     ; 195        ; 4A             ; CAM_DIN[0]                      ; input  ; 2.5 V        ;                     ; Column I/O   ; Y               ; no       ; Off          ;
; AJ28     ;            ;                ; GND                             ; gnd    ;              ;                     ; --           ;                 ; --       ; --           ;
; AJ29     ; 216        ; 5A             ; DRAM_CLK                        ; output ; 2.5 V        ;                     ; Row I/O      ; N               ; no       ; Off          ;
; AJ30     ;            ;                ; GND                             ; gnd    ;              ;                     ; --           ;                 ; --       ; --           ;
; AK2      ; 91         ; 3B             ; DRAM_DQ[0]                      ; bidir  ; 2.5 V        ;                     ; Column I/O   ; N               ; no       ; Off          ;
; AK3      ; 89         ; 3B             ; DRAM_DQ[1]                      ; bidir  ; 2.5 V        ;                     ; Column I/O   ; N               ; no       ; Off          ;
; AK4      ; 92         ; 3B             ; DRAM_DQ[3]                      ; bidir  ; 2.5 V        ;                     ; Column I/O   ; N               ; no       ; Off          ;
; AK5      ;            ;                ; GND                             ; gnd    ;              ;                     ; --           ;                 ; --       ; --           ;
; AK6      ; 97         ; 3B             ; DRAM_DQ[4]                      ; bidir  ; 2.5 V        ;                     ; Column I/O   ; N               ; no       ; Off          ;
; AK7      ; 107        ; 3B             ; DRAM_ADDR[12]                   ; output ; 2.5 V        ;                     ; Column I/O   ; N               ; no       ; Off          ;
; AK8      ; 105        ; 3B             ; DRAM_ADDR[11]                   ; output ; 2.5 V        ;                     ; Column I/O   ; N               ; no       ; Off          ;
; AK9      ; 108        ; 3B             ; DRAM_ADDR[7]                    ; output ; 2.5 V        ;                     ; Column I/O   ; N               ; no       ; Off          ;
; AK10     ;            ; 3B             ; VCCIO3B                         ; power  ;              ; 2.5V                ; --           ;                 ; --       ; --           ;
; AK11     ; 117        ; 3B             ; VGA_G[0]                        ; output ; 2.5 V        ;                     ; Column I/O   ; N               ; no       ; Off          ;
; AK12     ; 123        ; 3B             ; VGA_B[0]                        ; output ; 2.5 V        ;                     ; Column I/O   ; N               ; no       ; Off          ;
; AK13     ; 121        ; 3B             ; VGA_R[3]                        ; output ; 2.5 V        ;                     ; Column I/O   ; N               ; no       ; Off          ;
; AK14     ; 129        ; 3B             ; VGA_G[2]                        ; output ; 2.5 V        ;                     ; Column I/O   ; N               ; no       ; Off          ;
; AK15     ;            ;                ; GND                             ; gnd    ;              ;                     ; --           ;                 ; --       ; --           ;
; AK16     ; 140        ; 4A             ; RESERVED_INPUT_WITH_WEAK_PULLUP ;        ;              ;                     ; Column I/O   ;                 ; no       ; On           ;
; AK17     ;            ; 4A             ; VREFB4AN0                       ; power  ;              ;                     ; --           ;                 ; --       ; --           ;
; AK18     ; 149        ; 4A             ; RESERVED_INPUT_WITH_WEAK_PULLUP ;        ;              ;                     ; Column I/O   ;                 ; no       ; On           ;
; AK19     ; 153        ; 4A             ; RESERVED_INPUT_WITH_WEAK_PULLUP ;        ;              ;                     ; Column I/O   ;                 ; no       ; On           ;
; AK20     ;            ; 4A             ; VCCIO4A                         ; power  ;              ; 2.5V                ; --           ;                 ; --       ; --           ;
; AK21     ; 171        ; 4A             ; RESERVED_INPUT_WITH_WEAK_PULLUP ;        ;              ;                     ; Column I/O   ;                 ; no       ; On           ;
; AK22     ; 169        ; 4A             ; RESERVED_INPUT_WITH_WEAK_PULLUP ;        ;              ;                     ; Column I/O   ;                 ; no       ; On           ;
; AK23     ; 179        ; 4A             ; RESERVED_INPUT_WITH_WEAK_PULLUP ;        ;              ;                     ; Column I/O   ;                 ; no       ; On           ;
; AK24     ; 177        ; 4A             ; RESERVED_INPUT_WITH_WEAK_PULLUP ;        ;              ;                     ; Column I/O   ;                 ; no       ; On           ;
; AK25     ;            ;                ; GND                             ; gnd    ;              ;                     ; --           ;                 ; --       ; --           ;
; AK26     ; 185        ; 4A             ; RESERVED_INPUT_WITH_WEAK_PULLUP ;        ;              ;                     ; Column I/O   ;                 ; no       ; On           ;
; AK27     ; 193        ; 4A             ; RESERVED_INPUT_WITH_WEAK_PULLUP ;        ;              ;                     ; Column I/O   ;                 ; no       ; On           ;
; AK28     ; 198        ; 4A             ; RESERVED_INPUT_WITH_WEAK_PULLUP ;        ;              ;                     ; Column I/O   ;                 ; no       ; On           ;
; AK29     ; 196        ; 4A             ; RESERVED_INPUT_WITH_WEAK_PULLUP ;        ;              ;                     ; Column I/O   ;                 ; no       ; On           ;
; B1       ; 509        ; 8A             ; RESERVED_INPUT_WITH_WEAK_PULLUP ;        ;              ;                     ; Column I/O   ;                 ; no       ; On           ;
; B2       ; 507        ; 8A             ; RESERVED_INPUT_WITH_WEAK_PULLUP ;        ;              ;                     ; Column I/O   ;                 ; no       ; On           ;
; B3       ; 513        ; 8A             ; RESERVED_INPUT_WITH_WEAK_PULLUP ;        ;              ;                     ; Column I/O   ;                 ; no       ; On           ;
; B4       ;            ; 8A             ; VCCIO8A                         ; power  ;              ; 2.5V                ; --           ;                 ; --       ; --           ;
; B5       ; 512        ; 8A             ; RESERVED_INPUT_WITH_WEAK_PULLUP ;        ;              ;                     ; Column I/O   ;                 ; no       ; On           ;
; B6       ; 510        ; 8A             ; RESERVED_INPUT_WITH_WEAK_PULLUP ;        ;              ;                     ; Column I/O   ;                 ; no       ; On           ;
; B7       ; 477        ; 8A             ; RESERVED_INPUT_WITH_WEAK_PULLUP ;        ;              ;                     ; Column I/O   ;                 ; no       ; On           ;
; B8       ; 481        ; 8A             ; RESERVED_INPUT_WITH_WEAK_PULLUP ;        ;              ;                     ; Column I/O   ;                 ; no       ; On           ;
; B9       ;            ;                ; GND                             ; gnd    ;              ;                     ; --           ;                 ; --       ; --           ;
; B10      ;            ; 8A             ; VREFB8AN0                       ; power  ;              ;                     ; --           ;                 ; --       ; --           ;
; B11      ; 469        ; 8A             ; RESERVED_INPUT_WITH_WEAK_PULLUP ;        ;              ;                     ; Column I/O   ;                 ; no       ; On           ;
; B12      ; 464        ; 8A             ; RESERVED_INPUT_WITH_WEAK_PULLUP ;        ;              ;                     ; Column I/O   ;                 ; no       ; On           ;
; B13      ; 459        ; 8A             ; RESERVED_INPUT_WITH_WEAK_PULLUP ;        ;              ;                     ; Column I/O   ;                 ; no       ; On           ;
; B14      ;            ;                ; GND                             ; gnd    ;              ;                     ; --           ;                 ; --       ; --           ;
; B15      ; 451        ; 7D             ; RESERVED_INPUT_WITH_WEAK_PULLUP ;        ;              ;                     ; Column I/O   ;                 ; no       ; On           ;
; B16      ; 441        ; 7C             ; RESERVED_INPUT_WITH_WEAK_PULLUP ;        ;              ;                     ; Column I/O   ;                 ; no       ; On           ;
; B17      ; 431        ; 7C             ; RESERVED_INPUT_WITH_WEAK_PULLUP ;        ;              ;                     ; Column I/O   ;                 ; no       ; On           ;
; B18      ; 418        ; 7B             ; RESERVED_INPUT_WITH_WEAK_PULLUP ;        ;              ;                     ; Column I/O   ;                 ; no       ; On           ;
; B19      ;            ;                ; GND                             ; gnd    ;              ;                     ; --           ;                 ; --       ; --           ;
; B20      ; 417        ; 7B             ; RESERVED_INPUT_WITH_WEAK_PULLUP ;        ;              ;                     ; Column I/O   ;                 ; no       ; On           ;
; B21      ; 413        ; 7B             ; RESERVED_INPUT_WITH_WEAK_PULLUP ;        ;              ;                     ; Column I/O   ;                 ; no       ; On           ;
; B22      ; 399        ; 7A             ; RESERVED_INPUT_WITH_WEAK_PULLUP ;        ;              ;                     ; Column I/O   ;                 ; no       ; On           ;
; B23      ; 397        ; 7A             ; RESERVED_INPUT_WITH_WEAK_PULLUP ;        ;              ;                     ; Column I/O   ;                 ; no       ; On           ;
; B24      ;            ;                ; GND                             ; gnd    ;              ;                     ; --           ;                 ; --       ; --           ;
; B25      ; 387        ; 7A             ; RESERVED_INPUT_WITH_WEAK_PULLUP ;        ;              ;                     ; Column I/O   ;                 ; no       ; On           ;
; B26      ; 386        ; 7A             ; RESERVED_INPUT_WITH_WEAK_PULLUP ;        ;              ;                     ; Column I/O   ;                 ; no       ; On           ;
; B27      ; 381        ; 7A             ; ^HPS_TDI                        ;        ;              ;                     ; --           ;                 ; --       ; --           ;
; B28      ; 376        ; 7A             ; ^HPS_TDO                        ;        ;              ;                     ; --           ;                 ; --       ; --           ;
; B29      ;            ;                ; GND                             ; gnd    ;              ;                     ; --           ;                 ; --       ; --           ;
; B30      ; 365        ; 6A             ; RESERVED_INPUT_WITH_WEAK_PULLUP ;        ;              ;                     ; Row I/O      ;                 ; no       ; On           ;
; C1       ;            ;                ; GND                             ; gnd    ;              ;                     ; --           ;                 ; --       ; --           ;
; C2       ; 517        ; 8A             ; RESERVED_INPUT_WITH_WEAK_PULLUP ;        ;              ;                     ; Column I/O   ;                 ; no       ; On           ;
; C3       ; 511        ; 8A             ; RESERVED_INPUT_WITH_WEAK_PULLUP ;        ;              ;                     ; Column I/O   ;                 ; no       ; On           ;
; C4       ; 501        ; 8A             ; RESERVED_INPUT_WITH_WEAK_PULLUP ;        ;              ;                     ; Column I/O   ;                 ; no       ; On           ;
; C5       ; 497        ; 8A             ; RESERVED_INPUT_WITH_WEAK_PULLUP ;        ;              ;                     ; Column I/O   ;                 ; no       ; On           ;
; C6       ;            ;                ; GND                             ; gnd    ;              ;                     ; --           ;                 ; --       ; --           ;
; C7       ; 475        ; 8A             ; RESERVED_INPUT_WITH_WEAK_PULLUP ;        ;              ;                     ; Column I/O   ;                 ; no       ; On           ;
; C8       ; 479        ; 8A             ; RESERVED_INPUT_WITH_WEAK_PULLUP ;        ;              ;                     ; Column I/O   ;                 ; no       ; On           ;
; C9       ; 485        ; 8A             ; RESERVED_INPUT_WITH_WEAK_PULLUP ;        ;              ;                     ; Column I/O   ;                 ; no       ; On           ;
; C10      ; 483        ; 8A             ; RESERVED_INPUT_WITH_WEAK_PULLUP ;        ;              ;                     ; Column I/O   ;                 ; no       ; On           ;
; C11      ;            ; 8A             ; VCCIO8A                         ; power  ;              ; 2.5V                ; --           ;                 ; --       ; --           ;
; C12      ; 467        ; 8A             ; RESERVED_INPUT_WITH_WEAK_PULLUP ;        ;              ;                     ; Column I/O   ;                 ; no       ; On           ;
; C13      ; 462        ; 8A             ; RESERVED_INPUT_WITH_WEAK_PULLUP ;        ;              ;                     ; Column I/O   ;                 ; no       ; On           ;
; C14      ; 448        ; 7D             ; RESERVED_INPUT_WITH_WEAK_PULLUP ;        ;              ;                     ; Column I/O   ;                 ; no       ; On           ;
; C15      ; 453        ; 7D             ; RESERVED_INPUT_WITH_WEAK_PULLUP ;        ;              ;                     ; Column I/O   ;                 ; no       ; On           ;
; C16      ;            ;                ; GND                             ; gnd    ;              ;                     ; --           ;                 ; --       ; --           ;
; C17      ; 433        ; 7C             ; RESERVED_INPUT_WITH_WEAK_PULLUP ;        ;              ;                     ; Column I/O   ;                 ; no       ; On           ;
; C18      ; 435        ; 7C             ; RESERVED_INPUT_WITH_WEAK_PULLUP ;        ;              ;                     ; Column I/O   ;                 ; no       ; On           ;
; C19      ; 427        ; 7B             ; RESERVED_INPUT_WITH_WEAK_PULLUP ;        ;              ;                     ; Column I/O   ;                 ; no       ; On           ;
; C20      ; 421        ; 7B             ; RESERVED_INPUT_WITH_WEAK_PULLUP ;        ;              ;                     ; Column I/O   ;                 ; no       ; On           ;
; C21      ;            ;                ; GND                             ; gnd    ;              ;                     ; --           ;                 ; --       ; --           ;
; C22      ; 396        ; 7A             ; RESERVED_INPUT_WITH_WEAK_PULLUP ;        ;              ;                     ; Column I/O   ;                 ; no       ; On           ;
; C23      ; 401        ; 7A             ; RESERVED_INPUT_WITH_WEAK_PULLUP ;        ;              ;                     ; Column I/O   ;                 ; no       ; On           ;
; C24      ; 393        ; 7A             ; RESERVED_INPUT_WITH_WEAK_PULLUP ;        ;              ;                     ; Column I/O   ;                 ; no       ; On           ;
; C25      ; 388        ; 7A             ; RESERVED_INPUT_WITH_WEAK_PULLUP ;        ;              ;                     ; Column I/O   ;                 ; no       ; On           ;
; C26      ;            ;                ; GND                             ; gnd    ;              ;                     ; --           ;                 ; --       ; --           ;
; C27      ; 374        ; 7A             ; ^HPS_nRST                       ;        ;              ;                     ; --           ;                 ; --       ; --           ;
; C28      ; 369        ; 6A             ; RESERVED_INPUT_WITH_WEAK_PULLUP ;        ;              ;                     ; Row I/O      ;                 ; no       ; On           ;
; C29      ; 367        ; 6A             ; RESERVED_INPUT_WITH_WEAK_PULLUP ;        ;              ;                     ; Row I/O      ;                 ; no       ; On           ;
; C30      ; 363        ; 6A             ; RESERVED_INPUT_WITH_WEAK_PULLUP ;        ;              ;                     ; Row I/O      ;                 ; no       ; On           ;
; D1       ; 529        ; 8A             ; RESERVED_INPUT_WITH_WEAK_PULLUP ;        ;              ;                     ; Column I/O   ;                 ; no       ; On           ;
; D2       ; 515        ; 8A             ; RESERVED_INPUT_WITH_WEAK_PULLUP ;        ;              ;                     ; Column I/O   ;                 ; no       ; On           ;
; D3       ;            ;                ; GND                             ; gnd    ;              ;                     ; --           ;                 ; --       ; --           ;
; D4       ; 521        ; 8A             ; RESERVED_INPUT_WITH_WEAK_PULLUP ;        ;              ;                     ; Column I/O   ;                 ; no       ; On           ;
; D5       ; 499        ; 8A             ; RESERVED_INPUT_WITH_WEAK_PULLUP ;        ;              ;                     ; Column I/O   ;                 ; no       ; On           ;
; D6       ; 495        ; 8A             ; RESERVED_INPUT_WITH_WEAK_PULLUP ;        ;              ;                     ; Column I/O   ;                 ; no       ; On           ;
; D7       ; 505        ; 8A             ; RESERVED_INPUT_WITH_WEAK_PULLUP ;        ;              ;                     ; Column I/O   ;                 ; no       ; On           ;
; D8       ;            ; 8A             ; VCCIO8A                         ; power  ;              ; 2.5V                ; --           ;                 ; --       ; --           ;
; D9       ; 480        ; 8A             ; RESERVED_INPUT_WITH_WEAK_PULLUP ;        ;              ;                     ; Column I/O   ;                 ; no       ; On           ;
; D10      ; 472        ; 8A             ; RESERVED_INPUT_WITH_WEAK_PULLUP ;        ;              ;                     ; Column I/O   ;                 ; no       ; On           ;
; D11      ; 470        ; 8A             ; RESERVED_INPUT_WITH_WEAK_PULLUP ;        ;              ;                     ; Column I/O   ;                 ; no       ; On           ;
; D12      ; 496        ; 8A             ; RESERVED_INPUT_WITH_WEAK_PULLUP ;        ;              ;                     ; Column I/O   ;                 ; no       ; On           ;
; D13      ;            ;                ; GND                             ; gnd    ;              ;                     ; --           ;                 ; --       ; --           ;
; D14      ; 446        ; 7D             ; RESERVED_INPUT_WITH_WEAK_PULLUP ;        ;              ;                     ; Column I/O   ;                 ; no       ; On           ;
; D15      ; 449        ; 7D             ; RESERVED_INPUT_WITH_WEAK_PULLUP ;        ;              ;                     ; Column I/O   ;                 ; no       ; On           ;
; D16      ; 445        ; 7D             ; RESERVED_INPUT_WITH_WEAK_PULLUP ;        ;              ;                     ; Column I/O   ;                 ; no       ; On           ;
; D17      ; 440        ; 7C             ; RESERVED_INPUT_WITH_WEAK_PULLUP ;        ;              ;                     ; Column I/O   ;                 ; no       ; On           ;
; D18      ;            ; 7C             ; VCCIO7C_HPS                     ; power  ;              ; 2.5V                ; --           ;                 ; --       ; --           ;
; D19      ; 426        ; 7B             ; RESERVED_INPUT_WITH_WEAK_PULLUP ;        ;              ;                     ; Column I/O   ;                 ; no       ; On           ;
; D20      ; 420        ; 7B             ; RESERVED_INPUT_WITH_WEAK_PULLUP ;        ;              ;                     ; Column I/O   ;                 ; no       ; On           ;
; D21      ; 419        ; 7B             ; RESERVED_INPUT_WITH_WEAK_PULLUP ;        ;              ;                     ; Column I/O   ;                 ; no       ; On           ;
; D22      ; 402        ; 7A             ; RESERVED_INPUT_WITH_WEAK_PULLUP ;        ;              ;                     ; Column I/O   ;                 ; no       ; On           ;
; D23      ;            ;                ; GND                             ; gnd    ;              ;                     ; --           ;                 ; --       ; --           ;
; D24      ; 404        ; 7A             ; RESERVED_INPUT_WITH_WEAK_PULLUP ;        ;              ;                     ; Column I/O   ;                 ; no       ; On           ;
; D25      ; 384        ; 7A             ; ^HPS_CLK1                       ;        ;              ;                     ; --           ;                 ; --       ; --           ;
; D26      ; 373        ; 7A             ; ^GND                            ;        ;              ;                     ; --           ;                 ; --       ; --           ;
; D27      ; 371        ; 6A             ; HPS_RZQ_0                       ;        ;              ;                     ; --           ;                 ; no       ; On           ;
; D28      ;            ; 6A             ; VCCIO6A_HPS                     ; power  ;              ; 2.5V                ; --           ;                 ; --       ; --           ;
; D29      ; 361        ; 6A             ; RESERVED_INPUT_WITH_WEAK_PULLUP ;        ;              ;                     ; Row I/O      ;                 ; no       ; On           ;
; D30      ; 359        ; 6A             ; RESERVED_INPUT_WITH_WEAK_PULLUP ;        ;              ;                     ; Row I/O      ;                 ; no       ; On           ;
; E1       ; 527        ; 8A             ; RESERVED_INPUT_WITH_WEAK_PULLUP ;        ;              ;                     ; Column I/O   ;                 ; no       ; On           ;
; E2       ; 525        ; 8A             ; RESERVED_INPUT_WITH_WEAK_PULLUP ;        ;              ;                     ; Column I/O   ;                 ; no       ; On           ;
; E3       ; 523        ; 8A             ; RESERVED_INPUT_WITH_WEAK_PULLUP ;        ;              ;                     ; Column I/O   ;                 ; no       ; On           ;
; E4       ; 519        ; 8A             ; RESERVED_INPUT_WITH_WEAK_PULLUP ;        ;              ;                     ; Column I/O   ;                 ; no       ; On           ;
; E5       ;            ; 8A             ; VCCIO8A                         ; power  ;              ; 2.5V                ; --           ;                 ; --       ; --           ;
; E6       ; 533        ; 8A             ; RESERVED_INPUT_WITH_WEAK_PULLUP ;        ;              ;                     ; Column I/O   ;                 ; no       ; On           ;
; E7       ; 531        ; 8A             ; RESERVED_INPUT_WITH_WEAK_PULLUP ;        ;              ;                     ; Column I/O   ;                 ; no       ; On           ;
; E8       ; 503        ; 8A             ; RESERVED_INPUT_WITH_WEAK_PULLUP ;        ;              ;                     ; Column I/O   ;                 ; no       ; On           ;
; E9       ; 478        ; 8A             ; RESERVED_INPUT_WITH_WEAK_PULLUP ;        ;              ;                     ; Column I/O   ;                 ; no       ; On           ;
; E10      ;            ;                ; GND                             ; gnd    ;              ;                     ; --           ;                 ; --       ; --           ;
; E11      ; 504        ; 8A             ; RESERVED_INPUT_WITH_WEAK_PULLUP ;        ;              ;                     ; Column I/O   ;                 ; no       ; On           ;
; E12      ; 494        ; 8A             ; RESERVED_INPUT_WITH_WEAK_PULLUP ;        ;              ;                     ; Column I/O   ;                 ; no       ; On           ;
; E13      ; 488        ; 8A             ; RESERVED_INPUT_WITH_WEAK_PULLUP ;        ;              ;                     ; Column I/O   ;                 ; no       ; On           ;
; E14      ; 454        ; 7D             ; RESERVED_INPUT_WITH_WEAK_PULLUP ;        ;              ;                     ; Column I/O   ;                 ; no       ; On           ;
; E15      ;            ; 7D             ; VCCIO7D_HPS                     ; power  ;              ; 2.5V                ; --           ;                 ; --       ; --           ;
; E16      ; 443        ; 7D             ; RESERVED_INPUT_WITH_WEAK_PULLUP ;        ;              ;                     ; Column I/O   ;                 ; no       ; On           ;
; E17      ; 438        ; 7C             ; RESERVED_INPUT_WITH_WEAK_PULLUP ;        ;              ;                     ; Column I/O   ;                 ; no       ; On           ;
; E18      ; 437        ; 7C             ; RESERVED_INPUT_WITH_WEAK_PULLUP ;        ;              ;                     ; Column I/O   ;                 ; no       ; On           ;
; E19      ; 424        ; 7B             ; RESERVED_INPUT_WITH_WEAK_PULLUP ;        ;              ;                     ; Column I/O   ;                 ; no       ; On           ;
; E20      ;            ; 7B             ; VCCIO7B_HPS                     ; power  ;              ; 2.5V                ; --           ;                 ; --       ; --           ;
; E21      ; 412        ; 7B             ; RESERVED_INPUT_WITH_WEAK_PULLUP ;        ;              ;                     ; Column I/O   ;                 ; no       ; On           ;
; E22      ;            ; 7A, 7B, 7C, 7D ; VREFB7A7B7C7DN0_HPS             ; power  ;              ;                     ; --           ;                 ; --       ; --           ;
; E23      ; 394        ; 7A             ; RESERVED_INPUT_WITH_WEAK_PULLUP ;        ;              ;                     ; Column I/O   ;                 ; no       ; On           ;
; E24      ; 403        ; 7A             ; RESERVED_INPUT_WITH_WEAK_PULLUP ;        ;              ;                     ; Column I/O   ;                 ; no       ; On           ;
; E25      ;            ;                ; GND                             ; gnd    ;              ;                     ; --           ;                 ; --       ; --           ;
; E26      ;            ;                ; DNU                             ;        ;              ;                     ; --           ;                 ; --       ; --           ;
; E27      ; 357        ; 6A             ; RESERVED_INPUT_WITH_WEAK_PULLUP ;        ;              ;                     ; Row I/O      ;                 ; no       ; On           ;
; E28      ; 351        ; 6A             ; RESERVED_INPUT_WITH_WEAK_PULLUP ;        ;              ;                     ; Row I/O      ;                 ; no       ; On           ;
; E29      ; 353        ; 6A             ; RESERVED_INPUT_WITH_WEAK_PULLUP ;        ;              ;                     ; Row I/O      ;                 ; no       ; On           ;
; E30      ;            ;                ; GND                             ; gnd    ;              ;                     ; --           ;                 ; --       ; --           ;
; F1       ;            ;                ; DNU                             ;        ;              ;                     ; --           ;                 ; --       ; --           ;
; F2       ;            ;                ; GND                             ; gnd    ;              ;                     ; --           ;                 ; --       ; --           ;
; F3       ; 539        ; 9A             ; ^CONF_DONE                      ;        ;              ;                     ; --           ;                 ; --       ; --           ;
; F4       ; 541        ; 9A             ; ^nSTATUS                        ;        ;              ;                     ; --           ;                 ; --       ; --           ;
; F5       ;            ;                ; GND                             ; gnd    ;              ;                     ; --           ;                 ; --       ; --           ;
; F6       ; 537        ; 8A             ; RESERVED_INPUT_WITH_WEAK_PULLUP ;        ;              ;                     ; Column I/O   ;                 ; no       ; On           ;
; F7       ;            ;                ; GND                             ; gnd    ;              ;                     ; --           ;                 ; --       ; --           ;
; F8       ; 536        ; 8A             ; RESERVED_INPUT_WITH_WEAK_PULLUP ;        ;              ;                     ; Column I/O   ;                 ; no       ; On           ;
; F9       ; 534        ; 8A             ; DRAM_CKE                        ; output ; 2.5 V        ;                     ; Column I/O   ; N               ; no       ; Off          ;
; F10      ; 528        ; 8A             ; RESERVED_INPUT_WITH_WEAK_PULLUP ;        ;              ;                     ; Column I/O   ;                 ; no       ; On           ;
; F11      ; 502        ; 8A             ; RESERVED_INPUT_WITH_WEAK_PULLUP ;        ;              ;                     ; Column I/O   ;                 ; no       ; On           ;
; F12      ;            ; 8A             ; VCCIO8A                         ; power  ;              ; 2.5V                ; --           ;                 ; --       ; --           ;
; F13      ; 486        ; 8A             ; RESERVED_INPUT_WITH_WEAK_PULLUP ;        ;              ;                     ; Column I/O   ;                 ; no       ; On           ;
; F14      ; 468        ; 8A             ; RESERVED_INPUT_WITH_WEAK_PULLUP ;        ;              ;                     ; Column I/O   ;                 ; no       ; On           ;
; F15      ; 466        ; 8A             ; RESERVED_INPUT_WITH_WEAK_PULLUP ;        ;              ;                     ; Column I/O   ;                 ; no       ; On           ;
; F16      ; 442        ; 7D             ; RESERVED_INPUT_WITH_WEAK_PULLUP ;        ;              ;                     ; Column I/O   ;                 ; no       ; On           ;
; F17      ;            ;                ; GND                             ; gnd    ;              ;                     ; --           ;                 ; --       ; --           ;
; F18      ; 430        ; 7C             ; RESERVED_INPUT_WITH_WEAK_PULLUP ;        ;              ;                     ; Column I/O   ;                 ; no       ; On           ;
; F19      ; 410        ; 7B             ; RESERVED_INPUT_WITH_WEAK_PULLUP ;        ;              ;                     ; Column I/O   ;                 ; no       ; On           ;
; F20      ; 407        ; 7B             ; RESERVED_INPUT_WITH_WEAK_PULLUP ;        ;              ;                     ; Column I/O   ;                 ; no       ; On           ;
; F21      ; 409        ; 7B             ; RESERVED_INPUT_WITH_WEAK_PULLUP ;        ;              ;                     ; Column I/O   ;                 ; no       ; On           ;
; F22      ;            ; 7A             ; VCCIO7A_HPS                     ; power  ;              ; 2.5V                ; --           ;                 ; --       ; --           ;
; F23      ; 375        ; 7A             ; ^HPS_nPOR                       ;        ;              ;                     ; --           ;                 ; --       ; --           ;
; F24      ; 383        ; 7A             ; ^HPS_PORSEL                     ;        ;              ;                     ; --           ;                 ; --       ; --           ;
; F25      ; 385        ; 7A             ; ^HPS_CLK2                       ;        ;              ;                     ; --           ;                 ; --       ; --           ;
; F26      ; 341        ; 6A             ; RESERVED_INPUT_WITH_WEAK_PULLUP ;        ;              ;                     ; Row I/O      ;                 ; no       ; On           ;
; F27      ;            ;                ; GND                             ; gnd    ;              ;                     ; --           ;                 ; --       ; --           ;
; F28      ; 345        ; 6A             ; RESERVED_INPUT_WITH_WEAK_PULLUP ;        ;              ;                     ; Row I/O      ;                 ; no       ; On           ;
; F29      ; 349        ; 6A             ; RESERVED_INPUT_WITH_WEAK_PULLUP ;        ;              ;                     ; Row I/O      ;                 ; no       ; On           ;
; F30      ; 347        ; 6A             ; RESERVED_INPUT_WITH_WEAK_PULLUP ;        ;              ;                     ; Row I/O      ;                 ; no       ; On           ;
; G1       ;            ;                ; RREF                            ;        ;              ;                     ; --           ;                 ; --       ; --           ;
; G2       ;            ;                ; DNU                             ;        ;              ;                     ; --           ;                 ; --       ; --           ;
; G3       ;            ;                ; GND                             ; gnd    ;              ;                     ; --           ;                 ; --       ; --           ;
; G4       ;            ;                ; GND                             ; gnd    ;              ;                     ; --           ;                 ; --       ; --           ;
; G5       ; 542        ; 9A             ; ^nCE                            ;        ;              ;                     ; --           ;                 ; --       ; --           ;
; G6       ; 543        ; 9A             ; ^MSEL2                          ;        ;              ;                     ; --           ;                 ; --       ; --           ;
; G7       ; 535        ; 8A             ; RESERVED_INPUT_WITH_WEAK_PULLUP ;        ;              ;                     ; Column I/O   ;                 ; no       ; On           ;
; G8       ; 492        ; 8A             ; RESERVED_INPUT_WITH_WEAK_PULLUP ;        ;              ;                     ; Column I/O   ;                 ; no       ; On           ;
; G9       ;            ; 8A             ; VCCIO8A                         ; power  ;              ; 2.5V                ; --           ;                 ; --       ; --           ;
; G10      ; 526        ; 8A             ; RESERVED_INPUT_WITH_WEAK_PULLUP ;        ;              ;                     ; Column I/O   ;                 ; no       ; On           ;
; G11      ; 520        ; 8A             ; RESERVED_INPUT_WITH_WEAK_PULLUP ;        ;              ;                     ; Column I/O   ;                 ; no       ; On           ;
; G12      ; 518        ; 8A             ; RESERVED_INPUT_WITH_WEAK_PULLUP ;        ;              ;                     ; Column I/O   ;                 ; no       ; On           ;
; G13      ; 484        ; 8A             ; RESERVED_INPUT_WITH_WEAK_PULLUP ;        ;              ;                     ; Column I/O   ;                 ; no       ; On           ;
; G14      ;            ; 8A             ; VCCIO8A                         ; power  ;              ; 2.5V                ; --           ;                 ; --       ; --           ;
; G15      ; 460        ; 8A             ; RESERVED_INPUT_WITH_WEAK_PULLUP ;        ;              ;                     ; Column I/O   ;                 ; no       ; On           ;
; G16      ; 444        ; 7D             ; RESERVED_INPUT_WITH_WEAK_PULLUP ;        ;              ;                     ; Column I/O   ;                 ; no       ; On           ;
; G17      ; 436        ; 7C             ; RESERVED_INPUT_WITH_WEAK_PULLUP ;        ;              ;                     ; Column I/O   ;                 ; no       ; On           ;
; G18      ; 432        ; 7C             ; RESERVED_INPUT_WITH_WEAK_PULLUP ;        ;              ;                     ; Column I/O   ;                 ; no       ; On           ;
; G19      ;            ; 7B             ; VCCIO7B_HPS                     ; power  ;              ; 2.5V                ; --           ;                 ; --       ; --           ;
; G20      ; 416        ; 7B             ; RESERVED_INPUT_WITH_WEAK_PULLUP ;        ;              ;                     ; Column I/O   ;                 ; no       ; On           ;
; G21      ; 392        ; 7A             ; RESERVED_INPUT_WITH_WEAK_PULLUP ;        ;              ;                     ; Column I/O   ;                 ; no       ; On           ;
; G22      ; 400        ; 7A             ; RESERVED_INPUT_WITH_WEAK_PULLUP ;        ;              ;                     ; Column I/O   ;                 ; no       ; On           ;
; G23      ; 377        ; 7A             ; ^VCCRSTCLK_HPS                  ;        ;              ;                     ; --           ;                 ; --       ; --           ;
; G24      ;            ;                ; GND                             ; gnd    ;              ;                     ; --           ;                 ; --       ; --           ;
; G25      ; 370        ; 6A             ; RESERVED_INPUT_WITH_WEAK_PULLUP ;        ;              ;                     ; Row I/O      ;                 ; no       ; On           ;
; G26      ; 362        ; 6A             ; RESERVED_INPUT_WITH_WEAK_PULLUP ;        ;              ;                     ; Row I/O      ;                 ; no       ; On           ;
; G27      ; 339        ; 6A             ; RESERVED_INPUT_WITH_WEAK_PULLUP ;        ;              ;                     ; Row I/O      ;                 ; --       ; --           ;
; G28      ; 335        ; 6A             ; RESERVED_INPUT_WITH_WEAK_PULLUP ;        ;              ;                     ; Row I/O      ;                 ; no       ; On           ;
; G29      ;            ; 6A             ; VCCIO6A_HPS                     ; power  ;              ; 2.5V                ; --           ;                 ; --       ; --           ;
; G30      ; 343        ; 6A             ; RESERVED_INPUT_WITH_WEAK_PULLUP ;        ;              ;                     ; Row I/O      ;                 ; no       ; On           ;
; H1       ;            ;                ; GND                             ; gnd    ;              ;                     ; --           ;                 ; --       ; --           ;
; H2       ;            ;                ; GND                             ; gnd    ;              ;                     ; --           ;                 ; --       ; --           ;
; H3       ;            ;                ; DNU                             ;        ;              ;                     ; --           ;                 ; --       ; --           ;
; H4       ;            ;                ; DNU                             ;        ;              ;                     ; --           ;                 ; --       ; --           ;
; H5       ;            ;                ; GND                             ; gnd    ;              ;                     ; --           ;                 ; --       ; --           ;
; H6       ;            ; 8A             ; VCCIO8A                         ; power  ;              ; 2.5V                ; --           ;                 ; --       ; --           ;
; H7       ; 508        ; 8A             ; RESERVED_INPUT_WITH_WEAK_PULLUP ;        ;              ;                     ; Column I/O   ;                 ; no       ; On           ;
; H8       ; 490        ; 8A             ; RESERVED_INPUT_WITH_WEAK_PULLUP ;        ;              ;                     ; Column I/O   ;                 ; no       ; On           ;
; H9       ;            ; --             ; VCCBAT                          ; power  ;              ; 1.2V                ; --           ;                 ; --       ; --           ;
; H10      ;            ; --             ; VCC_AUX                         ; power  ;              ; 2.5V                ; --           ;                 ; --       ; --           ;
; H11      ;            ;                ; GND                             ; gnd    ;              ;                     ; --           ;                 ; --       ; --           ;
; H12      ; 500        ; 8A             ; RESERVED_INPUT_WITH_WEAK_PULLUP ;        ;              ;                     ; Column I/O   ;                 ; no       ; On           ;
; H13      ; 498        ; 8A             ; RESERVED_INPUT_WITH_WEAK_PULLUP ;        ;              ;                     ; Column I/O   ;                 ; no       ; On           ;
; H14      ; 482        ; 8A             ; RESERVED_INPUT_WITH_WEAK_PULLUP ;        ;              ;                     ; Column I/O   ;                 ; no       ; On           ;
; H15      ; 458        ; 8A             ; RESERVED_INPUT_WITH_WEAK_PULLUP ;        ;              ;                     ; Column I/O   ;                 ; no       ; On           ;
; H16      ;            ; 7D             ; VCCIO7D_HPS                     ; power  ;              ; 2.5V                ; --           ;                 ; --       ; --           ;
; H17      ; 434        ; 7C             ; RESERVED_INPUT_WITH_WEAK_PULLUP ;        ;              ;                     ; Column I/O   ;                 ; no       ; On           ;
; H18      ; 422        ; 7B             ; RESERVED_INPUT_WITH_WEAK_PULLUP ;        ;              ;                     ; Column I/O   ;                 ; no       ; On           ;
; H19      ; 406        ; 7B             ; RESERVED_INPUT_WITH_WEAK_PULLUP ;        ;              ;                     ; Column I/O   ;                 ; no       ; On           ;
; H20      ; 398        ; 7A             ; RESERVED_INPUT_WITH_WEAK_PULLUP ;        ;              ;                     ; Column I/O   ;                 ; no       ; On           ;
; H21      ;            ; 7A             ; VCCIO7A_HPS                     ; power  ;              ; 2.5V                ; --           ;                 ; --       ; --           ;
; H22      ; 379        ; 7A             ; ^HPS_TCK                        ;        ;              ;                     ; --           ;                 ; --       ; --           ;
; H23      ; 390        ; 7A             ; RESERVED_INPUT_WITH_WEAK_PULLUP ;        ;              ;                     ; Column I/O   ;                 ; no       ; On           ;
; H24      ; 364        ; 6A             ; RESERVED_INPUT_WITH_WEAK_PULLUP ;        ;              ;                     ; Row I/O      ;                 ; no       ; On           ;
; H25      ; 368        ; 6A             ; RESERVED_INPUT_WITH_WEAK_PULLUP ;        ;              ;                     ; Row I/O      ;                 ; no       ; On           ;
; H26      ;            ; 6A             ; VCCIO6A_HPS                     ; power  ;              ; 2.5V                ; --           ;                 ; --       ; --           ;
; H27      ; 360        ; 6A             ; RESERVED_INPUT_WITH_WEAK_PULLUP ;        ;              ;                     ; Row I/O      ;                 ; no       ; On           ;
; H28      ; 333        ; 6A             ; RESERVED_INPUT_WITH_WEAK_PULLUP ;        ;              ;                     ; Row I/O      ;                 ; no       ; On           ;
; H29      ; 331        ; 6A             ; RESERVED_INPUT_WITH_WEAK_PULLUP ;        ;              ;                     ; Row I/O      ;                 ; no       ; On           ;
; H30      ; 337        ; 6A             ; RESERVED_INPUT_WITH_WEAK_PULLUP ;        ;              ;                     ; Row I/O      ;                 ; no       ; On           ;
; J1       ;            ;                ; GND                             ; gnd    ;              ;                     ; --           ;                 ; --       ; --           ;
; J2       ;            ;                ; GND                             ; gnd    ;              ;                     ; --           ;                 ; --       ; --           ;
; J3       ;            ;                ; GND                             ; gnd    ;              ;                     ; --           ;                 ; --       ; --           ;
; J4       ;            ;                ; GND                             ; gnd    ;              ;                     ; --           ;                 ; --       ; --           ;
; J5       ; 545        ; 9A             ; ^nCONFIG                        ;        ;              ;                     ; --           ;                 ; --       ; --           ;
; J6       ; 547        ; 9A             ; ^GND                            ;        ;              ;                     ; --           ;                 ; --       ; --           ;
; J7       ; 506        ; 8A             ; RESERVED_INPUT_WITH_WEAK_PULLUP ;        ;              ;                     ; Column I/O   ;                 ; no       ; On           ;
; J8       ;            ;                ; GND                             ; gnd    ;              ;                     ; --           ;                 ; --       ; --           ;
; J9       ; 532        ; 8A             ; RESERVED_INPUT_WITH_WEAK_PULLUP ;        ;              ;                     ; Column I/O   ;                 ; no       ; On           ;
; J10      ; 530        ; 8A             ; RESERVED_INPUT_WITH_WEAK_PULLUP ;        ;              ;                     ; Column I/O   ;                 ; no       ; On           ;
; J11      ;            ; --             ; VCCPGM                          ; power  ;              ; 1.8V/2.5V/3.0V/3.3V ; --           ;                 ; --       ; --           ;
; J12      ; 516        ; 8A             ; RESERVED_INPUT_WITH_WEAK_PULLUP ;        ;              ;                     ; Column I/O   ;                 ; no       ; On           ;
; J13      ;            ; 8A             ; VCCIO8A                         ; power  ;              ; 2.5V                ; --           ;                 ; --       ; --           ;
; J14      ; 476        ; 8A             ; RESERVED_INPUT_WITH_WEAK_PULLUP ;        ;              ;                     ; Column I/O   ;                 ; no       ; On           ;
; J15      ;            ;                ; DNU                             ;        ;              ;                     ; --           ;                 ; --       ; --           ;
; J16      ;            ; --             ; VCC_AUX                         ; power  ;              ; 2.5V                ; --           ;                 ; --       ; --           ;
; J17      ;            ; 7C             ; VCCPD7C_HPS                     ; power  ;              ; 2.5V                ; --           ;                 ; --       ; --           ;
; J18      ;            ;                ; GND                             ; gnd    ;              ;                     ; --           ;                 ; --       ; --           ;
; J19      ; 408        ; 7B             ; RESERVED_INPUT_WITH_WEAK_PULLUP ;        ;              ;                     ; Column I/O   ;                 ; no       ; On           ;
; J20      ;            ; --             ; VCCRSTCLK_HPS                   ; power  ;              ; 1.8V/2.5V/3.0V/3.3V ; --           ;                 ; --       ; --           ;
; J21      ;            ; --             ; VCC_AUX_SHARED                  ; power  ;              ; 2.5V                ; --           ;                 ; --       ; --           ;
; J22      ; 372        ; 7A             ; ^GND                            ;        ;              ;                     ; --           ;                 ; --       ; --           ;
; J23      ; 354        ; 6A             ; RESERVED_INPUT_WITH_WEAK_PULLUP ;        ;              ;                     ; Row I/O      ;                 ; no       ; On           ;
; J24      ; 352        ; 6A             ; RESERVED_INPUT_WITH_WEAK_PULLUP ;        ;              ;                     ; Row I/O      ;                 ; no       ; On           ;
; J25      ; 344        ; 6A             ; RESERVED_INPUT_WITH_WEAK_PULLUP ;        ;              ;                     ; Row I/O      ;                 ; no       ; On           ;
; J26      ; 323        ; 6A             ; RESERVED_INPUT_WITH_WEAK_PULLUP ;        ;              ;                     ; Row I/O      ;                 ; no       ; On           ;
; J27      ; 346        ; 6A             ; RESERVED_INPUT_WITH_WEAK_PULLUP ;        ;              ;                     ; Row I/O      ;                 ; no       ; On           ;
; J28      ;            ;                ; GND                             ; gnd    ;              ;                     ; --           ;                 ; --       ; --           ;
; J29      ; 327        ; 6A             ; RESERVED_INPUT_WITH_WEAK_PULLUP ;        ;              ;                     ; Row I/O      ;                 ; no       ; On           ;
; J30      ; 329        ; 6A             ; RESERVED_INPUT_WITH_WEAK_PULLUP ;        ;              ;                     ; Row I/O      ;                 ; no       ; On           ;
; K1       ;            ;                ; GND                             ; gnd    ;              ;                     ; --           ;                 ; --       ; --           ;
; K2       ;            ;                ; GND                             ; gnd    ;              ;                     ; --           ;                 ; --       ; --           ;
; K3       ;            ;                ; DNU                             ;        ;              ;                     ; --           ;                 ; --       ; --           ;
; K4       ;            ;                ; DNU                             ;        ;              ;                     ; --           ;                 ; --       ; --           ;
; K5       ;            ;                ; GND                             ; gnd    ;              ;                     ; --           ;                 ; --       ; --           ;
; K6       ; 540        ; 9A             ; ^MSEL1                          ;        ;              ;                     ; --           ;                 ; --       ; --           ;
; K7       ; 522        ; 8A             ; RESERVED_INPUT_WITH_WEAK_PULLUP ;        ;              ;                     ; Column I/O   ;                 ; no       ; On           ;
; K8       ; 524        ; 8A             ; RESERVED_INPUT_WITH_WEAK_PULLUP ;        ;              ;                     ; Column I/O   ;                 ; no       ; On           ;
; K9       ;            ; --             ; VCCA_FPLL                       ; power  ;              ; 2.5V                ; --           ;                 ; --       ; --           ;
; K10      ;            ;                ; GND                             ; gnd    ;              ;                     ; --           ;                 ; --       ; --           ;
; K11      ;            ; 8A             ; VCCPD8A                         ; power  ;              ; 2.5V                ; --           ;                 ; --       ; --           ;
; K12      ; 514        ; 8A             ; RESERVED_INPUT_WITH_WEAK_PULLUP ;        ;              ;                     ; Column I/O   ;                 ; no       ; On           ;
; K13      ;            ; 8A             ; VCCPD8A                         ; power  ;              ; 2.5V                ; --           ;                 ; --       ; --           ;
; K14      ; 474        ; 8A             ; RESERVED_INPUT_WITH_WEAK_PULLUP ;        ;              ;                     ; Column I/O   ;                 ; no       ; On           ;
; K15      ;            ;                ; GND                             ; gnd    ;              ;                     ; --           ;                 ; --       ; --           ;
; K16      ;            ; 7D             ; VCCPD7D_HPS                     ; power  ;              ; 2.5V                ; --           ;                 ; --       ; --           ;
; K17      ; 414        ; 7B             ; RESERVED_INPUT_WITH_WEAK_PULLUP ;        ;              ;                     ; Column I/O   ;                 ; no       ; On           ;
; K18      ;            ; 7B             ; VCCPD7B_HPS                     ; power  ;              ; 2.5V                ; --           ;                 ; --       ; --           ;
; K19      ;            ; 7A             ; VCCPD7A_HPS                     ; power  ;              ; 2.5V                ; --           ;                 ; --       ; --           ;
; K20      ;            ;                ; GND                             ; gnd    ;              ;                     ; --           ;                 ; --       ; --           ;
; K21      ; 366        ; 6A             ; RESERVED_INPUT_WITH_WEAK_PULLUP ;        ;              ;                     ; Row I/O      ;                 ; no       ; On           ;
; K22      ; 336        ; 6A             ; RESERVED_INPUT_WITH_WEAK_PULLUP ;        ;              ;                     ; Row I/O      ;                 ; no       ; On           ;
; K23      ; 338        ; 6A             ; RESERVED_INPUT_WITH_WEAK_PULLUP ;        ;              ;                     ; Row I/O      ;                 ; no       ; On           ;
; K24      ;            ; 6A             ; VCCIO6A_HPS                     ; power  ;              ; 2.5V                ; --           ;                 ; --       ; --           ;
; K25      ;            ;                ; GND                             ; gnd    ;              ;                     ; --           ;                 ; --       ; --           ;
; K26      ; 322        ; 6A             ; RESERVED_INPUT_WITH_WEAK_PULLUP ;        ;              ;                     ; Row I/O      ;                 ; no       ; On           ;
; K27      ; 319        ; 6A             ; RESERVED_INPUT_WITH_WEAK_PULLUP ;        ;              ;                     ; Row I/O      ;                 ; no       ; On           ;
; K28      ; 325        ; 6A             ; RESERVED_INPUT_WITH_WEAK_PULLUP ;        ;              ;                     ; Row I/O      ;                 ; no       ; On           ;
; K29      ; 321        ; 6A             ; RESERVED_INPUT_WITH_WEAK_PULLUP ;        ;              ;                     ; Row I/O      ;                 ; no       ; On           ;
; K30      ;            ; 6A             ; VCCIO6A_HPS                     ; power  ;              ; 2.5V                ; --           ;                 ; --       ; --           ;
; L1       ;            ;                ; GND                             ; gnd    ;              ;                     ; --           ;                 ; --       ; --           ;
; L2       ;            ;                ; GND                             ; gnd    ;              ;                     ; --           ;                 ; --       ; --           ;
; L3       ;            ;                ; GND                             ; gnd    ;              ;                     ; --           ;                 ; --       ; --           ;
; L4       ;            ;                ; GND                             ; gnd    ;              ;                     ; --           ;                 ; --       ; --           ;
; L5       ;            ; --             ; VCC                             ; power  ;              ; 1.1V                ; --           ;                 ; --       ; --           ;
; L6       ;            ;                ; GND                             ; gnd    ;              ;                     ; --           ;                 ; --       ; --           ;
; L7       ; 544        ; 9A             ; ^MSEL3                          ;        ;              ;                     ; --           ;                 ; --       ; --           ;
; L8       ; 538        ; 9A             ; ^MSEL0                          ;        ;              ;                     ; --           ;                 ; --       ; --           ;
; L9       ; 546        ; 9A             ; ^MSEL4                          ;        ;              ;                     ; --           ;                 ; --       ; --           ;
; L10      ;            ; 8A             ; VCCPD8A                         ; power  ;              ; 2.5V                ; --           ;                 ; --       ; --           ;
; L11      ;            ;                ; GND                             ; gnd    ;              ;                     ; --           ;                 ; --       ; --           ;
; L12      ;            ; 8A             ; VCCPD8A                         ; power  ;              ; 2.5V                ; --           ;                 ; --       ; --           ;
; L13      ;            ;                ; GND                             ; gnd    ;              ;                     ; --           ;                 ; --       ; --           ;
; L14      ;            ; 8A             ; VCCPD8A                         ; power  ;              ; 2.5V                ; --           ;                 ; --       ; --           ;
; L15      ;            ;                ; GND                             ; gnd    ;              ;                     ; --           ;                 ; --       ; --           ;
; L16      ;            ; --             ; VCC_HPS                         ; power  ;              ; 1.1V                ; --           ;                 ; --       ; --           ;
; L17      ;            ;                ; GND                             ; gnd    ;              ;                     ; --           ;                 ; --       ; --           ;
; L18      ;            ; --             ; VCC_HPS                         ; power  ;              ; 1.1V                ; --           ;                 ; --       ; --           ;
; L19      ;            ;                ; GND                             ; gnd    ;              ;                     ; --           ;                 ; --       ; --           ;
; L20      ;            ; --             ; VCC_HPS                         ; power  ;              ; 1.1V                ; --           ;                 ; --       ; --           ;
; L21      ;            ; --             ; VCCPLL_HPS                      ; power  ;              ; 2.5V                ; --           ;                 ; --       ; --           ;
; L22      ;            ;                ; GND                             ; gnd    ;              ;                     ; --           ;                 ; --       ; --           ;
; L23      ; 350        ; 6A             ; RESERVED_INPUT_WITH_WEAK_PULLUP ;        ;              ;                     ; Row I/O      ;                 ; no       ; On           ;
; L24      ; 328        ; 6A             ; RESERVED_INPUT_WITH_WEAK_PULLUP ;        ;              ;                     ; Row I/O      ;                 ; no       ; On           ;
; L25      ; 330        ; 6A             ; RESERVED_INPUT_WITH_WEAK_PULLUP ;        ;              ;                     ; Row I/O      ;                 ; no       ; On           ;
; L26      ; 320        ; 6A             ; RESERVED_INPUT_WITH_WEAK_PULLUP ;        ;              ;                     ; Row I/O      ;                 ; no       ; On           ;
; L27      ;            ; 6A             ; VCCIO6A_HPS                     ; power  ;              ; 2.5V                ; --           ;                 ; --       ; --           ;
; L28      ; 313        ; 6A             ; RESERVED_INPUT_WITH_WEAK_PULLUP ;        ;              ;                     ; Row I/O      ;                 ; no       ; On           ;
; L29      ; 315        ; 6A             ; RESERVED_INPUT_WITH_WEAK_PULLUP ;        ;              ;                     ; Row I/O      ;                 ; no       ; On           ;
; L30      ; 317        ; 6A             ; RESERVED_INPUT_WITH_WEAK_PULLUP ;        ;              ;                     ; Row I/O      ;                 ; no       ; On           ;
; M1       ;            ;                ; GND                             ; gnd    ;              ;                     ; --           ;                 ; --       ; --           ;
; M2       ;            ;                ; GND                             ; gnd    ;              ;                     ; --           ;                 ; --       ; --           ;
; M3       ;            ;                ; DNU                             ;        ;              ;                     ; --           ;                 ; --       ; --           ;
; M4       ;            ;                ; DNU                             ;        ;              ;                     ; --           ;                 ; --       ; --           ;
; M5       ;            ;                ; GND                             ; gnd    ;              ;                     ; --           ;                 ; --       ; --           ;
; M6       ;            ; --             ; VCC                             ; power  ;              ; 1.1V                ; --           ;                 ; --       ; --           ;
; M7       ;            ;                ; GND                             ; gnd    ;              ;                     ; --           ;                 ; --       ; --           ;
; M8       ;            ;                ; GND                             ; gnd    ;              ;                     ; --           ;                 ; --       ; --           ;
; M9       ;            ; --             ; VCC                             ; power  ;              ; 1.1V                ; --           ;                 ; --       ; --           ;
; M10      ;            ;                ; GND                             ; gnd    ;              ;                     ; --           ;                 ; --       ; --           ;
; M11      ;            ; --             ; VCC                             ; power  ;              ; 1.1V                ; --           ;                 ; --       ; --           ;
; M12      ;            ;                ; GND                             ; gnd    ;              ;                     ; --           ;                 ; --       ; --           ;
; M13      ;            ; --             ; VCC                             ; power  ;              ; 1.1V                ; --           ;                 ; --       ; --           ;
; M14      ;            ;                ; GND                             ; gnd    ;              ;                     ; --           ;                 ; --       ; --           ;
; M15      ;            ; --             ; VCC_HPS                         ; power  ;              ; 1.1V                ; --           ;                 ; --       ; --           ;
; M16      ;            ;                ; GND                             ; gnd    ;              ;                     ; --           ;                 ; --       ; --           ;
; M17      ; 450        ; 7D             ; RESERVED_INPUT_WITH_WEAK_PULLUP ;        ;              ;                     ; Column I/O   ;                 ; no       ; On           ;
; M18      ;            ;                ; GND                             ; gnd    ;              ;                     ; --           ;                 ; --       ; --           ;
; M19      ; 334        ; 6A             ; RESERVED_INPUT_WITH_WEAK_PULLUP ;        ;              ;                     ; Row I/O      ;                 ; no       ; On           ;
; M20      ;            ;                ; GND                             ; gnd    ;              ;                     ; --           ;                 ; --       ; --           ;
; M21      ;            ; 6A, 6B         ; VCCPD6A6B_HPS                   ; power  ;              ; 2.5V                ; --           ;                 ; --       ; --           ;
; M22      ; 308        ; 6A             ; RESERVED_INPUT_WITH_WEAK_PULLUP ;        ;              ;                     ; Row I/O      ;                 ; no       ; On           ;
; M23      ; 348        ; 6A             ; RESERVED_INPUT_WITH_WEAK_PULLUP ;        ;              ;                     ; Row I/O      ;                 ; no       ; On           ;
; M24      ;            ; 6A             ; VCCIO6A_HPS                     ; power  ;              ; 2.5V                ; --           ;                 ; --       ; --           ;
; M25      ; 324        ; 6A             ; RESERVED_INPUT_WITH_WEAK_PULLUP ;        ;              ;                     ; Row I/O      ;                 ; no       ; On           ;
; M26      ; 314        ; 6A             ; RESERVED_INPUT_WITH_WEAK_PULLUP ;        ;              ;                     ; Row I/O      ;                 ; no       ; On           ;
; M27      ; 312        ; 6A             ; RESERVED_INPUT_WITH_WEAK_PULLUP ;        ;              ;                     ; Row I/O      ;                 ; no       ; On           ;
; M28      ; 309        ; 6A             ; RESERVED_INPUT_WITH_WEAK_PULLUP ;        ;              ;                     ; Row I/O      ;                 ; no       ; On           ;
; M29      ;            ;                ; GND                             ; gnd    ;              ;                     ; --           ;                 ; --       ; --           ;
; M30      ; 311        ; 6A             ; RESERVED_INPUT_WITH_WEAK_PULLUP ;        ;              ;                     ; Row I/O      ;                 ; no       ; On           ;
; N1       ;            ;                ; GND                             ; gnd    ;              ;                     ; --           ;                 ; --       ; --           ;
; N2       ;            ;                ; GND                             ; gnd    ;              ;                     ; --           ;                 ; --       ; --           ;
; N3       ;            ;                ; GND                             ; gnd    ;              ;                     ; --           ;                 ; --       ; --           ;
; N4       ;            ;                ; GND                             ; gnd    ;              ;                     ; --           ;                 ; --       ; --           ;
; N5       ;            ; --             ; VCC                             ; power  ;              ; 1.1V                ; --           ;                 ; --       ; --           ;
; N6       ;            ;                ; GND                             ; gnd    ;              ;                     ; --           ;                 ; --       ; --           ;
; N7       ;            ; --             ; VCCA_FPLL                       ; power  ;              ; 2.5V                ; --           ;                 ; --       ; --           ;
; N8       ;            ;                ; GND                             ; gnd    ;              ;                     ; --           ;                 ; --       ; --           ;
; N9       ;            ;                ; GND                             ; gnd    ;              ;                     ; --           ;                 ; --       ; --           ;
; N10      ;            ; --             ; VCC                             ; power  ;              ; 1.1V                ; --           ;                 ; --       ; --           ;
; N11      ;            ;                ; GND                             ; gnd    ;              ;                     ; --           ;                 ; --       ; --           ;
; N12      ;            ; --             ; VCC                             ; power  ;              ; 1.1V                ; --           ;                 ; --       ; --           ;
; N13      ;            ;                ; GND                             ; gnd    ;              ;                     ; --           ;                 ; --       ; --           ;
; N14      ;            ; --             ; VCC                             ; power  ;              ; 1.1V                ; --           ;                 ; --       ; --           ;
; N15      ;            ;                ; GND                             ; gnd    ;              ;                     ; --           ;                 ; --       ; --           ;
; N16      ; 452        ; 7D             ; RESERVED_INPUT_WITH_WEAK_PULLUP ;        ;              ;                     ; Column I/O   ;                 ; no       ; On           ;
; N17      ;            ;                ; GND                             ; gnd    ;              ;                     ; --           ;                 ; --       ; --           ;
; N18      ; 332        ; 6A             ; RESERVED_INPUT_WITH_WEAK_PULLUP ;        ;              ;                     ; Row I/O      ;                 ; no       ; On           ;
; N19      ;            ;                ; GND                             ; gnd    ;              ;                     ; --           ;                 ; --       ; --           ;
; N20      ;            ; --             ; VCC_HPS                         ; power  ;              ; 1.1V                ; --           ;                 ; --       ; --           ;
; N21      ;            ; 6A             ; VCCIO6A_HPS                     ; power  ;              ; 2.5V                ; --           ;                 ; --       ; --           ;
; N22      ;            ; 6A, 6B         ; VCCPD6A6B_HPS                   ; power  ;              ; 2.5V                ; --           ;                 ; --       ; --           ;
; N23      ; 310        ; 6A             ; RESERVED_INPUT_WITH_WEAK_PULLUP ;        ;              ;                     ; Row I/O      ;                 ; no       ; On           ;
; N24      ; 318        ; 6A             ; RESERVED_INPUT_WITH_WEAK_PULLUP ;        ;              ;                     ; Row I/O      ;                 ; no       ; On           ;
; N25      ; 316        ; 6A             ; RESERVED_INPUT_WITH_WEAK_PULLUP ;        ;              ;                     ; Row I/O      ;                 ; no       ; On           ;
; N26      ;            ;                ; GND                             ; gnd    ;              ;                     ; --           ;                 ; --       ; --           ;
; N27      ; 297        ; 6B             ; RESERVED_INPUT_WITH_WEAK_PULLUP ;        ;              ;                     ; Row I/O      ;                 ; no       ; On           ;
; N28      ; 303        ; 6B             ; RESERVED_INPUT_WITH_WEAK_PULLUP ;        ;              ;                     ; Row I/O      ;                 ; no       ; On           ;
; N29      ; 305        ; 6B             ; RESERVED_INPUT_WITH_WEAK_PULLUP ;        ;              ;                     ; Row I/O      ;                 ; no       ; On           ;
; N30      ; 307        ; 6B             ; RESERVED_INPUT_WITH_WEAK_PULLUP ;        ;              ;                     ; Row I/O      ;                 ; no       ; On           ;
; P1       ;            ;                ; GND                             ; gnd    ;              ;                     ; --           ;                 ; --       ; --           ;
; P2       ;            ;                ; GND                             ; gnd    ;              ;                     ; --           ;                 ; --       ; --           ;
; P3       ;            ;                ; DNU                             ;        ;              ;                     ; --           ;                 ; --       ; --           ;
; P4       ;            ;                ; DNU                             ;        ;              ;                     ; --           ;                 ; --       ; --           ;
; P5       ;            ;                ; GND                             ; gnd    ;              ;                     ; --           ;                 ; --       ; --           ;
; P6       ;            ; --             ; VCCA_FPLL                       ; power  ;              ; 2.5V                ; --           ;                 ; --       ; --           ;
; P7       ;            ;                ; GND                             ; gnd    ;              ;                     ; --           ;                 ; --       ; --           ;
; P8       ;            ;                ; GND                             ; gnd    ;              ;                     ; --           ;                 ; --       ; --           ;
; P9       ;            ;                ; GND                             ; gnd    ;              ;                     ; --           ;                 ; --       ; --           ;
; P10      ;            ;                ; GND                             ; gnd    ;              ;                     ; --           ;                 ; --       ; --           ;
; P11      ;            ; --             ; VCC                             ; power  ;              ; 1.1V                ; --           ;                 ; --       ; --           ;
; P12      ;            ;                ; GND                             ; gnd    ;              ;                     ; --           ;                 ; --       ; --           ;
; P13      ;            ; --             ; VCC                             ; power  ;              ; 1.1V                ; --           ;                 ; --       ; --           ;
; P14      ;            ;                ; GND                             ; gnd    ;              ;                     ; --           ;                 ; --       ; --           ;
; P15      ;            ; --             ; VCC_HPS                         ; power  ;              ; 1.1V                ; --           ;                 ; --       ; --           ;
; P16      ;            ;                ; GND                             ; gnd    ;              ;                     ; --           ;                 ; --       ; --           ;
; P17      ;            ; --             ; VCC_HPS                         ; power  ;              ; 1.1V                ; --           ;                 ; --       ; --           ;
; P18      ;            ;                ; GND                             ; gnd    ;              ;                     ; --           ;                 ; --       ; --           ;
; P19      ;            ; --             ; VCC_HPS                         ; power  ;              ; 1.1V                ; --           ;                 ; --       ; --           ;
; P20      ;            ;                ; GND                             ; gnd    ;              ;                     ; --           ;                 ; --       ; --           ;
; P21      ;            ; 6A, 6B         ; VCCPD6A6B_HPS                   ; power  ;              ; 2.5V                ; --           ;                 ; --       ; --           ;
; P22      ; 294        ; 6B             ; RESERVED_INPUT_WITH_WEAK_PULLUP ;        ;              ;                     ; Row I/O      ;                 ; no       ; On           ;
; P23      ;            ; 6B             ; VCCIO6B_HPS                     ; power  ;              ; 2.5V                ; --           ;                 ; --       ; --           ;
; P24      ; 290        ; 6B             ; RESERVED_INPUT_WITH_WEAK_PULLUP ;        ;              ;                     ; Row I/O      ;                 ; no       ; On           ;
; P25      ; 288        ; 6B             ; RESERVED_INPUT_WITH_WEAK_PULLUP ;        ;              ;                     ; Row I/O      ;                 ; no       ; On           ;
; P26      ; 298        ; 6B             ; RESERVED_INPUT_WITH_WEAK_PULLUP ;        ;              ;                     ; Row I/O      ;                 ; no       ; On           ;
; P27      ; 296        ; 6B             ; RESERVED_INPUT_WITH_WEAK_PULLUP ;        ;              ;                     ; Row I/O      ;                 ; no       ; On           ;
; P28      ;            ; 6B             ; VCCIO6B_HPS                     ; power  ;              ; 2.5V                ; --           ;                 ; --       ; --           ;
; P29      ; 299        ; 6B             ; RESERVED_INPUT_WITH_WEAK_PULLUP ;        ;              ;                     ; Row I/O      ;                 ; no       ; On           ;
; P30      ; 301        ; 6B             ; RESERVED_INPUT_WITH_WEAK_PULLUP ;        ;              ;                     ; Row I/O      ;                 ; no       ; On           ;
; R1       ;            ;                ; GND                             ; gnd    ;              ;                     ; --           ;                 ; --       ; --           ;
; R2       ;            ;                ; GND                             ; gnd    ;              ;                     ; --           ;                 ; --       ; --           ;
; R3       ;            ;                ; GND                             ; gnd    ;              ;                     ; --           ;                 ; --       ; --           ;
; R4       ;            ;                ; GND                             ; gnd    ;              ;                     ; --           ;                 ; --       ; --           ;
; R5       ;            ; --             ; VCC                             ; power  ;              ; 1.1V                ; --           ;                 ; --       ; --           ;
; R6       ;            ;                ; GND                             ; gnd    ;              ;                     ; --           ;                 ; --       ; --           ;
; R7       ;            ; --             ; VCCA_FPLL                       ; power  ;              ; 2.5V                ; --           ;                 ; --       ; --           ;
; R8       ;            ;                ; GND                             ; gnd    ;              ;                     ; --           ;                 ; --       ; --           ;
; R9       ;            ;                ; GND                             ; gnd    ;              ;                     ; --           ;                 ; --       ; --           ;
; R10      ;            ; --             ; VCC                             ; power  ;              ; 1.1V                ; --           ;                 ; --       ; --           ;
; R11      ;            ;                ; GND                             ; gnd    ;              ;                     ; --           ;                 ; --       ; --           ;
; R12      ;            ; --             ; VCC                             ; power  ;              ; 1.1V                ; --           ;                 ; --       ; --           ;
; R13      ;            ;                ; GND                             ; gnd    ;              ;                     ; --           ;                 ; --       ; --           ;
; R14      ;            ; --             ; VCC                             ; power  ;              ; 1.1V                ; --           ;                 ; --       ; --           ;
; R15      ;            ;                ; GND                             ; gnd    ;              ;                     ; --           ;                 ; --       ; --           ;
; R16      ;            ; --             ; VCC_HPS                         ; power  ;              ; 1.1V                ; --           ;                 ; --       ; --           ;
; R17      ;            ;                ; GND                             ; gnd    ;              ;                     ; --           ;                 ; --       ; --           ;
; R18      ; 302        ; 6B             ; RESERVED_INPUT_WITH_WEAK_PULLUP ;        ;              ;                     ; Row I/O      ;                 ; no       ; On           ;
; R19      ; 300        ; 6B             ; RESERVED_INPUT_WITH_WEAK_PULLUP ;        ;              ;                     ; Row I/O      ;                 ; no       ; On           ;
; R20      ;            ; 6A, 6B         ; VCCPD6A6B_HPS                   ; power  ;              ; 2.5V                ; --           ;                 ; --       ; --           ;
; R21      ; 286        ; 6B             ; RESERVED_INPUT_WITH_WEAK_PULLUP ;        ;              ;                     ; Row I/O      ;                 ; no       ; On           ;
; R22      ; 284        ; 6B             ; RESERVED_INPUT_WITH_WEAK_PULLUP ;        ;              ;                     ; Row I/O      ;                 ; no       ; On           ;
; R23      ;            ; 6A, 6B         ; VCCPD6A6B_HPS                   ; power  ;              ; 2.5V                ; --           ;                 ; --       ; --           ;
; R24      ; 272        ; 6B             ; RESERVED_INPUT_WITH_WEAK_PULLUP ;        ;              ;                     ; Row I/O      ;                 ; no       ; On           ;
; R25      ;            ; 6B             ; VCCIO6B_HPS                     ; power  ;              ; 2.5V                ; --           ;                 ; --       ; --           ;
; R26      ; 280        ; 6B             ; RESERVED_INPUT_WITH_WEAK_PULLUP ;        ;              ;                     ; Row I/O      ;                 ; no       ; On           ;
; R27      ; 282        ; 6B             ; RESERVED_INPUT_WITH_WEAK_PULLUP ;        ;              ;                     ; Row I/O      ;                 ; no       ; On           ;
; R28      ; 293        ; 6B             ; RESERVED_INPUT_WITH_WEAK_PULLUP ;        ;              ;                     ; Row I/O      ;                 ; no       ; On           ;
; R29      ; 295        ; 6B             ; RESERVED_INPUT_WITH_WEAK_PULLUP ;        ;              ;                     ; Row I/O      ;                 ; no       ; On           ;
; R30      ;            ;                ; GND                             ; gnd    ;              ;                     ; --           ;                 ; --       ; --           ;
; T1       ;            ;                ; GND                             ; gnd    ;              ;                     ; --           ;                 ; --       ; --           ;
; T2       ;            ;                ; GND                             ; gnd    ;              ;                     ; --           ;                 ; --       ; --           ;
; T3       ;            ;                ; DNU                             ;        ;              ;                     ; --           ;                 ; --       ; --           ;
; T4       ;            ;                ; DNU                             ;        ;              ;                     ; --           ;                 ; --       ; --           ;
; T5       ;            ;                ; GND                             ; gnd    ;              ;                     ; --           ;                 ; --       ; --           ;
; T6       ;            ; --             ; VCC                             ; power  ;              ; 1.1V                ; --           ;                 ; --       ; --           ;
; T7       ;            ;                ; GND                             ; gnd    ;              ;                     ; --           ;                 ; --       ; --           ;
; T8       ;            ;                ; GND                             ; gnd    ;              ;                     ; --           ;                 ; --       ; --           ;
; T9       ;            ;                ; GND                             ; gnd    ;              ;                     ; --           ;                 ; --       ; --           ;
; T10      ;            ;                ; GND                             ; gnd    ;              ;                     ; --           ;                 ; --       ; --           ;
; T11      ;            ; --             ; VCC                             ; power  ;              ; 1.1V                ; --           ;                 ; --       ; --           ;
; T12      ;            ;                ; GND                             ; gnd    ;              ;                     ; --           ;                 ; --       ; --           ;
; T13      ;            ; --             ; VCC                             ; power  ;              ; 1.1V                ; --           ;                 ; --       ; --           ;
; T14      ;            ;                ; GND                             ; gnd    ;              ;                     ; --           ;                 ; --       ; --           ;
; T15      ;            ;                ; GND                             ; gnd    ;              ;                     ; --           ;                 ; --       ; --           ;
; T16      ;            ;                ; GND                             ; gnd    ;              ;                     ; --           ;                 ; --       ; --           ;
; T17      ;            ; --             ; VCC_HPS                         ; power  ;              ; 1.1V                ; --           ;                 ; --       ; --           ;
; T18      ;            ;                ; GND                             ; gnd    ;              ;                     ; --           ;                 ; --       ; --           ;
; T19      ;            ; --             ; VCC_HPS                         ; power  ;              ; 1.1V                ; --           ;                 ; --       ; --           ;
; T20      ;            ;                ; GND                             ; gnd    ;              ;                     ; --           ;                 ; --       ; --           ;
; T21      ; 278        ; 6B             ; RESERVED_INPUT_WITH_WEAK_PULLUP ;        ;              ;                     ; Row I/O      ;                 ; no       ; On           ;
; T22      ;            ; 6B             ; VCCIO6B_HPS                     ; power  ;              ; 2.5V                ; --           ;                 ; --       ; --           ;
; T23      ; 270        ; 6B             ; RESERVED_INPUT_WITH_WEAK_PULLUP ;        ;              ;                     ; Row I/O      ;                 ; no       ; On           ;
; T24      ; 268        ; 6B             ; RESERVED_INPUT_WITH_WEAK_PULLUP ;        ;              ;                     ; Row I/O      ;                 ; no       ; On           ;
; T25      ; 266        ; 6B             ; RESERVED_INPUT_WITH_WEAK_PULLUP ;        ;              ;                     ; Row I/O      ;                 ; no       ; On           ;
; T26      ; 304        ; 6B             ; RESERVED_INPUT_WITH_WEAK_PULLUP ;        ;              ;                     ; Row I/O      ;                 ; no       ; On           ;
; T27      ;            ;                ; GND                             ; gnd    ;              ;                     ; --           ;                 ; --       ; --           ;
; T28      ; 287        ; 6B             ; RESERVED_INPUT_WITH_WEAK_PULLUP ;        ;              ;                     ; Row I/O      ;                 ; no       ; On           ;
; T29      ; 289        ; 6B             ; RESERVED_INPUT_WITH_WEAK_PULLUP ;        ;              ;                     ; Row I/O      ;                 ; no       ; On           ;
; T30      ; 291        ; 6B             ; RESERVED_INPUT_WITH_WEAK_PULLUP ;        ;              ;                     ; Row I/O      ;                 ; no       ; On           ;
; U1       ;            ;                ; GND                             ; gnd    ;              ;                     ; --           ;                 ; --       ; --           ;
; U2       ;            ;                ; GND                             ; gnd    ;              ;                     ; --           ;                 ; --       ; --           ;
; U3       ;            ;                ; GND                             ; gnd    ;              ;                     ; --           ;                 ; --       ; --           ;
; U4       ;            ;                ; GND                             ; gnd    ;              ;                     ; --           ;                 ; --       ; --           ;
; U5       ;            ; --             ; VCC                             ; power  ;              ; 1.1V                ; --           ;                 ; --       ; --           ;
; U6       ;            ;                ; GND                             ; gnd    ;              ;                     ; --           ;                 ; --       ; --           ;
; U7       ; 50         ; 3A             ; ^DCLK                           ;        ;              ;                     ; Weak Pull Up ;                 ; --       ; On           ;
; U8       ; 48         ; 3A             ; altera_reserved_tdi             ; input  ; 2.5 V        ;                     ; --           ; N               ; no       ; Off          ;
; U9       ;            ;                ; GND                             ; gnd    ;              ;                     ; --           ;                 ; --       ; --           ;
; U10      ;            ; --             ; VCC                             ; power  ;              ; 1.1V                ; --           ;                 ; --       ; --           ;
; U11      ;            ;                ; GND                             ; gnd    ;              ;                     ; --           ;                 ; --       ; --           ;
; U12      ;            ; --             ; VCC                             ; power  ;              ; 1.1V                ; --           ;                 ; --       ; --           ;
; U13      ;            ;                ; GND                             ; gnd    ;              ;                     ; --           ;                 ; --       ; --           ;
; U14      ;            ; --             ; VCC                             ; power  ;              ; 1.1V                ; --           ;                 ; --       ; --           ;
; U15      ;            ;                ; GND                             ; gnd    ;              ;                     ; --           ;                 ; --       ; --           ;
; U16      ;            ; --             ; VCC_HPS                         ; power  ;              ; 1.1V                ; --           ;                 ; --       ; --           ;
; U17      ;            ;                ; GND                             ; gnd    ;              ;                     ; --           ;                 ; --       ; --           ;
; U18      ;            ; --             ; VCC_HPS                         ; power  ;              ; 1.1V                ; --           ;                 ; --       ; --           ;
; U19      ;            ; 6B             ; VCCIO6B_HPS                     ; power  ;              ; 2.5V                ; --           ;                 ; --       ; --           ;
; U20      ; 276        ; 6B             ; RESERVED_INPUT_WITH_WEAK_PULLUP ;        ;              ;                     ; Row I/O      ;                 ; no       ; On           ;
; U21      ;            ; --             ; VCC                             ; power  ;              ; 1.1V                ; --           ;                 ; --       ; --           ;
; U22      ;            ;                ; GND                             ; gnd    ;              ;                     ; --           ;                 ; --       ; --           ;
; U23      ;            ; 5B             ; VCCPD5B                         ; power  ;              ; 2.5V                ; --           ;                 ; --       ; --           ;
; U24      ;            ;                ; GND                             ; gnd    ;              ;                     ; --           ;                 ; --       ; --           ;
; U25      ; 264        ; 6B             ; RESERVED_INPUT_WITH_WEAK_PULLUP ;        ;              ;                     ; Row I/O      ;                 ; no       ; On           ;
; U26      ; 306        ; 6B             ; RESERVED_INPUT_WITH_WEAK_PULLUP ;        ;              ;                     ; Row I/O      ;                 ; no       ; On           ;
; U27      ; 273        ; 6B             ; RESERVED_INPUT_WITH_WEAK_PULLUP ;        ;              ;                     ; Row I/O      ;                 ; no       ; On           ;
; U28      ; 285        ; 6B             ; RESERVED_INPUT_WITH_WEAK_PULLUP ;        ;              ;                     ; Row I/O      ;                 ; no       ; On           ;
; U29      ;            ;                ; GND                             ; gnd    ;              ;                     ; --           ;                 ; --       ; --           ;
; U30      ; 283        ; 6B             ; RESERVED_INPUT_WITH_WEAK_PULLUP ;        ;              ;                     ; Row I/O      ;                 ; --       ; --           ;
; V1       ;            ;                ; GND                             ; gnd    ;              ;                     ; --           ;                 ; --       ; --           ;
; V2       ;            ;                ; GND                             ; gnd    ;              ;                     ; --           ;                 ; --       ; --           ;
; V3       ;            ;                ; DNU                             ;        ;              ;                     ; --           ;                 ; --       ; --           ;
; V4       ;            ;                ; DNU                             ;        ;              ;                     ; --           ;                 ; --       ; --           ;
; V5       ;            ;                ; GND                             ; gnd    ;              ;                     ; --           ;                 ; --       ; --           ;
; V6       ;            ; --             ; VCCA_FPLL                       ; power  ;              ; 2.5V                ; --           ;                 ; --       ; --           ;
; V7       ;            ;                ; GND                             ; gnd    ;              ;                     ; --           ;                 ; --       ; --           ;
; V8       ;            ; --             ; VCCA_FPLL                       ; power  ;              ; 2.5V                ; --           ;                 ; --       ; --           ;
; V9       ; 44         ; 3A             ; altera_reserved_tms             ; input  ; 2.5 V        ;                     ; --           ; N               ; no       ; Off          ;
; V10      ;            ;                ; GND                             ; gnd    ;              ;                     ; --           ;                 ; --       ; --           ;
; V11      ;            ; --             ; VCC                             ; power  ;              ; 1.1V                ; --           ;                 ; --       ; --           ;
; V12      ;            ;                ; GND                             ; gnd    ;              ;                     ; --           ;                 ; --       ; --           ;
; V13      ;            ; --             ; VCC                             ; power  ;              ; 1.1V                ; --           ;                 ; --       ; --           ;
; V14      ;            ;                ; GND                             ; gnd    ;              ;                     ; --           ;                 ; --       ; --           ;
; V15      ;            ; --             ; VCC                             ; power  ;              ; 1.1V                ; --           ;                 ; --       ; --           ;
; V16      ; 138        ; 4A             ; LEDR[0]                         ; output ; 2.5 V        ;                     ; Column I/O   ; Y               ; no       ; Off          ;
; V17      ; 154        ; 4A             ; RESERVED_INPUT_WITH_WEAK_PULLUP ;        ;              ;                     ; Column I/O   ;                 ; no       ; On           ;
; V18      ; 194        ; 4A             ; RESERVED_INPUT_WITH_WEAK_PULLUP ;        ;              ;                     ; Column I/O   ;                 ; no       ; On           ;
; V19      ;            ;                ; GND                             ; gnd    ;              ;                     ; --           ;                 ; --       ; --           ;
; V20      ; 292        ; 6B             ; RESERVED_INPUT_WITH_WEAK_PULLUP ;        ;              ;                     ; Row I/O      ;                 ; no       ; On           ;
; V21      ;            ;                ; GND                             ; gnd    ;              ;                     ; --           ;                 ; --       ; --           ;
; V22      ;            ; 5A             ; VCCPD5A                         ; power  ;              ; 2.5V                ; --           ;                 ; --       ; --           ;
; V23      ; 236        ; 5A             ; RESERVED_INPUT_WITH_WEAK_PULLUP ;        ;              ;                     ; Row I/O      ;                 ; no       ; On           ;
; V24      ;            ; 5A             ; VCCPD5A                         ; power  ;              ; 2.5V                ; --           ;                 ; --       ; --           ;
; V25      ; 246        ; 5B             ; RESERVED_INPUT_WITH_WEAK_PULLUP ;        ;              ;                     ; Row I/O      ;                 ; no       ; On           ;
; V26      ;            ; 6B             ; VCCIO6B_HPS                     ; power  ;              ; 2.5V                ; --           ;                 ; --       ; --           ;
; V27      ; 265        ; 6B             ; RESERVED_INPUT_WITH_WEAK_PULLUP ;        ;              ;                     ; Row I/O      ;                 ; no       ; On           ;
; V28      ; 271        ; 6B             ; RESERVED_INPUT_WITH_WEAK_PULLUP ;        ;              ;                     ; Row I/O      ;                 ; no       ; On           ;
; V29      ; 275        ; 6B             ; RESERVED_INPUT_WITH_WEAK_PULLUP ;        ;              ;                     ; Row I/O      ;                 ; no       ; On           ;
; V30      ; 281        ; 6B             ; RESERVED_INPUT_WITH_WEAK_PULLUP ;        ;              ;                     ; Row I/O      ;                 ; no       ; On           ;
; W1       ;            ;                ; GND                             ; gnd    ;              ;                     ; --           ;                 ; --       ; --           ;
; W2       ;            ;                ; GND                             ; gnd    ;              ;                     ; --           ;                 ; --       ; --           ;
; W3       ;            ;                ; GND                             ; gnd    ;              ;                     ; --           ;                 ; --       ; --           ;
; W4       ;            ;                ; GND                             ; gnd    ;              ;                     ; --           ;                 ; --       ; --           ;
; W5       ;            ; --             ; VCC                             ; power  ;              ; 1.1V                ; --           ;                 ; --       ; --           ;
; W6       ;            ;                ; GND                             ; gnd    ;              ;                     ; --           ;                 ; --       ; --           ;
; W7       ;            ;                ; GND                             ; gnd    ;              ;                     ; --           ;                 ; --       ; --           ;
; W8       ;            ;                ; GND                             ; gnd    ;              ;                     ; --           ;                 ; --       ; --           ;
; W9       ;            ;                ; GND                             ; gnd    ;              ;                     ; --           ;                 ; --       ; --           ;
; W10      ;            ; --             ; VCC                             ; power  ;              ; 1.1V                ; --           ;                 ; --       ; --           ;
; W11      ;            ;                ; GND                             ; gnd    ;              ;                     ; --           ;                 ; --       ; --           ;
; W12      ;            ; --             ; VCC                             ; power  ;              ; 1.1V                ; --           ;                 ; --       ; --           ;
; W13      ;            ;                ; GND                             ; gnd    ;              ;                     ; --           ;                 ; --       ; --           ;
; W14      ;            ; --             ; VCC                             ; power  ;              ; 1.1V                ; --           ;                 ; --       ; --           ;
; W15      ; 130        ; 3B             ; VGA_B[3]                        ; output ; 2.5 V        ;                     ; Column I/O   ; N               ; no       ; Off          ;
; W16      ; 136        ; 4A             ; RESERVED_INPUT_WITH_WEAK_PULLUP ;        ;              ;                     ; Column I/O   ;                 ; no       ; On           ;
; W17      ; 152        ; 4A             ; RESERVED_INPUT_WITH_WEAK_PULLUP ;        ;              ;                     ; Column I/O   ;                 ; no       ; On           ;
; W18      ;            ;                ; GND                             ; gnd    ;              ;                     ; --           ;                 ; --       ; --           ;
; W19      ; 192        ; 4A             ; RESERVED_INPUT_WITH_WEAK_PULLUP ;        ;              ;                     ; Column I/O   ;                 ; no       ; On           ;
; W20      ; 217        ; 5A             ; RESERVED_INPUT_WITH_WEAK_PULLUP ;        ;              ;                     ; Row I/O      ;                 ; no       ; On           ;
; W21      ; 221        ; 5A             ; RESERVED_INPUT_WITH_WEAK_PULLUP ;        ;              ;                     ; Row I/O      ;                 ; no       ; On           ;
; W22      ; 223        ; 5A             ; RESERVED_INPUT_WITH_WEAK_PULLUP ;        ;              ;                     ; Row I/O      ;                 ; no       ; On           ;
; W23      ;            ; 5A             ; VCCIO5A                         ; power  ;              ; 2.5V                ; --           ;                 ; --       ; --           ;
; W24      ; 238        ; 5A             ; RESERVED_INPUT_WITH_WEAK_PULLUP ;        ;              ;                     ; Row I/O      ;                 ; no       ; On           ;
; W25      ; 244        ; 5B             ; RESERVED_INPUT_WITH_WEAK_PULLUP ;        ;              ;                     ; Row I/O      ;                 ; no       ; On           ;
; W26      ; 274        ; 6B             ; RESERVED_INPUT_WITH_WEAK_PULLUP ;        ;              ;                     ; Row I/O      ;                 ; no       ; On           ;
; W27      ; 261        ; 6B             ; RESERVED_INPUT_WITH_WEAK_PULLUP ;        ;              ;                     ; Row I/O      ;                 ; no       ; On           ;
; W28      ;            ;                ; GND                             ; gnd    ;              ;                     ; --           ;                 ; --       ; --           ;
; W29      ; 279        ; 6B             ; RESERVED_INPUT_WITH_WEAK_PULLUP ;        ;              ;                     ; Row I/O      ;                 ; no       ; On           ;
; W30      ; 277        ; 6B             ; RESERVED_INPUT_WITH_WEAK_PULLUP ;        ;              ;                     ; Row I/O      ;                 ; no       ; On           ;
; Y1       ;            ;                ; GND                             ; gnd    ;              ;                     ; --           ;                 ; --       ; --           ;
; Y2       ;            ;                ; GND                             ; gnd    ;              ;                     ; --           ;                 ; --       ; --           ;
; Y3       ;            ;                ; DNU                             ;        ;              ;                     ; --           ;                 ; --       ; --           ;
; Y4       ;            ;                ; DNU                             ;        ;              ;                     ; --           ;                 ; --       ; --           ;
; Y5       ;            ;                ; GND                             ; gnd    ;              ;                     ; --           ;                 ; --       ; --           ;
; Y6       ;            ; --             ; VCC                             ; power  ;              ; 1.1V                ; --           ;                 ; --       ; --           ;
; Y7       ;            ;                ; GND                             ; gnd    ;              ;                     ; --           ;                 ; --       ; --           ;
; Y8       ;            ;                ; GND                             ; gnd    ;              ;                     ; --           ;                 ; --       ; --           ;
; Y9       ;            ; --             ; VCC                             ; power  ;              ; 1.1V                ; --           ;                 ; --       ; --           ;
; Y10      ;            ;                ; GND                             ; gnd    ;              ;                     ; --           ;                 ; --       ; --           ;
; Y11      ;            ; --             ; VCC                             ; power  ;              ; 1.1V                ; --           ;                 ; --       ; --           ;
; Y12      ;            ;                ; GND                             ; gnd    ;              ;                     ; --           ;                 ; --       ; --           ;
; Y13      ;            ; --             ; VCC                             ; power  ;              ; 1.1V                ; --           ;                 ; --       ; --           ;
; Y14      ;            ;                ; GND                             ; gnd    ;              ;                     ; --           ;                 ; --       ; --           ;
; Y15      ;            ;                ; GND                             ; gnd    ;              ;                     ; --           ;                 ; --       ; --           ;
; Y16      ; 128        ; 3B             ; VGA_R[2]                        ; output ; 2.5 V        ;                     ; Column I/O   ; N               ; no       ; Off          ;
; Y17      ; 170        ; 4A             ; RESERVED_INPUT_WITH_WEAK_PULLUP ;        ;              ;                     ; Column I/O   ;                 ; no       ; On           ;
; Y18      ; 178        ; 4A             ; RESERVED_INPUT_WITH_WEAK_PULLUP ;        ;              ;                     ; Column I/O   ;                 ; no       ; On           ;
; Y19      ; 202        ; 4A             ; RESERVED_INPUT_WITH_WEAK_PULLUP ;        ;              ;                     ; Column I/O   ;                 ; no       ; On           ;
; Y20      ;            ;                ; GND                             ; gnd    ;              ;                     ; --           ;                 ; --       ; --           ;
; Y21      ; 219        ; 5A             ; RESERVED_INPUT_WITH_WEAK_PULLUP ;        ;              ;                     ; Row I/O      ;                 ; no       ; On           ;
; Y22      ;            ; --             ; VCCA_FPLL                       ; power  ;              ; 2.5V                ; --           ;                 ; --       ; --           ;
; Y23      ; 232        ; 5A             ; VGA_SYNC_N                      ; output ; 2.5 V        ;                     ; Row I/O      ; N               ; no       ; Off          ;
; Y24      ; 234        ; 5A             ; RESERVED_INPUT_WITH_WEAK_PULLUP ;        ;              ;                     ; Row I/O      ;                 ; no       ; On           ;
; Y25      ;            ;                ; GND                             ; gnd    ;              ;                     ; --           ;                 ; --       ; --           ;
; Y26      ; 256        ; 5B             ; RESERVED_INPUT_WITH_WEAK_PULLUP ;        ;              ;                     ; Row I/O      ;                 ; no       ; On           ;
; Y27      ; 258        ; 5B             ; RESERVED_INPUT_WITH_WEAK_PULLUP ;        ;              ;                     ; Row I/O      ;                 ; no       ; On           ;
; Y28      ; 269        ; 6B             ; RESERVED_INPUT_WITH_WEAK_PULLUP ;        ;              ;                     ; Row I/O      ;                 ; no       ; On           ;
; Y29      ; 263        ; 6B             ; RESERVED_INPUT_WITH_WEAK_PULLUP ;        ;              ;                     ; Row I/O      ;                 ; no       ; On           ;
; Y30      ;            ;                ; GND                             ; gnd    ;              ;                     ; --           ;                 ; --       ; --           ;
+----------+------------+----------------+---------------------------------+--------+--------------+---------------------+--------------+-----------------+----------+--------------+
Note: Pin directions (input, output or bidir) are based on device operating in user mode.


+-----------------------------------------------+
; I/O Assignment Warnings                       ;
+---------------+-------------------------------+
; Pin Name      ; Reason                        ;
+---------------+-------------------------------+
; CAM_HREF      ; Incomplete set of assignments ;
; CAM_DIN[0]    ; Incomplete set of assignments ;
; CAM_DIN[1]    ; Incomplete set of assignments ;
; CAM_DIN[2]    ; Incomplete set of assignments ;
; CAM_DIN[3]    ; Incomplete set of assignments ;
; CAM_DIN[4]    ; Incomplete set of assignments ;
; CAM_DIN[5]    ; Incomplete set of assignments ;
; CAM_DIN[6]    ; Incomplete set of assignments ;
; CAM_DIN[7]    ; Incomplete set of assignments ;
; CAM_XCLK      ; Incomplete set of assignments ;
; CAM_SIOC      ; Incomplete set of assignments ;
; LEDR[0]       ; Incomplete set of assignments ;
; DRAM_ADDR[0]  ; Incomplete set of assignments ;
; DRAM_ADDR[1]  ; Incomplete set of assignments ;
; DRAM_ADDR[2]  ; Incomplete set of assignments ;
; DRAM_ADDR[3]  ; Incomplete set of assignments ;
; DRAM_ADDR[4]  ; Incomplete set of assignments ;
; DRAM_ADDR[5]  ; Incomplete set of assignments ;
; DRAM_ADDR[6]  ; Incomplete set of assignments ;
; DRAM_ADDR[7]  ; Incomplete set of assignments ;
; DRAM_ADDR[8]  ; Incomplete set of assignments ;
; DRAM_ADDR[9]  ; Incomplete set of assignments ;
; DRAM_ADDR[10] ; Incomplete set of assignments ;
; DRAM_ADDR[11] ; Incomplete set of assignments ;
; DRAM_ADDR[12] ; Incomplete set of assignments ;
; DRAM_BA[0]    ; Incomplete set of assignments ;
; DRAM_BA[1]    ; Incomplete set of assignments ;
; DRAM_CAS_N    ; Incomplete set of assignments ;
; DRAM_CKE      ; Incomplete set of assignments ;
; DRAM_CLK      ; Incomplete set of assignments ;
; DRAM_CS_N     ; Incomplete set of assignments ;
; DRAM_DQM[0]   ; Incomplete set of assignments ;
; DRAM_DQM[1]   ; Incomplete set of assignments ;
; DRAM_RAS_N    ; Incomplete set of assignments ;
; DRAM_WE_N     ; Incomplete set of assignments ;
; VGA_HS        ; Incomplete set of assignments ;
; VGA_VS        ; Incomplete set of assignments ;
; VGA_R[0]      ; Incomplete set of assignments ;
; VGA_R[1]      ; Incomplete set of assignments ;
; VGA_R[2]      ; Incomplete set of assignments ;
; VGA_R[3]      ; Incomplete set of assignments ;
; VGA_G[0]      ; Incomplete set of assignments ;
; VGA_G[1]      ; Incomplete set of assignments ;
; VGA_G[2]      ; Incomplete set of assignments ;
; VGA_G[3]      ; Incomplete set of assignments ;
; VGA_B[0]      ; Incomplete set of assignments ;
; VGA_B[1]      ; Incomplete set of assignments ;
; VGA_B[2]      ; Incomplete set of assignments ;
; VGA_B[3]      ; Incomplete set of assignments ;
; VGA_BLANK_N   ; Incomplete set of assignments ;
; VGA_SYNC_N    ; Incomplete set of assignments ;
; VGA_CLK       ; Incomplete set of assignments ;
; CAM_SIOD      ; Incomplete set of assignments ;
; DRAM_DQ[0]    ; Incomplete set of assignments ;
; DRAM_DQ[1]    ; Incomplete set of assignments ;
; DRAM_DQ[2]    ; Incomplete set of assignments ;
; DRAM_DQ[3]    ; Incomplete set of assignments ;
; DRAM_DQ[4]    ; Incomplete set of assignments ;
; DRAM_DQ[5]    ; Incomplete set of assignments ;
; DRAM_DQ[6]    ; Incomplete set of assignments ;
; DRAM_DQ[7]    ; Incomplete set of assignments ;
; DRAM_DQ[8]    ; Incomplete set of assignments ;
; DRAM_DQ[9]    ; Incomplete set of assignments ;
; DRAM_DQ[10]   ; Incomplete set of assignments ;
; DRAM_DQ[11]   ; Incomplete set of assignments ;
; DRAM_DQ[12]   ; Incomplete set of assignments ;
; DRAM_DQ[13]   ; Incomplete set of assignments ;
; DRAM_DQ[14]   ; Incomplete set of assignments ;
; DRAM_DQ[15]   ; Incomplete set of assignments ;
; CLOCK_50      ; Incomplete set of assignments ;
; KEY[0]        ; Incomplete set of assignments ;
; CAM_PCLK      ; Incomplete set of assignments ;
; CAM_VSYNC     ; Incomplete set of assignments ;
; DRAM_ADDR[0]  ; Missing location assignment   ;
; DRAM_ADDR[1]  ; Missing location assignment   ;
; DRAM_ADDR[2]  ; Missing location assignment   ;
; DRAM_ADDR[3]  ; Missing location assignment   ;
; DRAM_ADDR[4]  ; Missing location assignment   ;
; DRAM_ADDR[5]  ; Missing location assignment   ;
; DRAM_ADDR[6]  ; Missing location assignment   ;
; DRAM_ADDR[7]  ; Missing location assignment   ;
; DRAM_ADDR[8]  ; Missing location assignment   ;
; DRAM_ADDR[9]  ; Missing location assignment   ;
; DRAM_ADDR[10] ; Missing location assignment   ;
; DRAM_ADDR[11] ; Missing location assignment   ;
; DRAM_ADDR[12] ; Missing location assignment   ;
; DRAM_BA[0]    ; Missing location assignment   ;
; DRAM_BA[1]    ; Missing location assignment   ;
; DRAM_CAS_N    ; Missing location assignment   ;
; DRAM_CKE      ; Missing location assignment   ;
; DRAM_CLK      ; Missing location assignment   ;
; DRAM_CS_N     ; Missing location assignment   ;
; DRAM_DQM[0]   ; Missing location assignment   ;
; DRAM_DQM[1]   ; Missing location assignment   ;
; DRAM_RAS_N    ; Missing location assignment   ;
; DRAM_WE_N     ; Missing location assignment   ;
; VGA_HS        ; Missing location assignment   ;
; VGA_VS        ; Missing location assignment   ;
; VGA_R[0]      ; Missing location assignment   ;
; VGA_R[1]      ; Missing location assignment   ;
; VGA_R[2]      ; Missing location assignment   ;
; VGA_R[3]      ; Missing location assignment   ;
; VGA_G[0]      ; Missing location assignment   ;
; VGA_G[1]      ; Missing location assignment   ;
; VGA_G[2]      ; Missing location assignment   ;
; VGA_G[3]      ; Missing location assignment   ;
; VGA_B[0]      ; Missing location assignment   ;
; VGA_B[1]      ; Missing location assignment   ;
; VGA_B[2]      ; Missing location assignment   ;
; VGA_B[3]      ; Missing location assignment   ;
; VGA_BLANK_N   ; Missing location assignment   ;
; VGA_SYNC_N    ; Missing location assignment   ;
; VGA_CLK       ; Missing location assignment   ;
; DRAM_DQ[0]    ; Missing location assignment   ;
; DRAM_DQ[1]    ; Missing location assignment   ;
; DRAM_DQ[2]    ; Missing location assignment   ;
; DRAM_DQ[3]    ; Missing location assignment   ;
; DRAM_DQ[4]    ; Missing location assignment   ;
; DRAM_DQ[5]    ; Missing location assignment   ;
; DRAM_DQ[6]    ; Missing location assignment   ;
; DRAM_DQ[7]    ; Missing location assignment   ;
; DRAM_DQ[8]    ; Missing location assignment   ;
; DRAM_DQ[9]    ; Missing location assignment   ;
; DRAM_DQ[10]   ; Missing location assignment   ;
; DRAM_DQ[11]   ; Missing location assignment   ;
; DRAM_DQ[12]   ; Missing location assignment   ;
; DRAM_DQ[13]   ; Missing location assignment   ;
; DRAM_DQ[14]   ; Missing location assignment   ;
; DRAM_DQ[15]   ; Missing location assignment   ;
; CLOCK_50      ; Missing location assignment   ;
+---------------+-------------------------------+


+--------------------------------------------------------------------------------------------------------------------------------------------------------+
; PLL Usage Summary                                                                                                                                      ;
+---------------------------------------------------------------------------------------------------------------------------+----------------------------+
;                                                                                                                           ;                            ;
+---------------------------------------------------------------------------------------------------------------------------+----------------------------+
; pll_25mhz:u_pll_25mhz|pll_25mhz_0002:pll_25mhz_inst|altera_pll:altera_pll_i|general[0].gpll~FRACTIONAL_PLL                ;                            ;
;     -- PLL Type                                                                                                           ; Integer PLL                ;
;     -- PLL Location                                                                                                       ; FRACTIONALPLL_X0_Y1_N0     ;
;     -- PLL Feedback clock type                                                                                            ; none                       ;
;     -- PLL Bandwidth                                                                                                      ; Auto                       ;
;         -- PLL Bandwidth Range                                                                                            ; 2100000 to 1400000 Hz      ;
;     -- Reference Clock Frequency                                                                                          ; 50.0 MHz                   ;
;     -- Reference Clock Sourced by                                                                                         ; Dedicated Pin              ;
;     -- PLL VCO Frequency                                                                                                  ; 300.0 MHz                  ;
;     -- PLL Operation Mode                                                                                                 ; Direct                     ;
;     -- PLL Freq Min Lock                                                                                                  ; 50.000000 MHz              ;
;     -- PLL Freq Max Lock                                                                                                  ; 133.333333 MHz             ;
;     -- PLL Enable                                                                                                         ; On                         ;
;     -- PLL Fractional Division                                                                                            ; N/A                        ;
;     -- M Counter                                                                                                          ; 12                         ;
;     -- N Counter                                                                                                          ; 2                          ;
;     -- PLL Refclk Select                                                                                                  ;                            ;
;             -- PLL Refclk Select Location                                                                                 ; PLLREFCLKSELECT_X0_Y7_N0   ;
;             -- PLL Reference Clock Input 0 source                                                                         ; clk_0                      ;
;             -- PLL Reference Clock Input 1 source                                                                         ; ref_clk1                   ;
;             -- ADJPLLIN source                                                                                            ; N/A                        ;
;             -- CORECLKIN source                                                                                           ; N/A                        ;
;             -- IQTXRXCLKIN source                                                                                         ; N/A                        ;
;             -- PLLIQCLKIN source                                                                                          ; N/A                        ;
;             -- RXIQCLKIN source                                                                                           ; N/A                        ;
;             -- CLKIN(0) source                                                                                            ; CLOCK_50~input             ;
;             -- CLKIN(1) source                                                                                            ; N/A                        ;
;             -- CLKIN(2) source                                                                                            ; N/A                        ;
;             -- CLKIN(3) source                                                                                            ; N/A                        ;
;     -- PLL Output Counter                                                                                                 ;                            ;
;         -- pll_25mhz:u_pll_25mhz|pll_25mhz_0002:pll_25mhz_inst|altera_pll:altera_pll_i|general[0].gpll~PLL_OUTPUT_COUNTER ;                            ;
;             -- Output Clock Frequency                                                                                     ; 25.0 MHz                   ;
;             -- Output Clock Location                                                                                      ; PLLOUTPUTCOUNTER_X0_Y4_N1  ;
;             -- C Counter Odd Divider Even Duty Enable                                                                     ; Off                        ;
;             -- Duty Cycle                                                                                                 ; 50.0000                    ;
;             -- Phase Shift                                                                                                ; 0.000000 degrees           ;
;             -- C Counter                                                                                                  ; 12                         ;
;             -- C Counter PH Mux PRST                                                                                      ; 0                          ;
;             -- C Counter PRST                                                                                             ; 1                          ;
;                                                                                                                           ;                            ;
; sys_pll:u_sys_pll|sys_pll_0002:sys_pll_inst|altera_pll:altera_pll_i|general[0].gpll~FRACTIONAL_PLL                        ;                            ;
;     -- PLL Type                                                                                                           ; Integer PLL                ;
;     -- PLL Location                                                                                                       ; FRACTIONALPLL_X0_Y15_N0    ;
;     -- PLL Feedback clock type                                                                                            ; none                       ;
;     -- PLL Bandwidth                                                                                                      ; Auto                       ;
;         -- PLL Bandwidth Range                                                                                            ; 1200000 to 600000 Hz       ;
;     -- Reference Clock Frequency                                                                                          ; 50.0 MHz                   ;
;     -- Reference Clock Sourced by                                                                                         ; Dedicated Pin              ;
;     -- PLL VCO Frequency                                                                                                  ; 500.0 MHz                  ;
;     -- PLL Operation Mode                                                                                                 ; Direct                     ;
;     -- PLL Freq Min Lock                                                                                                  ; 30.000000 MHz              ;
;     -- PLL Freq Max Lock                                                                                                  ; 80.000000 MHz              ;
;     -- PLL Enable                                                                                                         ; On                         ;
;     -- PLL Fractional Division                                                                                            ; N/A                        ;
;     -- M Counter                                                                                                          ; 20                         ;
;     -- N Counter                                                                                                          ; 2                          ;
;     -- PLL Refclk Select                                                                                                  ;                            ;
;             -- PLL Refclk Select Location                                                                                 ; PLLREFCLKSELECT_X0_Y21_N0  ;
;             -- PLL Reference Clock Input 0 source                                                                         ; clk_0                      ;
;             -- PLL Reference Clock Input 1 source                                                                         ; ref_clk1                   ;
;             -- ADJPLLIN source                                                                                            ; N/A                        ;
;             -- CORECLKIN source                                                                                           ; N/A                        ;
;             -- IQTXRXCLKIN source                                                                                         ; N/A                        ;
;             -- PLLIQCLKIN source                                                                                          ; N/A                        ;
;             -- RXIQCLKIN source                                                                                           ; N/A                        ;
;             -- CLKIN(0) source                                                                                            ; CLOCK_50~input             ;
;             -- CLKIN(1) source                                                                                            ; N/A                        ;
;             -- CLKIN(2) source                                                                                            ; N/A                        ;
;             -- CLKIN(3) source                                                                                            ; N/A                        ;
;     -- PLL Output Counter                                                                                                 ;                            ;
;         -- sys_pll:u_sys_pll|sys_pll_0002:sys_pll_inst|altera_pll:altera_pll_i|general[0].gpll~PLL_OUTPUT_COUNTER         ;                            ;
;             -- Output Clock Frequency                                                                                     ; 50.0 MHz                   ;
;             -- Output Clock Location                                                                                      ; PLLOUTPUTCOUNTER_X0_Y19_N1 ;
;             -- C Counter Odd Divider Even Duty Enable                                                                     ; Off                        ;
;             -- Duty Cycle                                                                                                 ; 50.0000                    ;
;             -- Phase Shift                                                                                                ; 0.000000 degrees           ;
;             -- C Counter                                                                                                  ; 10                         ;
;             -- C Counter PH Mux PRST                                                                                      ; 0                          ;
;             -- C Counter PRST                                                                                             ; 1                          ;
;         -- sys_pll:u_sys_pll|sys_pll_0002:sys_pll_inst|altera_pll:altera_pll_i|general[1].gpll~PLL_OUTPUT_COUNTER         ;                            ;
;             -- Output Clock Frequency                                                                                     ; 50.0 MHz                   ;
;             -- Output Clock Location                                                                                      ; PLLOUTPUTCOUNTER_X0_Y21_N1 ;
;             -- C Counter Odd Divider Even Duty Enable                                                                     ; Off                        ;
;             -- Duty Cycle                                                                                                 ; 50.0000                    ;
;             -- Phase Shift                                                                                                ; 306.000000 degrees         ;
;             -- C Counter                                                                                                  ; 10                         ;
;             -- C Counter PH Mux PRST                                                                                      ; 4                          ;
;             -- C Counter PRST                                                                                             ; 9                          ;
;                                                                                                                           ;                            ;
+---------------------------------------------------------------------------------------------------------------------------+----------------------------+


+----------------------------------------------------------------------------------------------------------------------------------------------------------------------------------------------------------------------------------------------------------------------------------------------------------------------------------------------------------------------------------------------------------------------------------------------------------------------------------------------------------------------------------------------------------------------------------------------------------------------------------------------------------------------------------------------------------------------------------------------------------------------------------------------------------------------------------------------------------------------------------------------------------------------------------+
; Fitter Resource Utilization by Entity                                                                                                                                                                                                                                                                                                                                                                                                                                                                                                                                                                                                                                                                                                                                                                                                                                                                                            ;
+-----------------------------------------------------------------------------------------------------------------------------------------+----------------------+----------------------------------+---------------------------------------------------+----------------------------------+----------------------+---------------------+---------------------------+---------------+-------------------+-------+------------+------+--------------+-------------------------------------------------------------------------------------------------------------------------------------------------------------------------------------------------------------------------------------------------------------------------------------------------------------------------------------------------------------------------------------------------------------+--------------------------------------------------+--------------+
; Compilation Hierarchy Node                                                                                                              ; ALMs needed [=A-B+C] ; [A] ALMs used in final placement ; [B] Estimate of ALMs recoverable by dense packing ; [C] Estimate of ALMs unavailable ; ALMs used for memory ; Combinational ALUTs ; Dedicated Logic Registers ; I/O Registers ; Block Memory Bits ; M10Ks ; DSP Blocks ; Pins ; Virtual Pins ; Full Hierarchy Name                                                                                                                                                                                                                                                                                                                                                                                         ; Entity Name                                      ; Library Name ;
+-----------------------------------------------------------------------------------------------------------------------------------------+----------------------+----------------------------------+---------------------------------------------------+----------------------------------+----------------------+---------------------+---------------------------+---------------+-------------------+-------+------------+------+--------------+-------------------------------------------------------------------------------------------------------------------------------------------------------------------------------------------------------------------------------------------------------------------------------------------------------------------------------------------------------------------------------------------------------------+--------------------------------------------------+--------------+
; |soc_camera                                                                                                                             ; 1209.0 (0.5)         ; 1371.5 (0.5)                     ; 176.5 (0.0)                                       ; 14.0 (0.0)                       ; 0.0 (0.0)            ; 1985 (1)            ; 1690 (0)                  ; 69 (69)       ; 560256            ; 73    ; 0          ; 73   ; 0            ; |soc_camera                                                                                                                                                                                                                                                                                                                                                                                                 ; soc_camera                                       ; work         ;
;    |ov7670_config:u_ov7670_config|                                                                                                      ; 63.5 (34.0)          ; 63.5 (34.0)                      ; 0.0 (0.0)                                         ; 0.0 (0.0)                        ; 0.0 (0.0)            ; 113 (62)            ; 86 (53)                   ; 0 (0)         ; 0                 ; 0     ; 0          ; 0    ; 0            ; |soc_camera|ov7670_config:u_ov7670_config                                                                                                                                                                                                                                                                                                                                                                   ; ov7670_config                                    ; work         ;
;       |sccb_master:u_sccb|                                                                                                              ; 29.5 (29.5)          ; 29.5 (29.5)                      ; 0.0 (0.0)                                         ; 0.0 (0.0)                        ; 0.0 (0.0)            ; 51 (51)             ; 33 (33)                   ; 0 (0)         ; 0                 ; 0     ; 0          ; 0    ; 0            ; |soc_camera|ov7670_config:u_ov7670_config|sccb_master:u_sccb                                                                                                                                                                                                                                                                                                                                                ; sccb_master                                      ; work         ;
;    |pll_25mhz:u_pll_25mhz|                                                                                                              ; 0.0 (0.0)            ; 0.0 (0.0)                        ; 0.0 (0.0)                                         ; 0.0 (0.0)                        ; 0.0 (0.0)            ; 0 (0)               ; 0 (0)                     ; 0 (0)         ; 0                 ; 0     ; 0          ; 0    ; 0            ; |soc_camera|pll_25mhz:u_pll_25mhz                                                                                                                                                                                                                                                                                                                                                                           ; pll_25mhz                                        ; pll_25mhz    ;
;       |pll_25mhz_0002:pll_25mhz_inst|                                                                                                   ; 0.0 (0.0)            ; 0.0 (0.0)                        ; 0.0 (0.0)                                         ; 0.0 (0.0)                        ; 0.0 (0.0)            ; 0 (0)               ; 0 (0)                     ; 0 (0)         ; 0                 ; 0     ; 0          ; 0    ; 0            ; |soc_camera|pll_25mhz:u_pll_25mhz|pll_25mhz_0002:pll_25mhz_inst                                                                                                                                                                                                                                                                                                                                             ; pll_25mhz_0002                                   ; pll_25mhz    ;
;          |altera_pll:altera_pll_i|                                                                                                      ; 0.0 (0.0)            ; 0.0 (0.0)                        ; 0.0 (0.0)                                         ; 0.0 (0.0)                        ; 0.0 (0.0)            ; 0 (0)               ; 0 (0)                     ; 0 (0)         ; 0                 ; 0     ; 0          ; 0    ; 0            ; |soc_camera|pll_25mhz:u_pll_25mhz|pll_25mhz_0002:pll_25mhz_inst|altera_pll:altera_pll_i                                                                                                                                                                                                                                                                                                                     ; altera_pll                                       ; work         ;
;    |sld_hub:auto_hub|                                                                                                                   ; 69.5 (0.5)           ; 84.5 (0.5)                       ; 15.0 (0.0)                                        ; 0.0 (0.0)                        ; 0.0 (0.0)            ; 112 (1)             ; 87 (0)                    ; 0 (0)         ; 0                 ; 0     ; 0          ; 0    ; 0            ; |soc_camera|sld_hub:auto_hub                                                                                                                                                                                                                                                                                                                                                                                ; sld_hub                                          ; altera_sld   ;
;       |alt_sld_fab_with_jtag_input:\instrumentation_fabric_with_node_gen:fabric_gen_new_way:with_jtag_input_gen:instrumentation_fabric| ; 69.0 (0.0)           ; 84.0 (0.0)                       ; 15.0 (0.0)                                        ; 0.0 (0.0)                        ; 0.0 (0.0)            ; 111 (0)             ; 87 (0)                    ; 0 (0)         ; 0                 ; 0     ; 0          ; 0    ; 0            ; |soc_camera|sld_hub:auto_hub|alt_sld_fab_with_jtag_input:\instrumentation_fabric_with_node_gen:fabric_gen_new_way:with_jtag_input_gen:instrumentation_fabric                                                                                                                                                                                                                                                ; alt_sld_fab_with_jtag_input                      ; altera_sld   ;
;          |alt_sld_fab:instrumentation_fabric|                                                                                           ; 69.0 (0.0)           ; 84.0 (0.0)                       ; 15.0 (0.0)                                        ; 0.0 (0.0)                        ; 0.0 (0.0)            ; 111 (0)             ; 87 (0)                    ; 0 (0)         ; 0                 ; 0     ; 0          ; 0    ; 0            ; |soc_camera|sld_hub:auto_hub|alt_sld_fab_with_jtag_input:\instrumentation_fabric_with_node_gen:fabric_gen_new_way:with_jtag_input_gen:instrumentation_fabric|alt_sld_fab:instrumentation_fabric                                                                                                                                                                                                             ; alt_sld_fab                                      ; alt_sld_fab  ;
;             |alt_sld_fab_alt_sld_fab:alt_sld_fab|                                                                                       ; 69.0 (1.2)           ; 84.0 (3.2)                       ; 15.0 (2.0)                                        ; 0.0 (0.0)                        ; 0.0 (0.0)            ; 111 (1)             ; 87 (6)                    ; 0 (0)         ; 0                 ; 0     ; 0          ; 0    ; 0            ; |soc_camera|sld_hub:auto_hub|alt_sld_fab_with_jtag_input:\instrumentation_fabric_with_node_gen:fabric_gen_new_way:with_jtag_input_gen:instrumentation_fabric|alt_sld_fab:instrumentation_fabric|alt_sld_fab_alt_sld_fab:alt_sld_fab                                                                                                                                                                         ; alt_sld_fab_alt_sld_fab                          ; alt_sld_fab  ;
;                |alt_sld_fab_alt_sld_fab_sldfabric:sldfabric|                                                                            ; 67.8 (0.0)           ; 80.8 (0.0)                       ; 13.0 (0.0)                                        ; 0.0 (0.0)                        ; 0.0 (0.0)            ; 110 (0)             ; 81 (0)                    ; 0 (0)         ; 0                 ; 0     ; 0          ; 0    ; 0            ; |soc_camera|sld_hub:auto_hub|alt_sld_fab_with_jtag_input:\instrumentation_fabric_with_node_gen:fabric_gen_new_way:with_jtag_input_gen:instrumentation_fabric|alt_sld_fab:instrumentation_fabric|alt_sld_fab_alt_sld_fab:alt_sld_fab|alt_sld_fab_alt_sld_fab_sldfabric:sldfabric                                                                                                                             ; alt_sld_fab_alt_sld_fab_sldfabric                ; alt_sld_fab  ;
;                   |sld_jtag_hub:\jtag_hub_gen:real_sld_jtag_hub|                                                                        ; 67.8 (45.9)          ; 80.8 (54.6)                      ; 13.0 (8.7)                                        ; 0.0 (0.0)                        ; 0.0 (0.0)            ; 110 (75)            ; 81 (52)                   ; 0 (0)         ; 0                 ; 0     ; 0          ; 0    ; 0            ; |soc_camera|sld_hub:auto_hub|alt_sld_fab_with_jtag_input:\instrumentation_fabric_with_node_gen:fabric_gen_new_way:with_jtag_input_gen:instrumentation_fabric|alt_sld_fab:instrumentation_fabric|alt_sld_fab_alt_sld_fab:alt_sld_fab|alt_sld_fab_alt_sld_fab_sldfabric:sldfabric|sld_jtag_hub:\jtag_hub_gen:real_sld_jtag_hub                                                                                ; sld_jtag_hub                                     ; work         ;
;                      |sld_rom_sr:hub_info_reg|                                                                                          ; 11.5 (11.5)          ; 11.5 (11.5)                      ; 0.0 (0.0)                                         ; 0.0 (0.0)                        ; 0.0 (0.0)            ; 16 (16)             ; 10 (10)                   ; 0 (0)         ; 0                 ; 0     ; 0          ; 0    ; 0            ; |soc_camera|sld_hub:auto_hub|alt_sld_fab_with_jtag_input:\instrumentation_fabric_with_node_gen:fabric_gen_new_way:with_jtag_input_gen:instrumentation_fabric|alt_sld_fab:instrumentation_fabric|alt_sld_fab_alt_sld_fab:alt_sld_fab|alt_sld_fab_alt_sld_fab_sldfabric:sldfabric|sld_jtag_hub:\jtag_hub_gen:real_sld_jtag_hub|sld_rom_sr:hub_info_reg                                                        ; sld_rom_sr                                       ; work         ;
;                      |sld_shadow_jsm:shadow_jsm|                                                                                        ; 10.4 (10.4)          ; 14.7 (14.7)                      ; 4.3 (4.3)                                         ; 0.0 (0.0)                        ; 0.0 (0.0)            ; 19 (19)             ; 19 (19)                   ; 0 (0)         ; 0                 ; 0     ; 0          ; 0    ; 0            ; |soc_camera|sld_hub:auto_hub|alt_sld_fab_with_jtag_input:\instrumentation_fabric_with_node_gen:fabric_gen_new_way:with_jtag_input_gen:instrumentation_fabric|alt_sld_fab:instrumentation_fabric|alt_sld_fab_alt_sld_fab:alt_sld_fab|alt_sld_fab_alt_sld_fab_sldfabric:sldfabric|sld_jtag_hub:\jtag_hub_gen:real_sld_jtag_hub|sld_shadow_jsm:shadow_jsm                                                      ; sld_shadow_jsm                                   ; altera_sld   ;
;    |sys_pll:u_sys_pll|                                                                                                                  ; 0.0 (0.0)            ; 0.0 (0.0)                        ; 0.0 (0.0)                                         ; 0.0 (0.0)                        ; 0.0 (0.0)            ; 0 (0)               ; 0 (0)                     ; 0 (0)         ; 0                 ; 0     ; 0          ; 0    ; 0            ; |soc_camera|sys_pll:u_sys_pll                                                                                                                                                                                                                                                                                                                                                                               ; sys_pll                                          ; sys_pll      ;
;       |sys_pll_0002:sys_pll_inst|                                                                                                       ; 0.0 (0.0)            ; 0.0 (0.0)                        ; 0.0 (0.0)                                         ; 0.0 (0.0)                        ; 0.0 (0.0)            ; 0 (0)               ; 0 (0)                     ; 0 (0)         ; 0                 ; 0     ; 0          ; 0    ; 0            ; |soc_camera|sys_pll:u_sys_pll|sys_pll_0002:sys_pll_inst                                                                                                                                                                                                                                                                                                                                                     ; sys_pll_0002                                     ; sys_pll      ;
;          |altera_pll:altera_pll_i|                                                                                                      ; 0.0 (0.0)            ; 0.0 (0.0)                        ; 0.0 (0.0)                                         ; 0.0 (0.0)                        ; 0.0 (0.0)            ; 0 (0)               ; 0 (0)                     ; 0 (0)         ; 0                 ; 0     ; 0          ; 0    ; 0            ; |soc_camera|sys_pll:u_sys_pll|sys_pll_0002:sys_pll_inst|altera_pll:altera_pll_i                                                                                                                                                                                                                                                                                                                             ; altera_pll                                       ; work         ;
;    |system:u_system|                                                                                                                    ; 1075.5 (0.0)         ; 1223.0 (0.0)                     ; 161.5 (0.0)                                       ; 14.0 (0.0)                       ; 0.0 (0.0)            ; 1759 (0)            ; 1517 (0)                  ; 0 (0)         ; 560256            ; 73    ; 0          ; 0    ; 0            ; |soc_camera|system:u_system                                                                                                                                                                                                                                                                                                                                                                                 ; system                                           ; system       ;
;       |altera_reset_controller:rst_controller|                                                                                          ; 3.0 (2.5)            ; 9.0 (5.5)                        ; 6.0 (3.0)                                         ; 0.0 (0.0)                        ; 0.0 (0.0)            ; 7 (5)               ; 16 (10)                   ; 0 (0)         ; 0                 ; 0     ; 0          ; 0    ; 0            ; |soc_camera|system:u_system|altera_reset_controller:rst_controller                                                                                                                                                                                                                                                                                                                                          ; altera_reset_controller                          ; system       ;
;          |altera_reset_synchronizer:alt_rst_req_sync_uq1|                                                                               ; 0.5 (0.5)            ; 2.0 (2.0)                        ; 1.5 (1.5)                                         ; 0.0 (0.0)                        ; 0.0 (0.0)            ; 1 (1)               ; 3 (3)                     ; 0 (0)         ; 0                 ; 0     ; 0          ; 0    ; 0            ; |soc_camera|system:u_system|altera_reset_controller:rst_controller|altera_reset_synchronizer:alt_rst_req_sync_uq1                                                                                                                                                                                                                                                                                           ; altera_reset_synchronizer                        ; system       ;
;          |altera_reset_synchronizer:alt_rst_sync_uq1|                                                                                   ; 0.0 (0.0)            ; 1.5 (1.5)                        ; 1.5 (1.5)                                         ; 0.0 (0.0)                        ; 0.0 (0.0)            ; 1 (1)               ; 3 (3)                     ; 0 (0)         ; 0                 ; 0     ; 0          ; 0    ; 0            ; |soc_camera|system:u_system|altera_reset_controller:rst_controller|altera_reset_synchronizer:alt_rst_sync_uq1                                                                                                                                                                                                                                                                                               ; altera_reset_synchronizer                        ; system       ;
;       |camera_system:camera_system_0|                                                                                                   ; 47.2 (0.3)           ; 57.8 (0.8)                       ; 10.7 (0.6)                                        ; 0.0 (0.0)                        ; 0.0 (0.0)            ; 89 (0)              ; 93 (2)                    ; 0 (0)         ; 0                 ; 0     ; 0          ; 0    ; 0            ; |soc_camera|system:u_system|camera_system:camera_system_0                                                                                                                                                                                                                                                                                                                                                   ; camera_system                                    ; system       ;
;          |avalon_mm_master_writer:u_master|                                                                                             ; 31.4 (31.4)          ; 34.0 (34.0)                      ; 2.6 (2.6)                                         ; 0.0 (0.0)                        ; 0.0 (0.0)            ; 60 (60)             ; 42 (42)                   ; 0 (0)         ; 0                 ; 0     ; 0          ; 0    ; 0            ; |soc_camera|system:u_system|camera_system:camera_system_0|avalon_mm_master_writer:u_master                                                                                                                                                                                                                                                                                                                  ; avalon_mm_master_writer                          ; system       ;
;          |dc_fifo:u_fifo|                                                                                                               ; 15.5 (12.3)          ; 23.0 (12.4)                      ; 7.5 (0.1)                                         ; 0.0 (0.0)                        ; 0.0 (0.0)            ; 29 (18)             ; 49 (25)                   ; 0 (0)         ; 0                 ; 0     ; 0          ; 0    ; 0            ; |soc_camera|system:u_system|camera_system:camera_system_0|dc_fifo:u_fifo                                                                                                                                                                                                                                                                                                                                    ; dc_fifo                                          ; system       ;
;             |bin_to_gray:u_b2g_rd|                                                                                                      ; 2.8 (2.8)            ; 2.8 (2.8)                        ; 0.0 (0.0)                                         ; 0.0 (0.0)                        ; 0.0 (0.0)            ; 11 (11)             ; 0 (0)                     ; 0 (0)         ; 0                 ; 0     ; 0          ; 0    ; 0            ; |soc_camera|system:u_system|camera_system:camera_system_0|dc_fifo:u_fifo|bin_to_gray:u_b2g_rd                                                                                                                                                                                                                                                                                                               ; bin_to_gray                                      ; system       ;
;             |synchronizer:u_sync_rd2wr|                                                                                                 ; 0.3 (0.3)            ; 7.9 (7.9)                        ; 7.5 (7.5)                                         ; 0.0 (0.0)                        ; 0.0 (0.0)            ; 0 (0)               ; 24 (24)                   ; 0 (0)         ; 0                 ; 0     ; 0          ; 0    ; 0            ; |soc_camera|system:u_system|camera_system:camera_system_0|dc_fifo:u_fifo|synchronizer:u_sync_rd2wr                                                                                                                                                                                                                                                                                                          ; synchronizer                                     ; system       ;
;       |system_jtag_uart_0:jtag_uart_0|                                                                                                  ; 63.1 (16.0)          ; 79.7 (18.7)                      ; 16.6 (2.8)                                        ; 0.0 (0.0)                        ; 0.0 (0.0)            ; 115 (34)            ; 108 (13)                  ; 0 (0)         ; 1024              ; 2     ; 0          ; 0    ; 0            ; |soc_camera|system:u_system|system_jtag_uart_0:jtag_uart_0                                                                                                                                                                                                                                                                                                                                                  ; system_jtag_uart_0                               ; system       ;
;          |alt_jtag_atlantic:system_jtag_uart_0_alt_jtag_atlantic|                                                                       ; 21.3 (21.3)          ; 34.0 (34.0)                      ; 12.8 (12.8)                                       ; 0.0 (0.0)                        ; 0.0 (0.0)            ; 33 (33)             ; 54 (54)                   ; 0 (0)         ; 0                 ; 0     ; 0          ; 0    ; 0            ; |soc_camera|system:u_system|system_jtag_uart_0:jtag_uart_0|alt_jtag_atlantic:system_jtag_uart_0_alt_jtag_atlantic                                                                                                                                                                                                                                                                                           ; alt_jtag_atlantic                                ; work         ;
;          |system_jtag_uart_0_scfifo_r:the_system_jtag_uart_0_scfifo_r|                                                                  ; 13.7 (0.0)           ; 14.4 (0.0)                       ; 0.8 (0.0)                                         ; 0.0 (0.0)                        ; 0.0 (0.0)            ; 24 (0)              ; 21 (0)                    ; 0 (0)         ; 512               ; 1     ; 0          ; 0    ; 0            ; |soc_camera|system:u_system|system_jtag_uart_0:jtag_uart_0|system_jtag_uart_0_scfifo_r:the_system_jtag_uart_0_scfifo_r                                                                                                                                                                                                                                                                                      ; system_jtag_uart_0_scfifo_r                      ; system       ;
;             |scfifo:rfifo|                                                                                                              ; 13.7 (0.0)           ; 14.4 (0.0)                       ; 0.8 (0.0)                                         ; 0.0 (0.0)                        ; 0.0 (0.0)            ; 24 (0)              ; 21 (0)                    ; 0 (0)         ; 512               ; 1     ; 0          ; 0    ; 0            ; |soc_camera|system:u_system|system_jtag_uart_0:jtag_uart_0|system_jtag_uart_0_scfifo_r:the_system_jtag_uart_0_scfifo_r|scfifo:rfifo                                                                                                                                                                                                                                                                         ; scfifo                                           ; work         ;
;                |scfifo_3291:auto_generated|                                                                                             ; 13.7 (0.0)           ; 14.4 (0.0)                       ; 0.8 (0.0)                                         ; 0.0 (0.0)                        ; 0.0 (0.0)            ; 24 (0)              ; 21 (0)                    ; 0 (0)         ; 512               ; 1     ; 0          ; 0    ; 0            ; |soc_camera|system:u_system|system_jtag_uart_0:jtag_uart_0|system_jtag_uart_0_scfifo_r:the_system_jtag_uart_0_scfifo_r|scfifo:rfifo|scfifo_3291:auto_generated                                                                                                                                                                                                                                              ; scfifo_3291                                      ; work         ;
;                   |a_dpfifo_5771:dpfifo|                                                                                                ; 13.7 (0.0)           ; 14.4 (0.0)                       ; 0.8 (0.0)                                         ; 0.0 (0.0)                        ; 0.0 (0.0)            ; 24 (0)              ; 21 (0)                    ; 0 (0)         ; 512               ; 1     ; 0          ; 0    ; 0            ; |soc_camera|system:u_system|system_jtag_uart_0:jtag_uart_0|system_jtag_uart_0_scfifo_r:the_system_jtag_uart_0_scfifo_r|scfifo:rfifo|scfifo_3291:auto_generated|a_dpfifo_5771:dpfifo                                                                                                                                                                                                                         ; a_dpfifo_5771                                    ; work         ;
;                      |a_fefifo_7cf:fifo_state|                                                                                          ; 7.7 (4.7)            ; 8.4 (5.4)                        ; 0.7 (0.8)                                         ; 0.0 (0.0)                        ; 0.0 (0.0)            ; 12 (6)              ; 9 (2)                     ; 0 (0)         ; 0                 ; 0     ; 0          ; 0    ; 0            ; |soc_camera|system:u_system|system_jtag_uart_0:jtag_uart_0|system_jtag_uart_0_scfifo_r:the_system_jtag_uart_0_scfifo_r|scfifo:rfifo|scfifo_3291:auto_generated|a_dpfifo_5771:dpfifo|a_fefifo_7cf:fifo_state                                                                                                                                                                                                 ; a_fefifo_7cf                                     ; work         ;
;                         |cntr_vg7:count_usedw|                                                                                          ; 3.0 (3.0)            ; 3.0 (3.0)                        ; 0.0 (0.0)                                         ; 0.0 (0.0)                        ; 0.0 (0.0)            ; 6 (6)               ; 7 (7)                     ; 0 (0)         ; 0                 ; 0     ; 0          ; 0    ; 0            ; |soc_camera|system:u_system|system_jtag_uart_0:jtag_uart_0|system_jtag_uart_0_scfifo_r:the_system_jtag_uart_0_scfifo_r|scfifo:rfifo|scfifo_3291:auto_generated|a_dpfifo_5771:dpfifo|a_fefifo_7cf:fifo_state|cntr_vg7:count_usedw                                                                                                                                                                            ; cntr_vg7                                         ; work         ;
;                      |altsyncram_7pu1:FIFOram|                                                                                          ; 0.0 (0.0)            ; 0.0 (0.0)                        ; 0.0 (0.0)                                         ; 0.0 (0.0)                        ; 0.0 (0.0)            ; 0 (0)               ; 0 (0)                     ; 0 (0)         ; 512               ; 1     ; 0          ; 0    ; 0            ; |soc_camera|system:u_system|system_jtag_uart_0:jtag_uart_0|system_jtag_uart_0_scfifo_r:the_system_jtag_uart_0_scfifo_r|scfifo:rfifo|scfifo_3291:auto_generated|a_dpfifo_5771:dpfifo|altsyncram_7pu1:FIFOram                                                                                                                                                                                                 ; altsyncram_7pu1                                  ; work         ;
;                      |cntr_jgb:rd_ptr_count|                                                                                            ; 3.0 (3.0)            ; 3.0 (3.0)                        ; 0.0 (0.0)                                         ; 0.0 (0.0)                        ; 0.0 (0.0)            ; 6 (6)               ; 6 (6)                     ; 0 (0)         ; 0                 ; 0     ; 0          ; 0    ; 0            ; |soc_camera|system:u_system|system_jtag_uart_0:jtag_uart_0|system_jtag_uart_0_scfifo_r:the_system_jtag_uart_0_scfifo_r|scfifo:rfifo|scfifo_3291:auto_generated|a_dpfifo_5771:dpfifo|cntr_jgb:rd_ptr_count                                                                                                                                                                                                   ; cntr_jgb                                         ; work         ;
;                      |cntr_jgb:wr_ptr|                                                                                                  ; 3.0 (3.0)            ; 3.0 (3.0)                        ; 0.0 (0.0)                                         ; 0.0 (0.0)                        ; 0.0 (0.0)            ; 6 (6)               ; 6 (6)                     ; 0 (0)         ; 0                 ; 0     ; 0          ; 0    ; 0            ; |soc_camera|system:u_system|system_jtag_uart_0:jtag_uart_0|system_jtag_uart_0_scfifo_r:the_system_jtag_uart_0_scfifo_r|scfifo:rfifo|scfifo_3291:auto_generated|a_dpfifo_5771:dpfifo|cntr_jgb:wr_ptr                                                                                                                                                                                                         ; cntr_jgb                                         ; work         ;
;          |system_jtag_uart_0_scfifo_w:the_system_jtag_uart_0_scfifo_w|                                                                  ; 12.3 (0.0)           ; 12.5 (0.0)                       ; 0.3 (0.0)                                         ; 0.0 (0.0)                        ; 0.0 (0.0)            ; 24 (0)              ; 20 (0)                    ; 0 (0)         ; 512               ; 1     ; 0          ; 0    ; 0            ; |soc_camera|system:u_system|system_jtag_uart_0:jtag_uart_0|system_jtag_uart_0_scfifo_w:the_system_jtag_uart_0_scfifo_w                                                                                                                                                                                                                                                                                      ; system_jtag_uart_0_scfifo_w                      ; system       ;
;             |scfifo:wfifo|                                                                                                              ; 12.3 (0.0)           ; 12.5 (0.0)                       ; 0.3 (0.0)                                         ; 0.0 (0.0)                        ; 0.0 (0.0)            ; 24 (0)              ; 20 (0)                    ; 0 (0)         ; 512               ; 1     ; 0          ; 0    ; 0            ; |soc_camera|system:u_system|system_jtag_uart_0:jtag_uart_0|system_jtag_uart_0_scfifo_w:the_system_jtag_uart_0_scfifo_w|scfifo:wfifo                                                                                                                                                                                                                                                                         ; scfifo                                           ; work         ;
;                |scfifo_3291:auto_generated|                                                                                             ; 12.3 (0.0)           ; 12.5 (0.0)                       ; 0.3 (0.0)                                         ; 0.0 (0.0)                        ; 0.0 (0.0)            ; 24 (0)              ; 20 (0)                    ; 0 (0)         ; 512               ; 1     ; 0          ; 0    ; 0            ; |soc_camera|system:u_system|system_jtag_uart_0:jtag_uart_0|system_jtag_uart_0_scfifo_w:the_system_jtag_uart_0_scfifo_w|scfifo:wfifo|scfifo_3291:auto_generated                                                                                                                                                                                                                                              ; scfifo_3291                                      ; work         ;
;                   |a_dpfifo_5771:dpfifo|                                                                                                ; 12.3 (0.0)           ; 12.5 (0.0)                       ; 0.3 (0.0)                                         ; 0.0 (0.0)                        ; 0.0 (0.0)            ; 24 (0)              ; 20 (0)                    ; 0 (0)         ; 512               ; 1     ; 0          ; 0    ; 0            ; |soc_camera|system:u_system|system_jtag_uart_0:jtag_uart_0|system_jtag_uart_0_scfifo_w:the_system_jtag_uart_0_scfifo_w|scfifo:wfifo|scfifo_3291:auto_generated|a_dpfifo_5771:dpfifo                                                                                                                                                                                                                         ; a_dpfifo_5771                                    ; work         ;
;                      |a_fefifo_7cf:fifo_state|                                                                                          ; 6.3 (3.2)            ; 6.5 (3.5)                        ; 0.3 (0.3)                                         ; 0.0 (0.0)                        ; 0.0 (0.0)            ; 12 (6)              ; 8 (2)                     ; 0 (0)         ; 0                 ; 0     ; 0          ; 0    ; 0            ; |soc_camera|system:u_system|system_jtag_uart_0:jtag_uart_0|system_jtag_uart_0_scfifo_w:the_system_jtag_uart_0_scfifo_w|scfifo:wfifo|scfifo_3291:auto_generated|a_dpfifo_5771:dpfifo|a_fefifo_7cf:fifo_state                                                                                                                                                                                                 ; a_fefifo_7cf                                     ; work         ;
;                         |cntr_vg7:count_usedw|                                                                                          ; 3.0 (3.0)            ; 3.0 (3.0)                        ; 0.0 (0.0)                                         ; 0.0 (0.0)                        ; 0.0 (0.0)            ; 6 (6)               ; 6 (6)                     ; 0 (0)         ; 0                 ; 0     ; 0          ; 0    ; 0            ; |soc_camera|system:u_system|system_jtag_uart_0:jtag_uart_0|system_jtag_uart_0_scfifo_w:the_system_jtag_uart_0_scfifo_w|scfifo:wfifo|scfifo_3291:auto_generated|a_dpfifo_5771:dpfifo|a_fefifo_7cf:fifo_state|cntr_vg7:count_usedw                                                                                                                                                                            ; cntr_vg7                                         ; work         ;
;                      |altsyncram_7pu1:FIFOram|                                                                                          ; 0.0 (0.0)            ; 0.0 (0.0)                        ; 0.0 (0.0)                                         ; 0.0 (0.0)                        ; 0.0 (0.0)            ; 0 (0)               ; 0 (0)                     ; 0 (0)         ; 512               ; 1     ; 0          ; 0    ; 0            ; |soc_camera|system:u_system|system_jtag_uart_0:jtag_uart_0|system_jtag_uart_0_scfifo_w:the_system_jtag_uart_0_scfifo_w|scfifo:wfifo|scfifo_3291:auto_generated|a_dpfifo_5771:dpfifo|altsyncram_7pu1:FIFOram                                                                                                                                                                                                 ; altsyncram_7pu1                                  ; work         ;
;                      |cntr_jgb:rd_ptr_count|                                                                                            ; 3.0 (3.0)            ; 3.0 (3.0)                        ; 0.0 (0.0)                                         ; 0.0 (0.0)                        ; 0.0 (0.0)            ; 6 (6)               ; 6 (6)                     ; 0 (0)         ; 0                 ; 0     ; 0          ; 0    ; 0            ; |soc_camera|system:u_system|system_jtag_uart_0:jtag_uart_0|system_jtag_uart_0_scfifo_w:the_system_jtag_uart_0_scfifo_w|scfifo:wfifo|scfifo_3291:auto_generated|a_dpfifo_5771:dpfifo|cntr_jgb:rd_ptr_count                                                                                                                                                                                                   ; cntr_jgb                                         ; work         ;
;                      |cntr_jgb:wr_ptr|                                                                                                  ; 3.0 (3.0)            ; 3.0 (3.0)                        ; 0.0 (0.0)                                         ; 0.0 (0.0)                        ; 0.0 (0.0)            ; 6 (6)               ; 6 (6)                     ; 0 (0)         ; 0                 ; 0     ; 0          ; 0    ; 0            ; |soc_camera|system:u_system|system_jtag_uart_0:jtag_uart_0|system_jtag_uart_0_scfifo_w:the_system_jtag_uart_0_scfifo_w|scfifo:wfifo|scfifo_3291:auto_generated|a_dpfifo_5771:dpfifo|cntr_jgb:wr_ptr                                                                                                                                                                                                         ; cntr_jgb                                         ; work         ;
;       |system_mm_interconnect_0:mm_interconnect_0|                                                                                      ; 243.2 (0.0)          ; 264.6 (0.0)                      ; 22.1 (0.0)                                        ; 0.7 (0.0)                        ; 0.0 (0.0)            ; 406 (0)             ; 273 (0)                   ; 0 (0)         ; 128               ; 1     ; 0          ; 0    ; 0            ; |soc_camera|system:u_system|system_mm_interconnect_0:mm_interconnect_0                                                                                                                                                                                                                                                                                                                                      ; system_mm_interconnect_0                         ; system       ;
;          |altera_avalon_sc_fifo:jtag_uart_0_avalon_jtag_slave_agent_rsp_fifo|                                                           ; 2.0 (2.0)            ; 2.0 (2.0)                        ; 0.0 (0.0)                                         ; 0.0 (0.0)                        ; 0.0 (0.0)            ; 2 (2)               ; 2 (2)                     ; 0 (0)         ; 0                 ; 0     ; 0          ; 0    ; 0            ; |soc_camera|system:u_system|system_mm_interconnect_0:mm_interconnect_0|altera_avalon_sc_fifo:jtag_uart_0_avalon_jtag_slave_agent_rsp_fifo                                                                                                                                                                                                                                                                   ; altera_avalon_sc_fifo                            ; system       ;
;          |altera_avalon_sc_fifo:new_sdram_controller_0_s1_agent_rdata_fifo|                                                             ; 7.6 (7.6)            ; 7.6 (7.6)                        ; 0.0 (0.0)                                         ; 0.0 (0.0)                        ; 0.0 (0.0)            ; 15 (15)             ; 11 (11)                   ; 0 (0)         ; 128               ; 1     ; 0          ; 0    ; 0            ; |soc_camera|system:u_system|system_mm_interconnect_0:mm_interconnect_0|altera_avalon_sc_fifo:new_sdram_controller_0_s1_agent_rdata_fifo                                                                                                                                                                                                                                                                     ; altera_avalon_sc_fifo                            ; system       ;
;             |altsyncram:mem_rtl_0|                                                                                                      ; 0.0 (0.0)            ; 0.0 (0.0)                        ; 0.0 (0.0)                                         ; 0.0 (0.0)                        ; 0.0 (0.0)            ; 0 (0)               ; 0 (0)                     ; 0 (0)         ; 128               ; 1     ; 0          ; 0    ; 0            ; |soc_camera|system:u_system|system_mm_interconnect_0:mm_interconnect_0|altera_avalon_sc_fifo:new_sdram_controller_0_s1_agent_rdata_fifo|altsyncram:mem_rtl_0                                                                                                                                                                                                                                                ; altsyncram                                       ; work         ;
;                |altsyncram_40n1:auto_generated|                                                                                         ; 0.0 (0.0)            ; 0.0 (0.0)                        ; 0.0 (0.0)                                         ; 0.0 (0.0)                        ; 0.0 (0.0)            ; 0 (0)               ; 0 (0)                     ; 0 (0)         ; 128               ; 1     ; 0          ; 0    ; 0            ; |soc_camera|system:u_system|system_mm_interconnect_0:mm_interconnect_0|altera_avalon_sc_fifo:new_sdram_controller_0_s1_agent_rdata_fifo|altsyncram:mem_rtl_0|altsyncram_40n1:auto_generated                                                                                                                                                                                                                 ; altsyncram_40n1                                  ; work         ;
;          |altera_avalon_sc_fifo:new_sdram_controller_0_s1_agent_rsp_fifo|                                                               ; 45.7 (45.7)          ; 50.5 (50.5)                      ; 4.8 (4.8)                                         ; 0.0 (0.0)                        ; 0.0 (0.0)            ; 29 (29)             ; 98 (98)                   ; 0 (0)         ; 0                 ; 0     ; 0          ; 0    ; 0            ; |soc_camera|system:u_system|system_mm_interconnect_0:mm_interconnect_0|altera_avalon_sc_fifo:new_sdram_controller_0_s1_agent_rsp_fifo                                                                                                                                                                                                                                                                       ; altera_avalon_sc_fifo                            ; system       ;
;          |altera_avalon_sc_fifo:nios2_gen2_0_debug_mem_slave_agent_rsp_fifo|                                                            ; 5.8 (5.8)            ; 6.2 (6.2)                        ; 0.3 (0.3)                                         ; 0.0 (0.0)                        ; 0.0 (0.0)            ; 11 (11)             ; 9 (9)                     ; 0 (0)         ; 0                 ; 0     ; 0          ; 0    ; 0            ; |soc_camera|system:u_system|system_mm_interconnect_0:mm_interconnect_0|altera_avalon_sc_fifo:nios2_gen2_0_debug_mem_slave_agent_rsp_fifo                                                                                                                                                                                                                                                                    ; altera_avalon_sc_fifo                            ; system       ;
;          |altera_avalon_sc_fifo:onchip_memory2_0_s1_agent_rsp_fifo|                                                                     ; 6.8 (6.8)            ; 6.8 (6.8)                        ; 0.0 (0.0)                                         ; 0.0 (0.0)                        ; 0.0 (0.0)            ; 11 (11)             ; 8 (8)                     ; 0 (0)         ; 0                 ; 0     ; 0          ; 0    ; 0            ; |soc_camera|system:u_system|system_mm_interconnect_0:mm_interconnect_0|altera_avalon_sc_fifo:onchip_memory2_0_s1_agent_rsp_fifo                                                                                                                                                                                                                                                                             ; altera_avalon_sc_fifo                            ; system       ;
;          |altera_merlin_master_agent:camera_system_0_avalon_master_agent|                                                               ; 0.5 (0.5)            ; 0.5 (0.5)                        ; 0.0 (0.0)                                         ; 0.0 (0.0)                        ; 0.0 (0.0)            ; 2 (2)               ; 0 (0)                     ; 0 (0)         ; 0                 ; 0     ; 0          ; 0    ; 0            ; |soc_camera|system:u_system|system_mm_interconnect_0:mm_interconnect_0|altera_merlin_master_agent:camera_system_0_avalon_master_agent                                                                                                                                                                                                                                                                       ; altera_merlin_master_agent                       ; system       ;
;          |altera_merlin_master_agent:nios2_gen2_0_instruction_master_agent|                                                             ; 0.5 (0.5)            ; 0.5 (0.5)                        ; 0.0 (0.0)                                         ; 0.0 (0.0)                        ; 0.0 (0.0)            ; 1 (1)               ; 0 (0)                     ; 0 (0)         ; 0                 ; 0     ; 0          ; 0    ; 0            ; |soc_camera|system:u_system|system_mm_interconnect_0:mm_interconnect_0|altera_merlin_master_agent:nios2_gen2_0_instruction_master_agent                                                                                                                                                                                                                                                                     ; altera_merlin_master_agent                       ; system       ;
;          |altera_merlin_master_agent:vga_system_0_avalon_master_agent|                                                                  ; 1.3 (1.3)            ; 1.5 (1.5)                        ; 0.2 (0.2)                                         ; 0.0 (0.0)                        ; 0.0 (0.0)            ; 3 (3)               ; 0 (0)                     ; 0 (0)         ; 0                 ; 0     ; 0          ; 0    ; 0            ; |soc_camera|system:u_system|system_mm_interconnect_0:mm_interconnect_0|altera_merlin_master_agent:vga_system_0_avalon_master_agent                                                                                                                                                                                                                                                                          ; altera_merlin_master_agent                       ; system       ;
;          |altera_merlin_master_translator:nios2_gen2_0_data_master_translator|                                                          ; 6.3 (6.3)            ; 6.9 (6.9)                        ; 0.7 (0.7)                                         ; 0.0 (0.0)                        ; 0.0 (0.0)            ; 9 (9)               ; 5 (5)                     ; 0 (0)         ; 0                 ; 0     ; 0          ; 0    ; 0            ; |soc_camera|system:u_system|system_mm_interconnect_0:mm_interconnect_0|altera_merlin_master_translator:nios2_gen2_0_data_master_translator                                                                                                                                                                                                                                                                  ; altera_merlin_master_translator                  ; system       ;
;          |altera_merlin_master_translator:nios2_gen2_0_instruction_master_translator|                                                   ; 2.2 (2.2)            ; 2.5 (2.5)                        ; 0.3 (0.3)                                         ; 0.0 (0.0)                        ; 0.0 (0.0)            ; 3 (3)               ; 1 (1)                     ; 0 (0)         ; 0                 ; 0     ; 0          ; 0    ; 0            ; |soc_camera|system:u_system|system_mm_interconnect_0:mm_interconnect_0|altera_merlin_master_translator:nios2_gen2_0_instruction_master_translator                                                                                                                                                                                                                                                           ; altera_merlin_master_translator                  ; system       ;
;          |altera_merlin_slave_agent:new_sdram_controller_0_s1_agent|                                                                    ; 7.3 (4.7)            ; 7.3 (4.7)                        ; 0.0 (0.0)                                         ; 0.0 (0.0)                        ; 0.0 (0.0)            ; 13 (9)              ; 3 (0)                     ; 0 (0)         ; 0                 ; 0     ; 0          ; 0    ; 0            ; |soc_camera|system:u_system|system_mm_interconnect_0:mm_interconnect_0|altera_merlin_slave_agent:new_sdram_controller_0_s1_agent                                                                                                                                                                                                                                                                            ; altera_merlin_slave_agent                        ; system       ;
;             |altera_merlin_burst_uncompressor:uncompressor|                                                                             ; 2.7 (2.7)            ; 2.7 (2.7)                        ; 0.0 (0.0)                                         ; 0.0 (0.0)                        ; 0.0 (0.0)            ; 4 (4)               ; 3 (3)                     ; 0 (0)         ; 0                 ; 0     ; 0          ; 0    ; 0            ; |soc_camera|system:u_system|system_mm_interconnect_0:mm_interconnect_0|altera_merlin_slave_agent:new_sdram_controller_0_s1_agent|altera_merlin_burst_uncompressor:uncompressor                                                                                                                                                                                                                              ; altera_merlin_burst_uncompressor                 ; system       ;
;          |altera_merlin_slave_translator:jtag_uart_0_avalon_jtag_slave_translator|                                                      ; 8.5 (8.5)            ; 8.4 (8.4)                        ; 0.0 (0.0)                                         ; 0.0 (0.0)                        ; 0.0 (0.0)            ; 3 (3)               ; 23 (23)                   ; 0 (0)         ; 0                 ; 0     ; 0          ; 0    ; 0            ; |soc_camera|system:u_system|system_mm_interconnect_0:mm_interconnect_0|altera_merlin_slave_translator:jtag_uart_0_avalon_jtag_slave_translator                                                                                                                                                                                                                                                              ; altera_merlin_slave_translator                   ; system       ;
;          |altera_merlin_slave_translator:nios2_gen2_0_debug_mem_slave_translator|                                                       ; 10.0 (10.0)          ; 11.7 (11.7)                      ; 1.7 (1.7)                                         ; 0.0 (0.0)                        ; 0.0 (0.0)            ; 1 (1)               ; 33 (33)                   ; 0 (0)         ; 0                 ; 0     ; 0          ; 0    ; 0            ; |soc_camera|system:u_system|system_mm_interconnect_0:mm_interconnect_0|altera_merlin_slave_translator:nios2_gen2_0_debug_mem_slave_translator                                                                                                                                                                                                                                                               ; altera_merlin_slave_translator                   ; system       ;
;          |altera_merlin_slave_translator:onchip_memory2_0_s1_translator|                                                                ; 1.0 (1.0)            ; 1.0 (1.0)                        ; 0.0 (0.0)                                         ; 0.0 (0.0)                        ; 0.0 (0.0)            ; 2 (2)               ; 1 (1)                     ; 0 (0)         ; 0                 ; 0     ; 0          ; 0    ; 0            ; |soc_camera|system:u_system|system_mm_interconnect_0:mm_interconnect_0|altera_merlin_slave_translator:onchip_memory2_0_s1_translator                                                                                                                                                                                                                                                                        ; altera_merlin_slave_translator                   ; system       ;
;          |altera_merlin_width_adapter:new_sdram_controller_0_s1_to_nios2_gen2_0_data_master_rsp_width_adapter|                          ; 10.5 (10.5)          ; 10.8 (10.8)                      ; 0.3 (0.3)                                         ; 0.0 (0.0)                        ; 0.0 (0.0)            ; 20 (20)             ; 16 (16)                   ; 0 (0)         ; 0                 ; 0     ; 0          ; 0    ; 0            ; |soc_camera|system:u_system|system_mm_interconnect_0:mm_interconnect_0|altera_merlin_width_adapter:new_sdram_controller_0_s1_to_nios2_gen2_0_data_master_rsp_width_adapter                                                                                                                                                                                                                                  ; altera_merlin_width_adapter                      ; system       ;
;          |altera_merlin_width_adapter:nios2_gen2_0_data_master_to_new_sdram_controller_0_s1_cmd_width_adapter|                          ; 15.0 (15.0)          ; 18.2 (18.2)                      ; 3.2 (3.2)                                         ; 0.0 (0.0)                        ; 0.0 (0.0)            ; 5 (5)               ; 46 (46)                   ; 0 (0)         ; 0                 ; 0     ; 0          ; 0    ; 0            ; |soc_camera|system:u_system|system_mm_interconnect_0:mm_interconnect_0|altera_merlin_width_adapter:nios2_gen2_0_data_master_to_new_sdram_controller_0_s1_cmd_width_adapter                                                                                                                                                                                                                                  ; altera_merlin_width_adapter                      ; system       ;
;          |system_mm_interconnect_0_cmd_demux_002:cmd_demux_002|                                                                         ; 5.5 (5.5)            ; 6.3 (6.3)                        ; 0.8 (0.8)                                         ; 0.0 (0.0)                        ; 0.0 (0.0)            ; 9 (9)               ; 0 (0)                     ; 0 (0)         ; 0                 ; 0     ; 0          ; 0    ; 0            ; |soc_camera|system:u_system|system_mm_interconnect_0:mm_interconnect_0|system_mm_interconnect_0_cmd_demux_002:cmd_demux_002                                                                                                                                                                                                                                                                                 ; system_mm_interconnect_0_cmd_demux_002           ; system       ;
;          |system_mm_interconnect_0_cmd_demux_003:cmd_demux_003|                                                                         ; 1.0 (1.0)            ; 1.0 (1.0)                        ; 0.0 (0.0)                                         ; 0.0 (0.0)                        ; 0.0 (0.0)            ; 2 (2)               ; 0 (0)                     ; 0 (0)         ; 0                 ; 0     ; 0          ; 0    ; 0            ; |soc_camera|system:u_system|system_mm_interconnect_0:mm_interconnect_0|system_mm_interconnect_0_cmd_demux_003:cmd_demux_003                                                                                                                                                                                                                                                                                 ; system_mm_interconnect_0_cmd_demux_003           ; system       ;
;          |system_mm_interconnect_0_cmd_demux_003:rsp_demux_002|                                                                         ; 0.5 (0.5)            ; 0.5 (0.5)                        ; 0.0 (0.0)                                         ; 0.0 (0.0)                        ; 0.0 (0.0)            ; 2 (2)               ; 0 (0)                     ; 0 (0)         ; 0                 ; 0     ; 0          ; 0    ; 0            ; |soc_camera|system:u_system|system_mm_interconnect_0:mm_interconnect_0|system_mm_interconnect_0_cmd_demux_003:rsp_demux_002                                                                                                                                                                                                                                                                                 ; system_mm_interconnect_0_cmd_demux_003           ; system       ;
;          |system_mm_interconnect_0_cmd_demux_003:rsp_demux_003|                                                                         ; 0.5 (0.5)            ; 0.5 (0.5)                        ; 0.0 (0.0)                                         ; 0.0 (0.0)                        ; 0.0 (0.0)            ; 2 (2)               ; 0 (0)                     ; 0 (0)         ; 0                 ; 0     ; 0          ; 0    ; 0            ; |soc_camera|system:u_system|system_mm_interconnect_0:mm_interconnect_0|system_mm_interconnect_0_cmd_demux_003:rsp_demux_003                                                                                                                                                                                                                                                                                 ; system_mm_interconnect_0_cmd_demux_003           ; system       ;
;          |system_mm_interconnect_0_cmd_mux:cmd_mux|                                                                                     ; 29.1 (25.1)          ; 32.3 (28.4)                      ; 3.2 (3.3)                                         ; 0.0 (0.0)                        ; 0.0 (0.0)            ; 85 (79)             ; 7 (4)                     ; 0 (0)         ; 0                 ; 0     ; 0          ; 0    ; 0            ; |soc_camera|system:u_system|system_mm_interconnect_0:mm_interconnect_0|system_mm_interconnect_0_cmd_mux:cmd_mux                                                                                                                                                                                                                                                                                             ; system_mm_interconnect_0_cmd_mux                 ; system       ;
;             |altera_merlin_arbitrator:arb|                                                                                              ; 3.8 (3.6)            ; 3.8 (3.6)                        ; 0.0 (0.0)                                         ; 0.0 (0.0)                        ; 0.0 (0.0)            ; 6 (5)               ; 3 (3)                     ; 0 (0)         ; 0                 ; 0     ; 0          ; 0    ; 0            ; |soc_camera|system:u_system|system_mm_interconnect_0:mm_interconnect_0|system_mm_interconnect_0_cmd_mux:cmd_mux|altera_merlin_arbitrator:arb                                                                                                                                                                                                                                                                ; altera_merlin_arbitrator                         ; system       ;
;                |altera_merlin_arb_adder:adder|                                                                                          ; 0.3 (0.3)            ; 0.3 (0.3)                        ; 0.0 (0.0)                                         ; 0.0 (0.0)                        ; 0.0 (0.0)            ; 1 (1)               ; 0 (0)                     ; 0 (0)         ; 0                 ; 0     ; 0          ; 0    ; 0            ; |soc_camera|system:u_system|system_mm_interconnect_0:mm_interconnect_0|system_mm_interconnect_0_cmd_mux:cmd_mux|altera_merlin_arbitrator:arb|altera_merlin_arb_adder:adder                                                                                                                                                                                                                                  ; altera_merlin_arb_adder                          ; system       ;
;          |system_mm_interconnect_0_cmd_mux_002:cmd_mux_002|                                                                             ; 18.3 (16.3)          ; 18.7 (16.7)                      ; 0.6 (0.6)                                         ; 0.1 (0.1)                        ; 0.0 (0.0)            ; 53 (49)             ; 5 (3)                     ; 0 (0)         ; 0                 ; 0     ; 0          ; 0    ; 0            ; |soc_camera|system:u_system|system_mm_interconnect_0:mm_interconnect_0|system_mm_interconnect_0_cmd_mux_002:cmd_mux_002                                                                                                                                                                                                                                                                                     ; system_mm_interconnect_0_cmd_mux_002             ; system       ;
;             |altera_merlin_arbitrator:arb|                                                                                              ; 2.0 (2.0)            ; 2.0 (2.0)                        ; 0.0 (0.0)                                         ; 0.0 (0.0)                        ; 0.0 (0.0)            ; 4 (4)               ; 2 (2)                     ; 0 (0)         ; 0                 ; 0     ; 0          ; 0    ; 0            ; |soc_camera|system:u_system|system_mm_interconnect_0:mm_interconnect_0|system_mm_interconnect_0_cmd_mux_002:cmd_mux_002|altera_merlin_arbitrator:arb                                                                                                                                                                                                                                                        ; altera_merlin_arbitrator                         ; system       ;
;          |system_mm_interconnect_0_cmd_mux_002:cmd_mux_003|                                                                             ; 22.7 (19.7)          ; 28.1 (25.1)                      ; 5.4 (5.4)                                         ; 0.1 (0.1)                        ; 0.0 (0.0)            ; 57 (53)             ; 5 (3)                     ; 0 (0)         ; 0                 ; 0     ; 0          ; 0    ; 0            ; |soc_camera|system:u_system|system_mm_interconnect_0:mm_interconnect_0|system_mm_interconnect_0_cmd_mux_002:cmd_mux_003                                                                                                                                                                                                                                                                                     ; system_mm_interconnect_0_cmd_mux_002             ; system       ;
;             |altera_merlin_arbitrator:arb|                                                                                              ; 3.0 (3.0)            ; 3.0 (3.0)                        ; 0.0 (0.0)                                         ; 0.0 (0.0)                        ; 0.0 (0.0)            ; 4 (4)               ; 2 (2)                     ; 0 (0)         ; 0                 ; 0     ; 0          ; 0    ; 0            ; |soc_camera|system:u_system|system_mm_interconnect_0:mm_interconnect_0|system_mm_interconnect_0_cmd_mux_002:cmd_mux_003|altera_merlin_arbitrator:arb                                                                                                                                                                                                                                                        ; altera_merlin_arbitrator                         ; system       ;
;          |system_mm_interconnect_0_router_002:router_002|                                                                               ; 5.3 (5.3)            ; 5.3 (5.3)                        ; 0.0 (0.0)                                         ; 0.0 (0.0)                        ; 0.0 (0.0)            ; 10 (10)             ; 0 (0)                     ; 0 (0)         ; 0                 ; 0     ; 0          ; 0    ; 0            ; |soc_camera|system:u_system|system_mm_interconnect_0:mm_interconnect_0|system_mm_interconnect_0_router_002:router_002                                                                                                                                                                                                                                                                                       ; system_mm_interconnect_0_router_002              ; system       ;
;          |system_mm_interconnect_0_router_003:router_003|                                                                               ; 2.3 (2.3)            ; 2.3 (2.3)                        ; 0.0 (0.0)                                         ; 0.0 (0.0)                        ; 0.0 (0.0)            ; 3 (3)               ; 0 (0)                     ; 0 (0)         ; 0                 ; 0     ; 0          ; 0    ; 0            ; |soc_camera|system:u_system|system_mm_interconnect_0:mm_interconnect_0|system_mm_interconnect_0_router_003:router_003                                                                                                                                                                                                                                                                                       ; system_mm_interconnect_0_router_003              ; system       ;
;          |system_mm_interconnect_0_rsp_demux:rsp_demux|                                                                                 ; 1.0 (1.0)            ; 1.0 (1.0)                        ; 0.0 (0.0)                                         ; 0.0 (0.0)                        ; 0.0 (0.0)            ; 2 (2)               ; 0 (0)                     ; 0 (0)         ; 0                 ; 0     ; 0          ; 0    ; 0            ; |soc_camera|system:u_system|system_mm_interconnect_0:mm_interconnect_0|system_mm_interconnect_0_rsp_demux:rsp_demux                                                                                                                                                                                                                                                                                         ; system_mm_interconnect_0_rsp_demux               ; system       ;
;          |system_mm_interconnect_0_rsp_mux_002:rsp_mux_002|                                                                             ; 23.3 (23.3)          ; 26.1 (26.1)                      ; 3.3 (3.3)                                         ; 0.4 (0.4)                        ; 0.0 (0.0)            ; 51 (51)             ; 0 (0)                     ; 0 (0)         ; 0                 ; 0     ; 0          ; 0    ; 0            ; |soc_camera|system:u_system|system_mm_interconnect_0:mm_interconnect_0|system_mm_interconnect_0_rsp_mux_002:rsp_mux_002                                                                                                                                                                                                                                                                                     ; system_mm_interconnect_0_rsp_mux_002             ; system       ;
;       |system_new_sdram_controller_0:new_sdram_controller_0|                                                                            ; 145.0 (106.9)        ; 154.3 (109.4)                    ; 9.3 (2.5)                                         ; 0.0 (0.0)                        ; 0.0 (0.0)            ; 221 (169)           ; 219 (127)                 ; 0 (0)         ; 0                 ; 0     ; 0          ; 0    ; 0            ; |soc_camera|system:u_system|system_new_sdram_controller_0:new_sdram_controller_0                                                                                                                                                                                                                                                                                                                            ; system_new_sdram_controller_0                    ; system       ;
;          |system_new_sdram_controller_0_input_efifo_module:the_system_new_sdram_controller_0_input_efifo_module|                        ; 38.1 (38.1)          ; 45.0 (45.0)                      ; 6.9 (6.9)                                         ; 0.0 (0.0)                        ; 0.0 (0.0)            ; 52 (52)             ; 92 (92)                   ; 0 (0)         ; 0                 ; 0     ; 0          ; 0    ; 0            ; |soc_camera|system:u_system|system_new_sdram_controller_0:new_sdram_controller_0|system_new_sdram_controller_0_input_efifo_module:the_system_new_sdram_controller_0_input_efifo_module                                                                                                                                                                                                                      ; system_new_sdram_controller_0_input_efifo_module ; system       ;
;       |system_nios2_gen2_0:nios2_gen2_0|                                                                                                ; 475.1 (0.0)          ; 537.6 (0.0)                      ; 75.7 (0.0)                                        ; 13.2 (0.0)                       ; 0.0 (0.0)            ; 736 (0)             ; 623 (0)                   ; 0 (0)         ; 10240             ; 3     ; 0          ; 0    ; 0            ; |soc_camera|system:u_system|system_nios2_gen2_0:nios2_gen2_0                                                                                                                                                                                                                                                                                                                                                ; system_nios2_gen2_0                              ; system       ;
;          |system_nios2_gen2_0_cpu:cpu|                                                                                                  ; 475.1 (348.9)        ; 537.6 (371.4)                    ; 75.7 (34.0)                                       ; 13.2 (11.4)                      ; 0.0 (0.0)            ; 736 (570)           ; 623 (347)                 ; 0 (0)         ; 10240             ; 3     ; 0          ; 0    ; 0            ; |soc_camera|system:u_system|system_nios2_gen2_0:nios2_gen2_0|system_nios2_gen2_0_cpu:cpu                                                                                                                                                                                                                                                                                                                    ; system_nios2_gen2_0_cpu                          ; system       ;
;             |system_nios2_gen2_0_cpu_nios2_oci:the_system_nios2_gen2_0_cpu_nios2_oci|                                                   ; 126.3 (31.1)         ; 166.2 (31.2)                     ; 41.7 (0.2)                                        ; 1.8 (0.1)                        ; 0.0 (0.0)            ; 166 (5)             ; 276 (80)                  ; 0 (0)         ; 8192              ; 1     ; 0          ; 0    ; 0            ; |soc_camera|system:u_system|system_nios2_gen2_0:nios2_gen2_0|system_nios2_gen2_0_cpu:cpu|system_nios2_gen2_0_cpu_nios2_oci:the_system_nios2_gen2_0_cpu_nios2_oci                                                                                                                                                                                                                                            ; system_nios2_gen2_0_cpu_nios2_oci                ; system       ;
;                |system_nios2_gen2_0_cpu_debug_slave_wrapper:the_system_nios2_gen2_0_cpu_debug_slave_wrapper|                            ; 37.3 (0.0)           ; 58.4 (0.0)                       ; 22.2 (0.0)                                        ; 1.0 (0.0)                        ; 0.0 (0.0)            ; 64 (0)              ; 97 (0)                    ; 0 (0)         ; 0                 ; 0     ; 0          ; 0    ; 0            ; |soc_camera|system:u_system|system_nios2_gen2_0:nios2_gen2_0|system_nios2_gen2_0_cpu:cpu|system_nios2_gen2_0_cpu_nios2_oci:the_system_nios2_gen2_0_cpu_nios2_oci|system_nios2_gen2_0_cpu_debug_slave_wrapper:the_system_nios2_gen2_0_cpu_debug_slave_wrapper                                                                                                                                                ; system_nios2_gen2_0_cpu_debug_slave_wrapper      ; system       ;
;                   |sld_virtual_jtag_basic:system_nios2_gen2_0_cpu_debug_slave_phy|                                                      ; 1.4 (1.4)            ; 1.6 (1.6)                        ; 0.2 (0.2)                                         ; 0.0 (0.0)                        ; 0.0 (0.0)            ; 4 (4)               ; 0 (0)                     ; 0 (0)         ; 0                 ; 0     ; 0          ; 0    ; 0            ; |soc_camera|system:u_system|system_nios2_gen2_0:nios2_gen2_0|system_nios2_gen2_0_cpu:cpu|system_nios2_gen2_0_cpu_nios2_oci:the_system_nios2_gen2_0_cpu_nios2_oci|system_nios2_gen2_0_cpu_debug_slave_wrapper:the_system_nios2_gen2_0_cpu_debug_slave_wrapper|sld_virtual_jtag_basic:system_nios2_gen2_0_cpu_debug_slave_phy                                                                                 ; sld_virtual_jtag_basic                           ; work         ;
;                   |system_nios2_gen2_0_cpu_debug_slave_sysclk:the_system_nios2_gen2_0_cpu_debug_slave_sysclk|                           ; 4.5 (4.5)            ; 22.8 (21.3)                      ; 18.3 (16.8)                                       ; 0.0 (0.0)                        ; 0.0 (0.0)            ; 6 (6)               ; 49 (45)                   ; 0 (0)         ; 0                 ; 0     ; 0          ; 0    ; 0            ; |soc_camera|system:u_system|system_nios2_gen2_0:nios2_gen2_0|system_nios2_gen2_0_cpu:cpu|system_nios2_gen2_0_cpu_nios2_oci:the_system_nios2_gen2_0_cpu_nios2_oci|system_nios2_gen2_0_cpu_debug_slave_wrapper:the_system_nios2_gen2_0_cpu_debug_slave_wrapper|system_nios2_gen2_0_cpu_debug_slave_sysclk:the_system_nios2_gen2_0_cpu_debug_slave_sysclk                                                      ; system_nios2_gen2_0_cpu_debug_slave_sysclk       ; system       ;
;                      |altera_std_synchronizer:the_altera_std_synchronizer3|                                                             ; 0.0 (0.0)            ; 0.5 (0.5)                        ; 0.5 (0.5)                                         ; 0.0 (0.0)                        ; 0.0 (0.0)            ; 0 (0)               ; 2 (2)                     ; 0 (0)         ; 0                 ; 0     ; 0          ; 0    ; 0            ; |soc_camera|system:u_system|system_nios2_gen2_0:nios2_gen2_0|system_nios2_gen2_0_cpu:cpu|system_nios2_gen2_0_cpu_nios2_oci:the_system_nios2_gen2_0_cpu_nios2_oci|system_nios2_gen2_0_cpu_debug_slave_wrapper:the_system_nios2_gen2_0_cpu_debug_slave_wrapper|system_nios2_gen2_0_cpu_debug_slave_sysclk:the_system_nios2_gen2_0_cpu_debug_slave_sysclk|altera_std_synchronizer:the_altera_std_synchronizer3 ; altera_std_synchronizer                          ; work         ;
;                      |altera_std_synchronizer:the_altera_std_synchronizer4|                                                             ; 0.0 (0.0)            ; 1.0 (1.0)                        ; 1.0 (1.0)                                         ; 0.0 (0.0)                        ; 0.0 (0.0)            ; 0 (0)               ; 2 (2)                     ; 0 (0)         ; 0                 ; 0     ; 0          ; 0    ; 0            ; |soc_camera|system:u_system|system_nios2_gen2_0:nios2_gen2_0|system_nios2_gen2_0_cpu:cpu|system_nios2_gen2_0_cpu_nios2_oci:the_system_nios2_gen2_0_cpu_nios2_oci|system_nios2_gen2_0_cpu_debug_slave_wrapper:the_system_nios2_gen2_0_cpu_debug_slave_wrapper|system_nios2_gen2_0_cpu_debug_slave_sysclk:the_system_nios2_gen2_0_cpu_debug_slave_sysclk|altera_std_synchronizer:the_altera_std_synchronizer4 ; altera_std_synchronizer                          ; work         ;
;                   |system_nios2_gen2_0_cpu_debug_slave_tck:the_system_nios2_gen2_0_cpu_debug_slave_tck|                                 ; 31.3 (30.2)          ; 34.0 (32.8)                      ; 3.7 (3.7)                                         ; 1.0 (1.0)                        ; 0.0 (0.0)            ; 54 (54)             ; 48 (44)                   ; 0 (0)         ; 0                 ; 0     ; 0          ; 0    ; 0            ; |soc_camera|system:u_system|system_nios2_gen2_0:nios2_gen2_0|system_nios2_gen2_0_cpu:cpu|system_nios2_gen2_0_cpu_nios2_oci:the_system_nios2_gen2_0_cpu_nios2_oci|system_nios2_gen2_0_cpu_debug_slave_wrapper:the_system_nios2_gen2_0_cpu_debug_slave_wrapper|system_nios2_gen2_0_cpu_debug_slave_tck:the_system_nios2_gen2_0_cpu_debug_slave_tck                                                            ; system_nios2_gen2_0_cpu_debug_slave_tck          ; system       ;
;                      |altera_std_synchronizer:the_altera_std_synchronizer1|                                                             ; 0.6 (0.6)            ; 0.6 (0.6)                        ; 0.0 (0.0)                                         ; 0.0 (0.0)                        ; 0.0 (0.0)            ; 0 (0)               ; 2 (2)                     ; 0 (0)         ; 0                 ; 0     ; 0          ; 0    ; 0            ; |soc_camera|system:u_system|system_nios2_gen2_0:nios2_gen2_0|system_nios2_gen2_0_cpu:cpu|system_nios2_gen2_0_cpu_nios2_oci:the_system_nios2_gen2_0_cpu_nios2_oci|system_nios2_gen2_0_cpu_debug_slave_wrapper:the_system_nios2_gen2_0_cpu_debug_slave_wrapper|system_nios2_gen2_0_cpu_debug_slave_tck:the_system_nios2_gen2_0_cpu_debug_slave_tck|altera_std_synchronizer:the_altera_std_synchronizer1       ; altera_std_synchronizer                          ; work         ;
;                      |altera_std_synchronizer:the_altera_std_synchronizer2|                                                             ; 0.5 (0.5)            ; 0.6 (0.6)                        ; 0.1 (0.1)                                         ; 0.0 (0.0)                        ; 0.0 (0.0)            ; 0 (0)               ; 2 (2)                     ; 0 (0)         ; 0                 ; 0     ; 0          ; 0    ; 0            ; |soc_camera|system:u_system|system_nios2_gen2_0:nios2_gen2_0|system_nios2_gen2_0_cpu:cpu|system_nios2_gen2_0_cpu_nios2_oci:the_system_nios2_gen2_0_cpu_nios2_oci|system_nios2_gen2_0_cpu_debug_slave_wrapper:the_system_nios2_gen2_0_cpu_debug_slave_wrapper|system_nios2_gen2_0_cpu_debug_slave_tck:the_system_nios2_gen2_0_cpu_debug_slave_tck|altera_std_synchronizer:the_altera_std_synchronizer2       ; altera_std_synchronizer                          ; work         ;
;                |system_nios2_gen2_0_cpu_nios2_avalon_reg:the_system_nios2_gen2_0_cpu_nios2_avalon_reg|                                  ; 3.7 (3.7)            ; 4.9 (4.9)                        ; 1.3 (1.3)                                         ; 0.0 (0.0)                        ; 0.0 (0.0)            ; 9 (9)               ; 3 (3)                     ; 0 (0)         ; 0                 ; 0     ; 0          ; 0    ; 0            ; |soc_camera|system:u_system|system_nios2_gen2_0:nios2_gen2_0|system_nios2_gen2_0_cpu:cpu|system_nios2_gen2_0_cpu_nios2_oci:the_system_nios2_gen2_0_cpu_nios2_oci|system_nios2_gen2_0_cpu_nios2_avalon_reg:the_system_nios2_gen2_0_cpu_nios2_avalon_reg                                                                                                                                                      ; system_nios2_gen2_0_cpu_nios2_avalon_reg         ; system       ;
;                |system_nios2_gen2_0_cpu_nios2_oci_break:the_system_nios2_gen2_0_cpu_nios2_oci_break|                                    ; 1.6 (1.6)            ; 15.7 (15.7)                      ; 14.1 (14.1)                                       ; 0.0 (0.0)                        ; 0.0 (0.0)            ; 2 (2)               ; 32 (32)                   ; 0 (0)         ; 0                 ; 0     ; 0          ; 0    ; 0            ; |soc_camera|system:u_system|system_nios2_gen2_0:nios2_gen2_0|system_nios2_gen2_0_cpu:cpu|system_nios2_gen2_0_cpu_nios2_oci:the_system_nios2_gen2_0_cpu_nios2_oci|system_nios2_gen2_0_cpu_nios2_oci_break:the_system_nios2_gen2_0_cpu_nios2_oci_break                                                                                                                                                        ; system_nios2_gen2_0_cpu_nios2_oci_break          ; system       ;
;                |system_nios2_gen2_0_cpu_nios2_oci_debug:the_system_nios2_gen2_0_cpu_nios2_oci_debug|                                    ; 4.2 (3.6)            ; 5.5 (4.5)                        ; 1.3 (0.9)                                         ; 0.0 (0.0)                        ; 0.0 (0.0)            ; 6 (6)               ; 8 (6)                     ; 0 (0)         ; 0                 ; 0     ; 0          ; 0    ; 0            ; |soc_camera|system:u_system|system_nios2_gen2_0:nios2_gen2_0|system_nios2_gen2_0_cpu:cpu|system_nios2_gen2_0_cpu_nios2_oci:the_system_nios2_gen2_0_cpu_nios2_oci|system_nios2_gen2_0_cpu_nios2_oci_debug:the_system_nios2_gen2_0_cpu_nios2_oci_debug                                                                                                                                                        ; system_nios2_gen2_0_cpu_nios2_oci_debug          ; system       ;
;                   |altera_std_synchronizer:the_altera_std_synchronizer|                                                                 ; 0.6 (0.6)            ; 1.0 (1.0)                        ; 0.4 (0.4)                                         ; 0.0 (0.0)                        ; 0.0 (0.0)            ; 0 (0)               ; 2 (2)                     ; 0 (0)         ; 0                 ; 0     ; 0          ; 0    ; 0            ; |soc_camera|system:u_system|system_nios2_gen2_0:nios2_gen2_0|system_nios2_gen2_0_cpu:cpu|system_nios2_gen2_0_cpu_nios2_oci:the_system_nios2_gen2_0_cpu_nios2_oci|system_nios2_gen2_0_cpu_nios2_oci_debug:the_system_nios2_gen2_0_cpu_nios2_oci_debug|altera_std_synchronizer:the_altera_std_synchronizer                                                                                                    ; altera_std_synchronizer                          ; work         ;
;                |system_nios2_gen2_0_cpu_nios2_ocimem:the_system_nios2_gen2_0_cpu_nios2_ocimem|                                          ; 48.5 (48.5)          ; 50.5 (50.5)                      ; 2.7 (2.7)                                         ; 0.7 (0.7)                        ; 0.0 (0.0)            ; 80 (80)             ; 56 (56)                   ; 0 (0)         ; 8192              ; 1     ; 0          ; 0    ; 0            ; |soc_camera|system:u_system|system_nios2_gen2_0:nios2_gen2_0|system_nios2_gen2_0_cpu:cpu|system_nios2_gen2_0_cpu_nios2_oci:the_system_nios2_gen2_0_cpu_nios2_oci|system_nios2_gen2_0_cpu_nios2_ocimem:the_system_nios2_gen2_0_cpu_nios2_ocimem                                                                                                                                                              ; system_nios2_gen2_0_cpu_nios2_ocimem             ; system       ;
;                   |system_nios2_gen2_0_cpu_ociram_sp_ram_module:system_nios2_gen2_0_cpu_ociram_sp_ram|                                  ; 0.0 (0.0)            ; 0.0 (0.0)                        ; 0.0 (0.0)                                         ; 0.0 (0.0)                        ; 0.0 (0.0)            ; 0 (0)               ; 0 (0)                     ; 0 (0)         ; 8192              ; 1     ; 0          ; 0    ; 0            ; |soc_camera|system:u_system|system_nios2_gen2_0:nios2_gen2_0|system_nios2_gen2_0_cpu:cpu|system_nios2_gen2_0_cpu_nios2_oci:the_system_nios2_gen2_0_cpu_nios2_oci|system_nios2_gen2_0_cpu_nios2_ocimem:the_system_nios2_gen2_0_cpu_nios2_ocimem|system_nios2_gen2_0_cpu_ociram_sp_ram_module:system_nios2_gen2_0_cpu_ociram_sp_ram                                                                           ; system_nios2_gen2_0_cpu_ociram_sp_ram_module     ; system       ;
;                      |altsyncram:the_altsyncram|                                                                                        ; 0.0 (0.0)            ; 0.0 (0.0)                        ; 0.0 (0.0)                                         ; 0.0 (0.0)                        ; 0.0 (0.0)            ; 0 (0)               ; 0 (0)                     ; 0 (0)         ; 8192              ; 1     ; 0          ; 0    ; 0            ; |soc_camera|system:u_system|system_nios2_gen2_0:nios2_gen2_0|system_nios2_gen2_0_cpu:cpu|system_nios2_gen2_0_cpu_nios2_oci:the_system_nios2_gen2_0_cpu_nios2_oci|system_nios2_gen2_0_cpu_nios2_ocimem:the_system_nios2_gen2_0_cpu_nios2_ocimem|system_nios2_gen2_0_cpu_ociram_sp_ram_module:system_nios2_gen2_0_cpu_ociram_sp_ram|altsyncram:the_altsyncram                                                 ; altsyncram                                       ; work         ;
;                         |altsyncram_qid1:auto_generated|                                                                                ; 0.0 (0.0)            ; 0.0 (0.0)                        ; 0.0 (0.0)                                         ; 0.0 (0.0)                        ; 0.0 (0.0)            ; 0 (0)               ; 0 (0)                     ; 0 (0)         ; 8192              ; 1     ; 0          ; 0    ; 0            ; |soc_camera|system:u_system|system_nios2_gen2_0:nios2_gen2_0|system_nios2_gen2_0_cpu:cpu|system_nios2_gen2_0_cpu_nios2_oci:the_system_nios2_gen2_0_cpu_nios2_oci|system_nios2_gen2_0_cpu_nios2_ocimem:the_system_nios2_gen2_0_cpu_nios2_ocimem|system_nios2_gen2_0_cpu_ociram_sp_ram_module:system_nios2_gen2_0_cpu_ociram_sp_ram|altsyncram:the_altsyncram|altsyncram_qid1:auto_generated                  ; altsyncram_qid1                                  ; work         ;
;             |system_nios2_gen2_0_cpu_register_bank_a_module:system_nios2_gen2_0_cpu_register_bank_a|                                    ; 0.0 (0.0)            ; 0.0 (0.0)                        ; 0.0 (0.0)                                         ; 0.0 (0.0)                        ; 0.0 (0.0)            ; 0 (0)               ; 0 (0)                     ; 0 (0)         ; 1024              ; 1     ; 0          ; 0    ; 0            ; |soc_camera|system:u_system|system_nios2_gen2_0:nios2_gen2_0|system_nios2_gen2_0_cpu:cpu|system_nios2_gen2_0_cpu_register_bank_a_module:system_nios2_gen2_0_cpu_register_bank_a                                                                                                                                                                                                                             ; system_nios2_gen2_0_cpu_register_bank_a_module   ; system       ;
;                |altsyncram:the_altsyncram|                                                                                              ; 0.0 (0.0)            ; 0.0 (0.0)                        ; 0.0 (0.0)                                         ; 0.0 (0.0)                        ; 0.0 (0.0)            ; 0 (0)               ; 0 (0)                     ; 0 (0)         ; 1024              ; 1     ; 0          ; 0    ; 0            ; |soc_camera|system:u_system|system_nios2_gen2_0:nios2_gen2_0|system_nios2_gen2_0_cpu:cpu|system_nios2_gen2_0_cpu_register_bank_a_module:system_nios2_gen2_0_cpu_register_bank_a|altsyncram:the_altsyncram                                                                                                                                                                                                   ; altsyncram                                       ; work         ;
;                   |altsyncram_msi1:auto_generated|                                                                                      ; 0.0 (0.0)            ; 0.0 (0.0)                        ; 0.0 (0.0)                                         ; 0.0 (0.0)                        ; 0.0 (0.0)            ; 0 (0)               ; 0 (0)                     ; 0 (0)         ; 1024              ; 1     ; 0          ; 0    ; 0            ; |soc_camera|system:u_system|system_nios2_gen2_0:nios2_gen2_0|system_nios2_gen2_0_cpu:cpu|system_nios2_gen2_0_cpu_register_bank_a_module:system_nios2_gen2_0_cpu_register_bank_a|altsyncram:the_altsyncram|altsyncram_msi1:auto_generated                                                                                                                                                                    ; altsyncram_msi1                                  ; work         ;
;             |system_nios2_gen2_0_cpu_register_bank_b_module:system_nios2_gen2_0_cpu_register_bank_b|                                    ; 0.0 (0.0)            ; 0.0 (0.0)                        ; 0.0 (0.0)                                         ; 0.0 (0.0)                        ; 0.0 (0.0)            ; 0 (0)               ; 0 (0)                     ; 0 (0)         ; 1024              ; 1     ; 0          ; 0    ; 0            ; |soc_camera|system:u_system|system_nios2_gen2_0:nios2_gen2_0|system_nios2_gen2_0_cpu:cpu|system_nios2_gen2_0_cpu_register_bank_b_module:system_nios2_gen2_0_cpu_register_bank_b                                                                                                                                                                                                                             ; system_nios2_gen2_0_cpu_register_bank_b_module   ; system       ;
;                |altsyncram:the_altsyncram|                                                                                              ; 0.0 (0.0)            ; 0.0 (0.0)                        ; 0.0 (0.0)                                         ; 0.0 (0.0)                        ; 0.0 (0.0)            ; 0 (0)               ; 0 (0)                     ; 0 (0)         ; 1024              ; 1     ; 0          ; 0    ; 0            ; |soc_camera|system:u_system|system_nios2_gen2_0:nios2_gen2_0|system_nios2_gen2_0_cpu:cpu|system_nios2_gen2_0_cpu_register_bank_b_module:system_nios2_gen2_0_cpu_register_bank_b|altsyncram:the_altsyncram                                                                                                                                                                                                   ; altsyncram                                       ; work         ;
;                   |altsyncram_msi1:auto_generated|                                                                                      ; 0.0 (0.0)            ; 0.0 (0.0)                        ; 0.0 (0.0)                                         ; 0.0 (0.0)                        ; 0.0 (0.0)            ; 0 (0)               ; 0 (0)                     ; 0 (0)         ; 1024              ; 1     ; 0          ; 0    ; 0            ; |soc_camera|system:u_system|system_nios2_gen2_0:nios2_gen2_0|system_nios2_gen2_0_cpu:cpu|system_nios2_gen2_0_cpu_register_bank_b_module:system_nios2_gen2_0_cpu_register_bank_b|altsyncram:the_altsyncram|altsyncram_msi1:auto_generated                                                                                                                                                                    ; altsyncram_msi1                                  ; work         ;
;       |system_onchip_memory2_0:onchip_memory2_0|                                                                                        ; 2.7 (1.3)            ; 3.0 (1.5)                        ; 0.3 (0.2)                                         ; 0.0 (0.0)                        ; 0.0 (0.0)            ; 4 (2)               ; 1 (0)                     ; 0 (0)         ; 524288            ; 64    ; 0          ; 0    ; 0            ; |soc_camera|system:u_system|system_onchip_memory2_0:onchip_memory2_0                                                                                                                                                                                                                                                                                                                                        ; system_onchip_memory2_0                          ; system       ;
;          |altsyncram:the_altsyncram|                                                                                                    ; 1.3 (0.0)            ; 1.5 (0.0)                        ; 0.2 (0.0)                                         ; 0.0 (0.0)                        ; 0.0 (0.0)            ; 2 (0)               ; 1 (0)                     ; 0 (0)         ; 524288            ; 64    ; 0          ; 0    ; 0            ; |soc_camera|system:u_system|system_onchip_memory2_0:onchip_memory2_0|altsyncram:the_altsyncram                                                                                                                                                                                                                                                                                                              ; altsyncram                                       ; work         ;
;             |altsyncram_tcn1:auto_generated|                                                                                            ; 1.3 (0.3)            ; 1.5 (0.5)                        ; 0.2 (0.2)                                         ; 0.0 (0.0)                        ; 0.0 (0.0)            ; 2 (0)               ; 1 (1)                     ; 0 (0)         ; 524288            ; 64    ; 0          ; 0    ; 0            ; |soc_camera|system:u_system|system_onchip_memory2_0:onchip_memory2_0|altsyncram:the_altsyncram|altsyncram_tcn1:auto_generated                                                                                                                                                                                                                                                                               ; altsyncram_tcn1                                  ; work         ;
;                |decode_5la:decode3|                                                                                                     ; 1.0 (1.0)            ; 1.0 (1.0)                        ; 0.0 (0.0)                                         ; 0.0 (0.0)                        ; 0.0 (0.0)            ; 2 (2)               ; 0 (0)                     ; 0 (0)         ; 0                 ; 0     ; 0          ; 0    ; 0            ; |soc_camera|system:u_system|system_onchip_memory2_0:onchip_memory2_0|altsyncram:the_altsyncram|altsyncram_tcn1:auto_generated|decode_5la:decode3                                                                                                                                                                                                                                                            ; decode_5la                                       ; work         ;
;       |vga_system:vga_system_0|                                                                                                         ; 96.2 (3.0)           ; 117.0 (3.0)                      ; 20.8 (0.0)                                        ; 0.0 (0.0)                        ; 0.0 (0.0)            ; 181 (12)            ; 184 (0)                   ; 0 (0)         ; 24576             ; 3     ; 0          ; 0    ; 0            ; |soc_camera|system:u_system|vga_system:vga_system_0                                                                                                                                                                                                                                                                                                                                                         ; vga_system                                       ; system       ;
;          |avalon_mm_master_reader:u_vga_reader|                                                                                         ; 35.0 (35.0)          ; 42.4 (42.4)                      ; 7.4 (7.4)                                         ; 0.0 (0.0)                        ; 0.0 (0.0)            ; 64 (64)             ; 54 (54)                   ; 0 (0)         ; 0                 ; 0     ; 0          ; 0    ; 0            ; |soc_camera|system:u_system|vga_system:vga_system_0|avalon_mm_master_reader:u_vga_reader                                                                                                                                                                                                                                                                                                                    ; avalon_mm_master_reader                          ; system       ;
;          |dc_fifo:u_vga_fifo|                                                                                                           ; 41.9 (33.7)          ; 55.3 (33.7)                      ; 13.4 (0.0)                                        ; 0.0 (0.0)                        ; 0.0 (0.0)            ; 73 (51)             ; 108 (60)                  ; 0 (0)         ; 24576             ; 3     ; 0          ; 0    ; 0            ; |soc_camera|system:u_system|vga_system:vga_system_0|dc_fifo:u_vga_fifo                                                                                                                                                                                                                                                                                                                                      ; dc_fifo                                          ; system       ;
;             |altsyncram:mem_r_rtl_0|                                                                                                    ; 0.0 (0.0)            ; 0.0 (0.0)                        ; 0.0 (0.0)                                         ; 0.0 (0.0)                        ; 0.0 (0.0)            ; 0 (0)               ; 0 (0)                     ; 0 (0)         ; 24576             ; 3     ; 0          ; 0    ; 0            ; |soc_camera|system:u_system|vga_system:vga_system_0|dc_fifo:u_vga_fifo|altsyncram:mem_r_rtl_0                                                                                                                                                                                                                                                                                                               ; altsyncram                                       ; work         ;
;                |altsyncram_cfj1:auto_generated|                                                                                         ; 0.0 (0.0)            ; 0.0 (0.0)                        ; 0.0 (0.0)                                         ; 0.0 (0.0)                        ; 0.0 (0.0)            ; 0 (0)               ; 0 (0)                     ; 0 (0)         ; 24576             ; 3     ; 0          ; 0    ; 0            ; |soc_camera|system:u_system|vga_system:vga_system_0|dc_fifo:u_vga_fifo|altsyncram:mem_r_rtl_0|altsyncram_cfj1:auto_generated                                                                                                                                                                                                                                                                                ; altsyncram_cfj1                                  ; work         ;
;             |bin_to_gray:u_b2g_rd|                                                                                                      ; 2.8 (2.8)            ; 3.0 (3.0)                        ; 0.2 (0.2)                                         ; 0.0 (0.0)                        ; 0.0 (0.0)            ; 11 (11)             ; 0 (0)                     ; 0 (0)         ; 0                 ; 0     ; 0          ; 0    ; 0            ; |soc_camera|system:u_system|vga_system:vga_system_0|dc_fifo:u_vga_fifo|bin_to_gray:u_b2g_rd                                                                                                                                                                                                                                                                                                                 ; bin_to_gray                                      ; system       ;
;             |bin_to_gray:u_b2g_wr|                                                                                                      ; 2.8 (2.8)            ; 2.8 (2.8)                        ; 0.0 (0.0)                                         ; 0.0 (0.0)                        ; 0.0 (0.0)            ; 11 (11)             ; 0 (0)                     ; 0 (0)         ; 0                 ; 0     ; 0          ; 0    ; 0            ; |soc_camera|system:u_system|vga_system:vga_system_0|dc_fifo:u_vga_fifo|bin_to_gray:u_b2g_wr                                                                                                                                                                                                                                                                                                                 ; bin_to_gray                                      ; system       ;
;             |synchronizer:u_sync_rd2wr|                                                                                                 ; 2.0 (2.0)            ; 8.3 (8.3)                        ; 6.3 (6.3)                                         ; 0.0 (0.0)                        ; 0.0 (0.0)            ; 0 (0)               ; 24 (24)                   ; 0 (0)         ; 0                 ; 0     ; 0          ; 0    ; 0            ; |soc_camera|system:u_system|vga_system:vga_system_0|dc_fifo:u_vga_fifo|synchronizer:u_sync_rd2wr                                                                                                                                                                                                                                                                                                            ; synchronizer                                     ; system       ;
;             |synchronizer:u_sync_wr2rd|                                                                                                 ; 0.5 (0.5)            ; 7.6 (7.6)                        ; 7.1 (7.1)                                         ; 0.0 (0.0)                        ; 0.0 (0.0)            ; 0 (0)               ; 24 (24)                   ; 0 (0)         ; 0                 ; 0     ; 0          ; 0    ; 0            ; |soc_camera|system:u_system|vga_system:vga_system_0|dc_fifo:u_vga_fifo|synchronizer:u_sync_wr2rd                                                                                                                                                                                                                                                                                                            ; synchronizer                                     ; system       ;
;          |vga_controller:u_vga_controller|                                                                                              ; 16.2 (16.2)          ; 16.3 (16.3)                      ; 0.0 (0.0)                                         ; 0.0 (0.0)                        ; 0.0 (0.0)            ; 32 (32)             ; 22 (22)                   ; 0 (0)         ; 0                 ; 0     ; 0          ; 0    ; 0            ; |soc_camera|system:u_system|vga_system:vga_system_0|vga_controller:u_vga_controller                                                                                                                                                                                                                                                                                                                         ; vga_controller                                   ; system       ;
+-----------------------------------------------------------------------------------------------------------------------------------------+----------------------+----------------------------------+---------------------------------------------------+----------------------------------+----------------------+---------------------+---------------------------+---------------+-------------------+-------+------------+------+--------------+-------------------------------------------------------------------------------------------------------------------------------------------------------------------------------------------------------------------------------------------------------------------------------------------------------------------------------------------------------------------------------------------------------------+--------------------------------------------------+--------------+
Note: For table entries with two numbers listed, the numbers in parentheses indicate the number of resources of the given type used by the specific entity alone. The numbers listed outside of parentheses indicate the total resources of the given type used by the specific entity and all of its sub-entities in the hierarchy.


+--------------------------------------------------------------------------------------------------------------------------------+
; Delay Chain Summary                                                                                                            ;
+---------------+----------+------+------+------+----+------+-------+--------+------------------------+--------------------------+
; Name          ; Pin Type ; D1   ; D3_0 ; D3_1 ; D4 ; D5   ; D5 OE ; D5 OCT ; T11 (Postamble Gating) ; T11 (Postamble Ungating) ;
+---------------+----------+------+------+------+----+------+-------+--------+------------------------+--------------------------+
; CAM_HREF      ; Input    ; --   ; --   ; --   ; -- ; --   ; --    ; --     ; --                     ; --                       ;
; CAM_DIN[0]    ; Input    ; --   ; --   ; --   ; -- ; --   ; --    ; --     ; --                     ; --                       ;
; CAM_DIN[1]    ; Input    ; --   ; --   ; --   ; -- ; --   ; --    ; --     ; --                     ; --                       ;
; CAM_DIN[2]    ; Input    ; --   ; --   ; --   ; -- ; --   ; --    ; --     ; --                     ; --                       ;
; CAM_DIN[3]    ; Input    ; --   ; --   ; --   ; -- ; --   ; --    ; --     ; --                     ; --                       ;
; CAM_DIN[4]    ; Input    ; --   ; --   ; --   ; -- ; --   ; --    ; --     ; --                     ; --                       ;
; CAM_DIN[5]    ; Input    ; --   ; --   ; --   ; -- ; --   ; --    ; --     ; --                     ; --                       ;
; CAM_DIN[6]    ; Input    ; --   ; --   ; --   ; -- ; --   ; --    ; --     ; --                     ; --                       ;
; CAM_DIN[7]    ; Input    ; --   ; --   ; --   ; -- ; --   ; --    ; --     ; --                     ; --                       ;
; CAM_XCLK      ; Output   ; --   ; --   ; --   ; -- ; (0)  ; (31)  ; --     ; --                     ; --                       ;
; CAM_SIOC      ; Output   ; --   ; --   ; --   ; -- ; (0)  ; (31)  ; --     ; --                     ; --                       ;
; LEDR[0]       ; Output   ; --   ; --   ; --   ; -- ; (0)  ; (31)  ; --     ; --                     ; --                       ;
; DRAM_ADDR[0]  ; Output   ; --   ; --   ; --   ; -- ; (0)  ; --    ; --     ; --                     ; --                       ;
; DRAM_ADDR[1]  ; Output   ; --   ; --   ; --   ; -- ; (0)  ; --    ; --     ; --                     ; --                       ;
; DRAM_ADDR[2]  ; Output   ; --   ; --   ; --   ; -- ; (0)  ; --    ; --     ; --                     ; --                       ;
; DRAM_ADDR[3]  ; Output   ; --   ; --   ; --   ; -- ; (0)  ; --    ; --     ; --                     ; --                       ;
; DRAM_ADDR[4]  ; Output   ; --   ; --   ; --   ; -- ; (0)  ; --    ; --     ; --                     ; --                       ;
; DRAM_ADDR[5]  ; Output   ; --   ; --   ; --   ; -- ; (0)  ; --    ; --     ; --                     ; --                       ;
; DRAM_ADDR[6]  ; Output   ; --   ; --   ; --   ; -- ; (0)  ; --    ; --     ; --                     ; --                       ;
; DRAM_ADDR[7]  ; Output   ; --   ; --   ; --   ; -- ; (0)  ; --    ; --     ; --                     ; --                       ;
; DRAM_ADDR[8]  ; Output   ; --   ; --   ; --   ; -- ; (0)  ; --    ; --     ; --                     ; --                       ;
; DRAM_ADDR[9]  ; Output   ; --   ; --   ; --   ; -- ; (0)  ; --    ; --     ; --                     ; --                       ;
; DRAM_ADDR[10] ; Output   ; --   ; --   ; --   ; -- ; (0)  ; --    ; --     ; --                     ; --                       ;
; DRAM_ADDR[11] ; Output   ; --   ; --   ; --   ; -- ; (0)  ; --    ; --     ; --                     ; --                       ;
; DRAM_ADDR[12] ; Output   ; --   ; --   ; --   ; -- ; (0)  ; --    ; --     ; --                     ; --                       ;
; DRAM_BA[0]    ; Output   ; --   ; --   ; --   ; -- ; (0)  ; --    ; --     ; --                     ; --                       ;
; DRAM_BA[1]    ; Output   ; --   ; --   ; --   ; -- ; (0)  ; --    ; --     ; --                     ; --                       ;
; DRAM_CAS_N    ; Output   ; --   ; --   ; --   ; -- ; (0)  ; --    ; --     ; --                     ; --                       ;
; DRAM_CKE      ; Output   ; --   ; --   ; --   ; -- ; (0)  ; (31)  ; --     ; --                     ; --                       ;
; DRAM_CLK      ; Output   ; --   ; --   ; --   ; -- ; (0)  ; (31)  ; --     ; --                     ; --                       ;
; DRAM_CS_N     ; Output   ; --   ; --   ; --   ; -- ; (0)  ; --    ; --     ; --                     ; --                       ;
; DRAM_DQM[0]   ; Output   ; --   ; --   ; --   ; -- ; (0)  ; --    ; --     ; --                     ; --                       ;
; DRAM_DQM[1]   ; Output   ; --   ; --   ; --   ; -- ; (0)  ; --    ; --     ; --                     ; --                       ;
; DRAM_RAS_N    ; Output   ; --   ; --   ; --   ; -- ; (0)  ; --    ; --     ; --                     ; --                       ;
; DRAM_WE_N     ; Output   ; --   ; --   ; --   ; -- ; (0)  ; --    ; --     ; --                     ; --                       ;
; VGA_HS        ; Output   ; --   ; --   ; --   ; -- ; (0)  ; (31)  ; --     ; --                     ; --                       ;
; VGA_VS        ; Output   ; --   ; --   ; --   ; -- ; (0)  ; (31)  ; --     ; --                     ; --                       ;
; VGA_R[0]      ; Output   ; --   ; --   ; --   ; -- ; (0)  ; (31)  ; --     ; --                     ; --                       ;
; VGA_R[1]      ; Output   ; --   ; --   ; --   ; -- ; (0)  ; (31)  ; --     ; --                     ; --                       ;
; VGA_R[2]      ; Output   ; --   ; --   ; --   ; -- ; (0)  ; (31)  ; --     ; --                     ; --                       ;
; VGA_R[3]      ; Output   ; --   ; --   ; --   ; -- ; (0)  ; (31)  ; --     ; --                     ; --                       ;
; VGA_G[0]      ; Output   ; --   ; --   ; --   ; -- ; (0)  ; (31)  ; --     ; --                     ; --                       ;
; VGA_G[1]      ; Output   ; --   ; --   ; --   ; -- ; (0)  ; (31)  ; --     ; --                     ; --                       ;
; VGA_G[2]      ; Output   ; --   ; --   ; --   ; -- ; (0)  ; (31)  ; --     ; --                     ; --                       ;
; VGA_G[3]      ; Output   ; --   ; --   ; --   ; -- ; (0)  ; (31)  ; --     ; --                     ; --                       ;
; VGA_B[0]      ; Output   ; --   ; --   ; --   ; -- ; (0)  ; (31)  ; --     ; --                     ; --                       ;
; VGA_B[1]      ; Output   ; --   ; --   ; --   ; -- ; (0)  ; (31)  ; --     ; --                     ; --                       ;
; VGA_B[2]      ; Output   ; --   ; --   ; --   ; -- ; (0)  ; (31)  ; --     ; --                     ; --                       ;
; VGA_B[3]      ; Output   ; --   ; --   ; --   ; -- ; (0)  ; (31)  ; --     ; --                     ; --                       ;
; VGA_BLANK_N   ; Output   ; --   ; --   ; --   ; -- ; (0)  ; (31)  ; --     ; --                     ; --                       ;
; VGA_SYNC_N    ; Output   ; --   ; --   ; --   ; -- ; (0)  ; (31)  ; --     ; --                     ; --                       ;
; VGA_CLK       ; Output   ; --   ; --   ; --   ; -- ; (0)  ; (31)  ; --     ; --                     ; --                       ;
; CAM_SIOD      ; Bidir    ; --   ; --   ; --   ; -- ; (0)  ; (31)  ; --     ; --                     ; --                       ;
; DRAM_DQ[0]    ; Bidir    ; (0)  ; (0)  ; --   ; -- ; (0)  ; (0)   ; --     ; --                     ; --                       ;
; DRAM_DQ[1]    ; Bidir    ; (0)  ; (0)  ; --   ; -- ; (0)  ; (0)   ; --     ; --                     ; --                       ;
; DRAM_DQ[2]    ; Bidir    ; (0)  ; (0)  ; --   ; -- ; (0)  ; (0)   ; --     ; --                     ; --                       ;
; DRAM_DQ[3]    ; Bidir    ; (0)  ; (0)  ; --   ; -- ; (0)  ; (0)   ; --     ; --                     ; --                       ;
; DRAM_DQ[4]    ; Bidir    ; (0)  ; (0)  ; --   ; -- ; (0)  ; (0)   ; --     ; --                     ; --                       ;
; DRAM_DQ[5]    ; Bidir    ; (0)  ; (0)  ; --   ; -- ; (0)  ; (0)   ; --     ; --                     ; --                       ;
; DRAM_DQ[6]    ; Bidir    ; (0)  ; (0)  ; --   ; -- ; (0)  ; (0)   ; --     ; --                     ; --                       ;
; DRAM_DQ[7]    ; Bidir    ; (0)  ; (0)  ; --   ; -- ; (0)  ; (0)   ; --     ; --                     ; --                       ;
; DRAM_DQ[8]    ; Bidir    ; (0)  ; (0)  ; --   ; -- ; (0)  ; (0)   ; --     ; --                     ; --                       ;
; DRAM_DQ[9]    ; Bidir    ; (0)  ; (0)  ; --   ; -- ; (0)  ; (0)   ; --     ; --                     ; --                       ;
; DRAM_DQ[10]   ; Bidir    ; (0)  ; (0)  ; --   ; -- ; (0)  ; (0)   ; --     ; --                     ; --                       ;
; DRAM_DQ[11]   ; Bidir    ; (0)  ; (0)  ; --   ; -- ; (0)  ; (0)   ; --     ; --                     ; --                       ;
; DRAM_DQ[12]   ; Bidir    ; (0)  ; (0)  ; --   ; -- ; (0)  ; (0)   ; --     ; --                     ; --                       ;
; DRAM_DQ[13]   ; Bidir    ; (0)  ; (0)  ; --   ; -- ; (0)  ; (0)   ; --     ; --                     ; --                       ;
; DRAM_DQ[14]   ; Bidir    ; (0)  ; (0)  ; --   ; -- ; (0)  ; (0)   ; --     ; --                     ; --                       ;
; DRAM_DQ[15]   ; Bidir    ; (0)  ; (0)  ; --   ; -- ; (0)  ; (0)   ; --     ; --                     ; --                       ;
; CLOCK_50      ; Input    ; --   ; (0)  ; --   ; -- ; --   ; --    ; --     ; --                     ; --                       ;
; KEY[0]        ; Input    ; --   ; (0)  ; --   ; -- ; --   ; --    ; --     ; --                     ; --                       ;
; CAM_PCLK      ; Input    ; --   ; (0)  ; --   ; -- ; --   ; --    ; --     ; --                     ; --                       ;
; CAM_VSYNC     ; Input    ; --   ; --   ; (0)  ; -- ; --   ; --    ; --     ; --                     ; --                       ;
+---------------+----------+------+------+------+----+------+-------+--------+------------------------+--------------------------+


+--------------------------------------------------------------------------------------------------------------------------------------------------------------------------------+
; Pad To Core Delay Chain Fanout                                                                                                                                                 ;
+--------------------------------------------------------------------------------------------------------------------------------------------------+-------------------+---------+
; Source Pin / Fanout                                                                                                                              ; Pad To Core Index ; Setting ;
+--------------------------------------------------------------------------------------------------------------------------------------------------+-------------------+---------+
; CAM_HREF                                                                                                                                         ;                   ;         ;
; CAM_DIN[0]                                                                                                                                       ;                   ;         ;
; CAM_DIN[1]                                                                                                                                       ;                   ;         ;
; CAM_DIN[2]                                                                                                                                       ;                   ;         ;
; CAM_DIN[3]                                                                                                                                       ;                   ;         ;
; CAM_DIN[4]                                                                                                                                       ;                   ;         ;
; CAM_DIN[5]                                                                                                                                       ;                   ;         ;
; CAM_DIN[6]                                                                                                                                       ;                   ;         ;
; CAM_DIN[7]                                                                                                                                       ;                   ;         ;
; CAM_SIOD                                                                                                                                         ;                   ;         ;
; DRAM_DQ[0]                                                                                                                                       ;                   ;         ;
;      - system:u_system|system_new_sdram_controller_0:new_sdram_controller_0|za_data[0]                                                           ; 0                 ; 0       ;
; DRAM_DQ[1]                                                                                                                                       ;                   ;         ;
;      - system:u_system|system_new_sdram_controller_0:new_sdram_controller_0|za_data[1]                                                           ; 0                 ; 0       ;
; DRAM_DQ[2]                                                                                                                                       ;                   ;         ;
;      - system:u_system|system_new_sdram_controller_0:new_sdram_controller_0|za_data[2]                                                           ; 0                 ; 0       ;
; DRAM_DQ[3]                                                                                                                                       ;                   ;         ;
;      - system:u_system|system_new_sdram_controller_0:new_sdram_controller_0|za_data[3]                                                           ; 0                 ; 0       ;
; DRAM_DQ[4]                                                                                                                                       ;                   ;         ;
;      - system:u_system|system_new_sdram_controller_0:new_sdram_controller_0|za_data[4]                                                           ; 0                 ; 0       ;
; DRAM_DQ[5]                                                                                                                                       ;                   ;         ;
;      - system:u_system|system_new_sdram_controller_0:new_sdram_controller_0|za_data[5]                                                           ; 0                 ; 0       ;
; DRAM_DQ[6]                                                                                                                                       ;                   ;         ;
;      - system:u_system|system_new_sdram_controller_0:new_sdram_controller_0|za_data[6]                                                           ; 0                 ; 0       ;
; DRAM_DQ[7]                                                                                                                                       ;                   ;         ;
;      - system:u_system|system_new_sdram_controller_0:new_sdram_controller_0|za_data[7]                                                           ; 0                 ; 0       ;
; DRAM_DQ[8]                                                                                                                                       ;                   ;         ;
;      - system:u_system|system_new_sdram_controller_0:new_sdram_controller_0|za_data[8]                                                           ; 0                 ; 0       ;
; DRAM_DQ[9]                                                                                                                                       ;                   ;         ;
;      - system:u_system|system_new_sdram_controller_0:new_sdram_controller_0|za_data[9]                                                           ; 0                 ; 0       ;
; DRAM_DQ[10]                                                                                                                                      ;                   ;         ;
;      - system:u_system|system_new_sdram_controller_0:new_sdram_controller_0|za_data[10]                                                          ; 0                 ; 0       ;
; DRAM_DQ[11]                                                                                                                                      ;                   ;         ;
;      - system:u_system|system_new_sdram_controller_0:new_sdram_controller_0|za_data[11]                                                          ; 0                 ; 0       ;
; DRAM_DQ[12]                                                                                                                                      ;                   ;         ;
;      - system:u_system|system_new_sdram_controller_0:new_sdram_controller_0|za_data[12]                                                          ; 0                 ; 0       ;
; DRAM_DQ[13]                                                                                                                                      ;                   ;         ;
;      - system:u_system|system_new_sdram_controller_0:new_sdram_controller_0|za_data[13]                                                          ; 0                 ; 0       ;
; DRAM_DQ[14]                                                                                                                                      ;                   ;         ;
;      - system:u_system|system_new_sdram_controller_0:new_sdram_controller_0|za_data[14]                                                          ; 0                 ; 0       ;
; DRAM_DQ[15]                                                                                                                                      ;                   ;         ;
;      - system:u_system|system_new_sdram_controller_0:new_sdram_controller_0|za_data[15]                                                          ; 0                 ; 0       ;
; CLOCK_50                                                                                                                                         ;                   ;         ;
; KEY[0]                                                                                                                                           ;                   ;         ;
;      - ov7670_config:u_ov7670_config|sccb_master:u_sccb|sub_step_r[1]                                                                            ; 0                 ; 0       ;
;      - ov7670_config:u_ov7670_config|sccb_master:u_sccb|clk_div_r[0]                                                                             ; 0                 ; 0       ;
;      - ov7670_config:u_ov7670_config|sccb_master:u_sccb|clk_div_r[1]                                                                             ; 0                 ; 0       ;
;      - ov7670_config:u_ov7670_config|sccb_master:u_sccb|clk_div_r[3]                                                                             ; 0                 ; 0       ;
;      - ov7670_config:u_ov7670_config|sccb_master:u_sccb|clk_div_r[7]                                                                             ; 0                 ; 0       ;
;      - ov7670_config:u_ov7670_config|sccb_master:u_sccb|clk_div_r[2]                                                                             ; 0                 ; 0       ;
;      - ov7670_config:u_ov7670_config|sccb_master:u_sccb|clk_div_r[6]                                                                             ; 0                 ; 0       ;
;      - ov7670_config:u_ov7670_config|sccb_master:u_sccb|clk_div_r[4]                                                                             ; 0                 ; 0       ;
;      - ov7670_config:u_ov7670_config|sccb_master:u_sccb|clk_div_r[5]                                                                             ; 0                 ; 0       ;
;      - ov7670_config:u_ov7670_config|delay_cnt_r[13]                                                                                             ; 0                 ; 0       ;
;      - ov7670_config:u_ov7670_config|delay_cnt_r[12]                                                                                             ; 0                 ; 0       ;
;      - ov7670_config:u_ov7670_config|delay_cnt_r[11]                                                                                             ; 0                 ; 0       ;
;      - ov7670_config:u_ov7670_config|delay_cnt_r[10]                                                                                             ; 0                 ; 0       ;
;      - ov7670_config:u_ov7670_config|delay_cnt_r[9]                                                                                              ; 0                 ; 0       ;
;      - ov7670_config:u_ov7670_config|delay_cnt_r[8]                                                                                              ; 0                 ; 0       ;
;      - ov7670_config:u_ov7670_config|delay_cnt_r[7]                                                                                              ; 0                 ; 0       ;
;      - ov7670_config:u_ov7670_config|delay_cnt_r[6]                                                                                              ; 0                 ; 0       ;
;      - ov7670_config:u_ov7670_config|delay_cnt_r[5]                                                                                              ; 0                 ; 0       ;
;      - ov7670_config:u_ov7670_config|delay_cnt_r[4]                                                                                              ; 0                 ; 0       ;
;      - ov7670_config:u_ov7670_config|delay_cnt_r[3]                                                                                              ; 0                 ; 0       ;
;      - ov7670_config:u_ov7670_config|delay_cnt_r[2]                                                                                              ; 0                 ; 0       ;
;      - ov7670_config:u_ov7670_config|delay_cnt_r[1]                                                                                              ; 0                 ; 0       ;
;      - ov7670_config:u_ov7670_config|delay_cnt_r[0]                                                                                              ; 0                 ; 0       ;
;      - ov7670_config:u_ov7670_config|delay_cnt_r[15]                                                                                             ; 0                 ; 0       ;
;      - ov7670_config:u_ov7670_config|delay_cnt_r[23]                                                                                             ; 0                 ; 0       ;
;      - ov7670_config:u_ov7670_config|delay_cnt_r[22]                                                                                             ; 0                 ; 0       ;
;      - ov7670_config:u_ov7670_config|delay_cnt_r[21]                                                                                             ; 0                 ; 0       ;
;      - ov7670_config:u_ov7670_config|delay_cnt_r[20]                                                                                             ; 0                 ; 0       ;
;      - ov7670_config:u_ov7670_config|delay_cnt_r[19]                                                                                             ; 0                 ; 0       ;
;      - ov7670_config:u_ov7670_config|delay_cnt_r[18]                                                                                             ; 0                 ; 0       ;
;      - ov7670_config:u_ov7670_config|delay_cnt_r[17]                                                                                             ; 0                 ; 0       ;
;      - ov7670_config:u_ov7670_config|delay_cnt_r[16]                                                                                             ; 0                 ; 0       ;
;      - ov7670_config:u_ov7670_config|delay_cnt_r[14]                                                                                             ; 0                 ; 0       ;
;      - ov7670_config:u_ov7670_config|sccb_master:u_sccb|sub_step_r[0]                                                                            ; 0                 ; 0       ;
;      - ov7670_config:u_ov7670_config|sccb_master:u_sccb|shift_reg_r[6]                                                                           ; 0                 ; 0       ;
;      - ov7670_config:u_ov7670_config|sccb_master:u_sccb|shift_reg_r[5]                                                                           ; 0                 ; 0       ;
;      - ov7670_config:u_ov7670_config|sccb_master:u_sccb|shift_reg_r[4]                                                                           ; 0                 ; 0       ;
;      - ov7670_config:u_ov7670_config|sccb_master:u_sccb|shift_reg_r[3]                                                                           ; 0                 ; 0       ;
;      - ov7670_config:u_ov7670_config|sccb_master:u_sccb|shift_reg_r[2]                                                                           ; 0                 ; 0       ;
;      - ov7670_config:u_ov7670_config|sccb_master:u_sccb|shift_reg_r[1]                                                                           ; 0                 ; 0       ;
;      - ov7670_config:u_ov7670_config|sccb_master:u_sccb|shift_reg_r[0]                                                                           ; 0                 ; 0       ;
;      - ov7670_config:u_ov7670_config|sccb_master:u_sccb|state_r.ST_STOP                                                                          ; 0                 ; 0       ;
;      - ov7670_config:u_ov7670_config|sccb_master:u_sccb|state_r.ST_START                                                                         ; 0                 ; 0       ;
;      - ov7670_config:u_ov7670_config|sccb_master:u_sccb|state_r.ST_DATA                                                                          ; 0                 ; 0       ;
;      - ov7670_config:u_ov7670_config|sccb_master:u_sccb|state_r.ST_ACK                                                                           ; 0                 ; 0       ;
;      - ov7670_config:u_ov7670_config|sccb_master:u_sccb|sioc_o                                                                                   ; 0                 ; 0       ;
;      - ov7670_config:u_ov7670_config|sccb_master:u_sccb|byte_cnt_r[1]                                                                            ; 0                 ; 0       ;
;      - ov7670_config:u_ov7670_config|sccb_master:u_sccb|state_r.ST_IDLE                                                                          ; 0                 ; 0       ;
;      - ov7670_config:u_ov7670_config|sccb_master:u_sccb|bit_cnt_r[3]                                                                             ; 0                 ; 0       ;
;      - ov7670_config:u_ov7670_config|sccb_master:u_sccb|bit_cnt_r[2]                                                                             ; 0                 ; 0       ;
;      - ov7670_config:u_ov7670_config|sccb_master:u_sccb|bit_cnt_r[1]                                                                             ; 0                 ; 0       ;
;      - ov7670_config:u_ov7670_config|sccb_master:u_sccb|bit_cnt_r[0]                                                                             ; 0                 ; 0       ;
;      - ov7670_config:u_ov7670_config|start_r                                                                                                     ; 0                 ; 0       ;
;      - ov7670_config:u_ov7670_config|sccb_master:u_sccb|byte_cnt_r[0]                                                                            ; 0                 ; 0       ;
;      - ov7670_config:u_ov7670_config|sccb_master:u_sccb|siod_out                                                                                 ; 0                 ; 0       ;
;      - ov7670_config:u_ov7670_config|sccb_master:u_sccb|siod_oe                                                                                  ; 0                 ; 0       ;
;      - ov7670_config:u_ov7670_config|state_r.ST_START                                                                                            ; 0                 ; 0       ;
;      - ov7670_config:u_ov7670_config|sccb_master:u_sccb|ready_o                                                                                  ; 0                 ; 0       ;
;      - ov7670_config:u_ov7670_config|rom_idx_r[4]                                                                                                ; 0                 ; 0       ;
;      - ov7670_config:u_ov7670_config|rom_idx_r[5]                                                                                                ; 0                 ; 0       ;
;      - ov7670_config:u_ov7670_config|rom_idx_r[1]                                                                                                ; 0                 ; 0       ;
;      - ov7670_config:u_ov7670_config|rom_idx_r[3]                                                                                                ; 0                 ; 0       ;
;      - ov7670_config:u_ov7670_config|rom_idx_r[2]                                                                                                ; 0                 ; 0       ;
;      - ov7670_config:u_ov7670_config|rom_idx_r[0]                                                                                                ; 0                 ; 0       ;
;      - ov7670_config:u_ov7670_config|state_r.ST_WAIT                                                                                             ; 0                 ; 0       ;
;      - ov7670_config:u_ov7670_config|state_r.ST_INIT_DELAY                                                                                       ; 0                 ; 0       ;
;      - ov7670_config:u_ov7670_config|sccb_master:u_sccb|shift_reg_r[7]                                                                           ; 0                 ; 0       ;
;      - ov7670_config:u_ov7670_config|state_r.ST_DONE                                                                                             ; 0                 ; 0       ;
;      - ov7670_config:u_ov7670_config|reg_data_r[5]                                                                                               ; 0                 ; 0       ;
;      - ov7670_config:u_ov7670_config|reg_addr_r[5]                                                                                               ; 0                 ; 0       ;
;      - ov7670_config:u_ov7670_config|reg_data_r[7]                                                                                               ; 0                 ; 0       ;
;      - ov7670_config:u_ov7670_config|reg_data_r[4]                                                                                               ; 0                 ; 0       ;
;      - ov7670_config:u_ov7670_config|reg_addr_r[4]                                                                                               ; 0                 ; 0       ;
;      - ov7670_config:u_ov7670_config|reg_data_r[6]                                                                                               ; 0                 ; 0       ;
;      - ov7670_config:u_ov7670_config|reg_addr_r[6]                                                                                               ; 0                 ; 0       ;
;      - system:u_system|altera_reset_controller:rst_controller|altera_reset_synchronizer:alt_rst_sync_uq1|altera_reset_synchronizer_int_chain_out ; 0                 ; 0       ;
;      - ov7670_config:u_ov7670_config|reg_data_r[1]                                                                                               ; 0                 ; 0       ;
;      - ov7670_config:u_ov7670_config|reg_addr_r[1]                                                                                               ; 0                 ; 0       ;
;      - ov7670_config:u_ov7670_config|reg_data_r[3]                                                                                               ; 0                 ; 0       ;
;      - ov7670_config:u_ov7670_config|reg_addr_r[3]                                                                                               ; 0                 ; 0       ;
;      - ov7670_config:u_ov7670_config|reg_data_r[0]                                                                                               ; 0                 ; 0       ;
;      - ov7670_config:u_ov7670_config|reg_addr_r[0]                                                                                               ; 0                 ; 0       ;
;      - ov7670_config:u_ov7670_config|reg_data_r[2]                                                                                               ; 0                 ; 0       ;
;      - ov7670_config:u_ov7670_config|reg_addr_r[2]                                                                                               ; 0                 ; 0       ;
;      - system:u_system|altera_reset_controller:rst_controller|altera_reset_synchronizer:alt_rst_sync_uq1|altera_reset_synchronizer_int_chain[0]  ; 0                 ; 0       ;
;      - system:u_system|altera_reset_controller:rst_controller|altera_reset_synchronizer:alt_rst_sync_uq1|altera_reset_synchronizer_int_chain[1]  ; 0                 ; 0       ;
;      - ov7670_config:u_ov7670_config|delay_cnt_r[1]~DUPLICATE                                                                                    ; 0                 ; 0       ;
;      - ov7670_config:u_ov7670_config|delay_cnt_r[9]~DUPLICATE                                                                                    ; 0                 ; 0       ;
;      - ov7670_config:u_ov7670_config|rom_idx_r[2]~DUPLICATE                                                                                      ; 0                 ; 0       ;
; CAM_PCLK                                                                                                                                         ;                   ;         ;
;      - CAM_PCLK~inputCLKENA0                                                                                                                     ; 0                 ; 0       ;
; CAM_VSYNC                                                                                                                                        ;                   ;         ;
;      - system:u_system|camera_system:camera_system_0|cam_vsync_d1_r                                                                              ; 1                 ; 0       ;
+--------------------------------------------------------------------------------------------------------------------------------------------------+-------------------+---------+


+------------------------------------------------------------------------------------------------------------------------------------------------------------------------------------------------------------------------------------------------------------------------------------------------------------------------------------------------------------------------------------------------------------------------------------------------------------------------------------------------------------------------------------------------------------+
; Control Signals                                                                                                                                                                                                                                                                                                                                                                                                                                                                                                                                            ;
+-------------------------------------------------------------------------------------------------------------------------------------------------------------------------------------------------------------------------------------------------------------------------------------------------------------------------------------------------------------------+----------------------------+---------+------------------------------------------------------------------+--------+----------------------+------------------+---------------------------+
; Name                                                                                                                                                                                                                                                                                                                                                              ; Location                   ; Fan-Out ; Usage                                                            ; Global ; Global Resource Used ; Global Line Name ; Enable Signal Source Name ;
+-------------------------------------------------------------------------------------------------------------------------------------------------------------------------------------------------------------------------------------------------------------------------------------------------------------------------------------------------------------------+----------------------------+---------+------------------------------------------------------------------+--------+----------------------+------------------+---------------------------+
; CAM_PCLK                                                                                                                                                                                                                                                                                                                                                          ; PIN_AD24                   ; 25      ; Clock                                                            ; yes    ; Global Clock         ; GCLK10           ; --                        ;
; KEY[0]                                                                                                                                                                                                                                                                                                                                                            ; PIN_AA14                   ; 89      ; Async. clear                                                     ; no     ; --                   ; --               ; --                        ;
; altera_internal_jtag~TCKUTAP                                                                                                                                                                                                                                                                                                                                      ; JTAG_X0_Y2_N3              ; 176     ; Clock                                                            ; no     ; --                   ; --               ; --                        ;
; altera_internal_jtag~TMSUTAP                                                                                                                                                                                                                                                                                                                                      ; JTAG_X0_Y2_N3              ; 27      ; Sync. clear                                                      ; no     ; --                   ; --               ; --                        ;
; ov7670_config:u_ov7670_config|delay_cnt_r[13]~0                                                                                                                                                                                                                                                                                                                   ; LABCELL_X42_Y2_N57         ; 26      ; Sync. clear                                                      ; no     ; --                   ; --               ; --                        ;
; ov7670_config:u_ov7670_config|delay_cnt_r[13]~1                                                                                                                                                                                                                                                                                                                   ; LABCELL_X42_Y3_N27         ; 26      ; Clock enable                                                     ; no     ; --                   ; --               ; --                        ;
; ov7670_config:u_ov7670_config|reg_data_r[7]~0                                                                                                                                                                                                                                                                                                                     ; LABCELL_X42_Y3_N9          ; 16      ; Clock enable                                                     ; no     ; --                   ; --               ; --                        ;
; ov7670_config:u_ov7670_config|sccb_master:u_sccb|Equal0~2                                                                                                                                                                                                                                                                                                         ; MLABCELL_X39_Y3_N39        ; 18      ; Clock enable, Sync. clear                                        ; no     ; --                   ; --               ; --                        ;
; ov7670_config:u_ov7670_config|sccb_master:u_sccb|byte_cnt_r[1]~0                                                                                                                                                                                                                                                                                                  ; LABCELL_X37_Y3_N45         ; 2       ; Clock enable                                                     ; no     ; --                   ; --               ; --                        ;
; ov7670_config:u_ov7670_config|sccb_master:u_sccb|shift_reg_r[6]~0                                                                                                                                                                                                                                                                                                 ; MLABCELL_X39_Y3_N33        ; 7       ; Clock enable                                                     ; no     ; --                   ; --               ; --                        ;
; ov7670_config:u_ov7670_config|sccb_master:u_sccb|siod_oe                                                                                                                                                                                                                                                                                                          ; FF_X40_Y3_N7               ; 2       ; Output enable                                                    ; no     ; --                   ; --               ; --                        ;
; ov7670_config:u_ov7670_config|sccb_master:u_sccb|state_r.ST_ACK                                                                                                                                                                                                                                                                                                   ; FF_X40_Y3_N53              ; 17      ; Sync. clear, Sync. load                                          ; no     ; --                   ; --               ; --                        ;
; ov7670_config:u_ov7670_config|sccb_master:u_sccb|state_r.ST_IDLE                                                                                                                                                                                                                                                                                                  ; FF_X39_Y3_N32              ; 7       ; Sync. clear                                                      ; no     ; --                   ; --               ; --                        ;
; ov7670_config:u_ov7670_config|sccb_master:u_sccb|state_r~18                                                                                                                                                                                                                                                                                                       ; MLABCELL_X39_Y3_N48        ; 2       ; Clock enable                                                     ; no     ; --                   ; --               ; --                        ;
; pll_25mhz:u_pll_25mhz|pll_25mhz_0002:pll_25mhz_inst|altera_pll:altera_pll_i|outclk_wire[0]                                                                                                                                                                                                                                                                        ; PLLOUTPUTCOUNTER_X0_Y4_N1  ; 87      ; Clock                                                            ; yes    ; Global Clock         ; GCLK1            ; --                        ;
; sld_hub:auto_hub|alt_sld_fab_with_jtag_input:\instrumentation_fabric_with_node_gen:fabric_gen_new_way:with_jtag_input_gen:instrumentation_fabric|alt_sld_fab:instrumentation_fabric|alt_sld_fab_alt_sld_fab:alt_sld_fab|alt_sld_fab_alt_sld_fab_sldfabric:sldfabric|sld_jtag_hub:\jtag_hub_gen:real_sld_jtag_hub|clr_reg                                          ; FF_X3_Y2_N38               ; 62      ; Async. clear                                                     ; no     ; --                   ; --               ; --                        ;
; sld_hub:auto_hub|alt_sld_fab_with_jtag_input:\instrumentation_fabric_with_node_gen:fabric_gen_new_way:with_jtag_input_gen:instrumentation_fabric|alt_sld_fab:instrumentation_fabric|alt_sld_fab_alt_sld_fab:alt_sld_fab|alt_sld_fab_alt_sld_fab_sldfabric:sldfabric|sld_jtag_hub:\jtag_hub_gen:real_sld_jtag_hub|design_hash_reg[1]~3                             ; LABCELL_X2_Y3_N30          ; 4       ; Clock enable                                                     ; no     ; --                   ; --               ; --                        ;
; sld_hub:auto_hub|alt_sld_fab_with_jtag_input:\instrumentation_fabric_with_node_gen:fabric_gen_new_way:with_jtag_input_gen:instrumentation_fabric|alt_sld_fab:instrumentation_fabric|alt_sld_fab_alt_sld_fab:alt_sld_fab|alt_sld_fab_alt_sld_fab_sldfabric:sldfabric|sld_jtag_hub:\jtag_hub_gen:real_sld_jtag_hub|hub_info_reg_ena~0                               ; LABCELL_X2_Y1_N21          ; 6       ; Clock enable                                                     ; no     ; --                   ; --               ; --                        ;
; sld_hub:auto_hub|alt_sld_fab_with_jtag_input:\instrumentation_fabric_with_node_gen:fabric_gen_new_way:with_jtag_input_gen:instrumentation_fabric|alt_sld_fab:instrumentation_fabric|alt_sld_fab_alt_sld_fab:alt_sld_fab|alt_sld_fab_alt_sld_fab_sldfabric:sldfabric|sld_jtag_hub:\jtag_hub_gen:real_sld_jtag_hub|identity_contrib_shift_reg[0]~0                  ; MLABCELL_X3_Y3_N30         ; 4       ; Clock enable                                                     ; no     ; --                   ; --               ; --                        ;
; sld_hub:auto_hub|alt_sld_fab_with_jtag_input:\instrumentation_fabric_with_node_gen:fabric_gen_new_way:with_jtag_input_gen:instrumentation_fabric|alt_sld_fab:instrumentation_fabric|alt_sld_fab_alt_sld_fab:alt_sld_fab|alt_sld_fab_alt_sld_fab_sldfabric:sldfabric|sld_jtag_hub:\jtag_hub_gen:real_sld_jtag_hub|irf_reg[2][0]~5                                  ; MLABCELL_X3_Y1_N15         ; 2       ; Clock enable                                                     ; no     ; --                   ; --               ; --                        ;
; sld_hub:auto_hub|alt_sld_fab_with_jtag_input:\instrumentation_fabric_with_node_gen:fabric_gen_new_way:with_jtag_input_gen:instrumentation_fabric|alt_sld_fab:instrumentation_fabric|alt_sld_fab_alt_sld_fab:alt_sld_fab|alt_sld_fab_alt_sld_fab_sldfabric:sldfabric|sld_jtag_hub:\jtag_hub_gen:real_sld_jtag_hub|irsr_reg[2]~2                                    ; LABCELL_X2_Y3_N48          ; 6       ; Clock enable                                                     ; no     ; --                   ; --               ; --                        ;
; sld_hub:auto_hub|alt_sld_fab_with_jtag_input:\instrumentation_fabric_with_node_gen:fabric_gen_new_way:with_jtag_input_gen:instrumentation_fabric|alt_sld_fab:instrumentation_fabric|alt_sld_fab_alt_sld_fab:alt_sld_fab|alt_sld_fab_alt_sld_fab_sldfabric:sldfabric|sld_jtag_hub:\jtag_hub_gen:real_sld_jtag_hub|mixer_addr_reg_internal[1]~1                     ; LABCELL_X1_Y2_N36          ; 5       ; Clock enable                                                     ; no     ; --                   ; --               ; --                        ;
; sld_hub:auto_hub|alt_sld_fab_with_jtag_input:\instrumentation_fabric_with_node_gen:fabric_gen_new_way:with_jtag_input_gen:instrumentation_fabric|alt_sld_fab:instrumentation_fabric|alt_sld_fab_alt_sld_fab:alt_sld_fab|alt_sld_fab_alt_sld_fab_sldfabric:sldfabric|sld_jtag_hub:\jtag_hub_gen:real_sld_jtag_hub|node_ena~2                                       ; MLABCELL_X3_Y3_N18         ; 2       ; Clock enable                                                     ; no     ; --                   ; --               ; --                        ;
; sld_hub:auto_hub|alt_sld_fab_with_jtag_input:\instrumentation_fabric_with_node_gen:fabric_gen_new_way:with_jtag_input_gen:instrumentation_fabric|alt_sld_fab:instrumentation_fabric|alt_sld_fab_alt_sld_fab:alt_sld_fab|alt_sld_fab_alt_sld_fab_sldfabric:sldfabric|sld_jtag_hub:\jtag_hub_gen:real_sld_jtag_hub|reset_ena_reg_proc~0                             ; MLABCELL_X3_Y2_N30         ; 5       ; Clock enable                                                     ; no     ; --                   ; --               ; --                        ;
; sld_hub:auto_hub|alt_sld_fab_with_jtag_input:\instrumentation_fabric_with_node_gen:fabric_gen_new_way:with_jtag_input_gen:instrumentation_fabric|alt_sld_fab:instrumentation_fabric|alt_sld_fab_alt_sld_fab:alt_sld_fab|alt_sld_fab_alt_sld_fab_sldfabric:sldfabric|sld_jtag_hub:\jtag_hub_gen:real_sld_jtag_hub|shadow_irf_reg[2][0]~6                           ; MLABCELL_X3_Y3_N0          ; 2       ; Clock enable                                                     ; no     ; --                   ; --               ; --                        ;
; sld_hub:auto_hub|alt_sld_fab_with_jtag_input:\instrumentation_fabric_with_node_gen:fabric_gen_new_way:with_jtag_input_gen:instrumentation_fabric|alt_sld_fab:instrumentation_fabric|alt_sld_fab_alt_sld_fab:alt_sld_fab|alt_sld_fab_alt_sld_fab_sldfabric:sldfabric|sld_jtag_hub:\jtag_hub_gen:real_sld_jtag_hub|sld_rom_sr:hub_info_reg|WORD_SR[0]~2             ; LABCELL_X2_Y2_N12          ; 4       ; Clock enable                                                     ; no     ; --                   ; --               ; --                        ;
; sld_hub:auto_hub|alt_sld_fab_with_jtag_input:\instrumentation_fabric_with_node_gen:fabric_gen_new_way:with_jtag_input_gen:instrumentation_fabric|alt_sld_fab:instrumentation_fabric|alt_sld_fab_alt_sld_fab:alt_sld_fab|alt_sld_fab_alt_sld_fab_sldfabric:sldfabric|sld_jtag_hub:\jtag_hub_gen:real_sld_jtag_hub|sld_rom_sr:hub_info_reg|word_counter[3]~1        ; LABCELL_X2_Y3_N9           ; 6       ; Clock enable                                                     ; no     ; --                   ; --               ; --                        ;
; sld_hub:auto_hub|alt_sld_fab_with_jtag_input:\instrumentation_fabric_with_node_gen:fabric_gen_new_way:with_jtag_input_gen:instrumentation_fabric|alt_sld_fab:instrumentation_fabric|alt_sld_fab_alt_sld_fab:alt_sld_fab|alt_sld_fab_alt_sld_fab_sldfabric:sldfabric|sld_jtag_hub:\jtag_hub_gen:real_sld_jtag_hub|sld_shadow_jsm:shadow_jsm|state[0]               ; FF_X3_Y2_N59               ; 15      ; Async. clear                                                     ; no     ; --                   ; --               ; --                        ;
; sld_hub:auto_hub|alt_sld_fab_with_jtag_input:\instrumentation_fabric_with_node_gen:fabric_gen_new_way:with_jtag_input_gen:instrumentation_fabric|alt_sld_fab:instrumentation_fabric|alt_sld_fab_alt_sld_fab:alt_sld_fab|alt_sld_fab_alt_sld_fab_sldfabric:sldfabric|sld_jtag_hub:\jtag_hub_gen:real_sld_jtag_hub|sld_shadow_jsm:shadow_jsm|state[11]              ; FF_X3_Y1_N50               ; 12      ; Clock enable                                                     ; no     ; --                   ; --               ; --                        ;
; sld_hub:auto_hub|alt_sld_fab_with_jtag_input:\instrumentation_fabric_with_node_gen:fabric_gen_new_way:with_jtag_input_gen:instrumentation_fabric|alt_sld_fab:instrumentation_fabric|alt_sld_fab_alt_sld_fab:alt_sld_fab|alt_sld_fab_alt_sld_fab_sldfabric:sldfabric|sld_jtag_hub:\jtag_hub_gen:real_sld_jtag_hub|sld_shadow_jsm:shadow_jsm|state[3]               ; FF_X3_Y2_N53               ; 38      ; Sync. load                                                       ; no     ; --                   ; --               ; --                        ;
; sld_hub:auto_hub|alt_sld_fab_with_jtag_input:\instrumentation_fabric_with_node_gen:fabric_gen_new_way:with_jtag_input_gen:instrumentation_fabric|alt_sld_fab:instrumentation_fabric|alt_sld_fab_alt_sld_fab:alt_sld_fab|alt_sld_fab_alt_sld_fab_sldfabric:sldfabric|sld_jtag_hub:\jtag_hub_gen:real_sld_jtag_hub|sld_shadow_jsm:shadow_jsm|state[4]               ; FF_X2_Y1_N17               ; 54      ; Sync. clear                                                      ; no     ; --                   ; --               ; --                        ;
; sld_hub:auto_hub|alt_sld_fab_with_jtag_input:\instrumentation_fabric_with_node_gen:fabric_gen_new_way:with_jtag_input_gen:instrumentation_fabric|alt_sld_fab:instrumentation_fabric|alt_sld_fab_alt_sld_fab:alt_sld_fab|alt_sld_fab_alt_sld_fab_sldfabric:sldfabric|sld_jtag_hub:\jtag_hub_gen:real_sld_jtag_hub|virtual_ir_dr_scan_proc~0                        ; MLABCELL_X3_Y1_N21         ; 3       ; Clock enable                                                     ; no     ; --                   ; --               ; --                        ;
; sld_hub:auto_hub|alt_sld_fab_with_jtag_input:\instrumentation_fabric_with_node_gen:fabric_gen_new_way:with_jtag_input_gen:instrumentation_fabric|alt_sld_fab:instrumentation_fabric|alt_sld_fab_alt_sld_fab:alt_sld_fab|alt_sld_fab_alt_sld_fab_sldfabric:sldfabric|sld_jtag_hub:\jtag_hub_gen:real_sld_jtag_hub|virtual_ir_scan_reg                              ; FF_X3_Y1_N26               ; 40      ; Async. clear                                                     ; no     ; --                   ; --               ; --                        ;
; sld_hub:auto_hub|alt_sld_fab_with_jtag_input:\instrumentation_fabric_with_node_gen:fabric_gen_new_way:with_jtag_input_gen:instrumentation_fabric|alt_sld_fab:instrumentation_fabric|alt_sld_fab_alt_sld_fab:alt_sld_fab|sldfabric_ident_writedata[0]~0                                                                                                            ; LABCELL_X2_Y3_N18          ; 4       ; Clock enable                                                     ; no     ; --                   ; --               ; --                        ;
; sys_pll:u_sys_pll|sys_pll_0002:sys_pll_inst|altera_pll:altera_pll_i|outclk_wire[0]                                                                                                                                                                                                                                                                                ; PLLOUTPUTCOUNTER_X0_Y19_N1 ; 1550    ; Clock                                                            ; yes    ; Global Clock         ; GCLK7            ; --                        ;
; system:u_system|altera_reset_controller:rst_controller|r_early_rst                                                                                                                                                                                                                                                                                                ; FF_X10_Y4_N44              ; 66      ; Clock enable                                                     ; no     ; --                   ; --               ; --                        ;
; system:u_system|altera_reset_controller:rst_controller|r_sync_rst                                                                                                                                                                                                                                                                                                 ; FF_X10_Y4_N47              ; 1073    ; Async. clear, Async. load, Clock enable, Sync. clear, Sync. load ; no     ; --                   ; --               ; --                        ;
; system:u_system|camera_system:camera_system_0|avalon_mm_master_writer:u_master|fifo_re_o~0                                                                                                                                                                                                                                                                        ; LABCELL_X33_Y4_N42         ; 2       ; Clock enable                                                     ; no     ; --                   ; --               ; --                        ;
; system:u_system|camera_system:camera_system_0|avalon_mm_master_writer:u_master|offset_r[18]~4                                                                                                                                                                                                                                                                     ; MLABCELL_X28_Y1_N57        ; 35      ; Sync. clear                                                      ; no     ; --                   ; --               ; --                        ;
; system:u_system|camera_system:camera_system_0|avalon_mm_master_writer:u_master|state_r~8                                                                                                                                                                                                                                                                          ; LABCELL_X27_Y3_N21         ; 36      ; Clock enable                                                     ; no     ; --                   ; --               ; --                        ;
; system:u_system|system_jtag_uart_0:jtag_uart_0|alt_jtag_atlantic:system_jtag_uart_0_alt_jtag_atlantic|r_ena~0                                                                                                                                                                                                                                                     ; MLABCELL_X6_Y3_N27         ; 1       ; Clock enable                                                     ; no     ; --                   ; --               ; --                        ;
; system:u_system|system_jtag_uart_0:jtag_uart_0|alt_jtag_atlantic:system_jtag_uart_0_alt_jtag_atlantic|td_shift[0]~2                                                                                                                                                                                                                                               ; MLABCELL_X3_Y3_N39         ; 21      ; Clock enable                                                     ; no     ; --                   ; --               ; --                        ;
; system:u_system|system_jtag_uart_0:jtag_uart_0|alt_jtag_atlantic:system_jtag_uart_0_alt_jtag_atlantic|wdata[1]~0                                                                                                                                                                                                                                                  ; LABCELL_X2_Y3_N39          ; 8       ; Clock enable                                                     ; no     ; --                   ; --               ; --                        ;
; system:u_system|system_jtag_uart_0:jtag_uart_0|alt_jtag_atlantic:system_jtag_uart_0_alt_jtag_atlantic|write_stalled~1                                                                                                                                                                                                                                             ; MLABCELL_X3_Y3_N48         ; 6       ; Clock enable                                                     ; no     ; --                   ; --               ; --                        ;
; system:u_system|system_jtag_uart_0:jtag_uart_0|fifo_wr                                                                                                                                                                                                                                                                                                            ; FF_X15_Y6_N8               ; 15      ; Clock enable, Write enable                                       ; no     ; --                   ; --               ; --                        ;
; system:u_system|system_jtag_uart_0:jtag_uart_0|ien_AE~0                                                                                                                                                                                                                                                                                                           ; MLABCELL_X15_Y6_N51        ; 3       ; Clock enable                                                     ; no     ; --                   ; --               ; --                        ;
; system:u_system|system_jtag_uart_0:jtag_uart_0|r_val~0                                                                                                                                                                                                                                                                                                            ; MLABCELL_X6_Y3_N48         ; 11      ; Clock enable                                                     ; no     ; --                   ; --               ; --                        ;
; system:u_system|system_jtag_uart_0:jtag_uart_0|read_0                                                                                                                                                                                                                                                                                                             ; FF_X13_Y6_N35              ; 16      ; Sync. load                                                       ; no     ; --                   ; --               ; --                        ;
; system:u_system|system_jtag_uart_0:jtag_uart_0|rvalid~0                                                                                                                                                                                                                                                                                                           ; LABCELL_X13_Y6_N30         ; 8       ; Clock enable                                                     ; no     ; --                   ; --               ; --                        ;
; system:u_system|system_jtag_uart_0:jtag_uart_0|system_jtag_uart_0_scfifo_r:the_system_jtag_uart_0_scfifo_r|scfifo:rfifo|scfifo_3291:auto_generated|a_dpfifo_5771:dpfifo|a_fefifo_7cf:fifo_state|_~1                                                                                                                                                               ; LABCELL_X13_Y6_N48         ; 7       ; Clock enable                                                     ; no     ; --                   ; --               ; --                        ;
; system:u_system|system_jtag_uart_0:jtag_uart_0|system_jtag_uart_0_scfifo_w:the_system_jtag_uart_0_scfifo_w|scfifo:wfifo|scfifo_3291:auto_generated|a_dpfifo_5771:dpfifo|a_fefifo_7cf:fifo_state|_~0                                                                                                                                                               ; LABCELL_X7_Y3_N24          ; 6       ; Clock enable                                                     ; no     ; --                   ; --               ; --                        ;
; system:u_system|system_jtag_uart_0:jtag_uart_0|wr_rfifo                                                                                                                                                                                                                                                                                                           ; MLABCELL_X6_Y4_N42         ; 14      ; Clock enable, Write enable                                       ; no     ; --                   ; --               ; --                        ;
; system:u_system|system_mm_interconnect_0:mm_interconnect_0|altera_avalon_sc_fifo:new_sdram_controller_0_s1_agent_rdata_fifo|internal_out_ready~0                                                                                                                                                                                                                  ; MLABCELL_X25_Y4_N6         ; 5       ; Clock enable                                                     ; no     ; --                   ; --               ; --                        ;
; system:u_system|system_mm_interconnect_0:mm_interconnect_0|altera_avalon_sc_fifo:new_sdram_controller_0_s1_agent_rdata_fifo|write                                                                                                                                                                                                                                 ; MLABCELL_X25_Y4_N48        ; 6       ; Clock enable, Write enable                                       ; no     ; --                   ; --               ; --                        ;
; system:u_system|system_mm_interconnect_0:mm_interconnect_0|altera_avalon_sc_fifo:new_sdram_controller_0_s1_agent_rsp_fifo|always0~0                                                                                                                                                                                                                               ; LABCELL_X22_Y4_N36         ; 11      ; Clock enable                                                     ; no     ; --                   ; --               ; --                        ;
; system:u_system|system_mm_interconnect_0:mm_interconnect_0|altera_avalon_sc_fifo:new_sdram_controller_0_s1_agent_rsp_fifo|always1~0                                                                                                                                                                                                                               ; LABCELL_X22_Y4_N54         ; 11      ; Clock enable                                                     ; no     ; --                   ; --               ; --                        ;
; system:u_system|system_mm_interconnect_0:mm_interconnect_0|altera_avalon_sc_fifo:new_sdram_controller_0_s1_agent_rsp_fifo|always2~0                                                                                                                                                                                                                               ; LABCELL_X27_Y4_N57         ; 11      ; Clock enable                                                     ; no     ; --                   ; --               ; --                        ;
; system:u_system|system_mm_interconnect_0:mm_interconnect_0|altera_avalon_sc_fifo:new_sdram_controller_0_s1_agent_rsp_fifo|always3~0                                                                                                                                                                                                                               ; LABCELL_X27_Y5_N57         ; 11      ; Clock enable                                                     ; no     ; --                   ; --               ; --                        ;
; system:u_system|system_mm_interconnect_0:mm_interconnect_0|altera_avalon_sc_fifo:new_sdram_controller_0_s1_agent_rsp_fifo|always4~0                                                                                                                                                                                                                               ; LABCELL_X27_Y5_N42         ; 11      ; Clock enable                                                     ; no     ; --                   ; --               ; --                        ;
; system:u_system|system_mm_interconnect_0:mm_interconnect_0|altera_avalon_sc_fifo:new_sdram_controller_0_s1_agent_rsp_fifo|always5~0                                                                                                                                                                                                                               ; LABCELL_X22_Y5_N33         ; 11      ; Clock enable                                                     ; no     ; --                   ; --               ; --                        ;
; system:u_system|system_mm_interconnect_0:mm_interconnect_0|altera_avalon_sc_fifo:new_sdram_controller_0_s1_agent_rsp_fifo|always6~0                                                                                                                                                                                                                               ; LABCELL_X24_Y5_N9          ; 11      ; Clock enable                                                     ; no     ; --                   ; --               ; --                        ;
; system:u_system|system_mm_interconnect_0:mm_interconnect_0|altera_avalon_sc_fifo:new_sdram_controller_0_s1_agent_rsp_fifo|mem[0][62]                                                                                                                                                                                                                              ; FF_X23_Y4_N11              ; 7       ; Sync. load                                                       ; no     ; --                   ; --               ; --                        ;
; system:u_system|system_mm_interconnect_0:mm_interconnect_0|altera_avalon_sc_fifo:new_sdram_controller_0_s1_agent_rsp_fifo|mem_used[1]                                                                                                                                                                                                                             ; FF_X22_Y4_N41              ; 14      ; Sync. load                                                       ; no     ; --                   ; --               ; --                        ;
; system:u_system|system_mm_interconnect_0:mm_interconnect_0|altera_avalon_sc_fifo:new_sdram_controller_0_s1_agent_rsp_fifo|mem_used[1]~3                                                                                                                                                                                                                           ; LABCELL_X22_Y4_N18         ; 6       ; Clock enable                                                     ; no     ; --                   ; --               ; --                        ;
; system:u_system|system_mm_interconnect_0:mm_interconnect_0|altera_avalon_sc_fifo:new_sdram_controller_0_s1_agent_rsp_fifo|mem_used[2]                                                                                                                                                                                                                             ; FF_X22_Y4_N23              ; 14      ; Sync. load                                                       ; no     ; --                   ; --               ; --                        ;
; system:u_system|system_mm_interconnect_0:mm_interconnect_0|altera_avalon_sc_fifo:new_sdram_controller_0_s1_agent_rsp_fifo|mem_used[3]                                                                                                                                                                                                                             ; FF_X27_Y5_N26              ; 14      ; Sync. load                                                       ; no     ; --                   ; --               ; --                        ;
; system:u_system|system_mm_interconnect_0:mm_interconnect_0|altera_avalon_sc_fifo:new_sdram_controller_0_s1_agent_rsp_fifo|mem_used[4]                                                                                                                                                                                                                             ; FF_X27_Y5_N32              ; 14      ; Sync. load                                                       ; no     ; --                   ; --               ; --                        ;
; system:u_system|system_mm_interconnect_0:mm_interconnect_0|altera_avalon_sc_fifo:new_sdram_controller_0_s1_agent_rsp_fifo|mem_used[5]                                                                                                                                                                                                                             ; FF_X27_Y5_N29              ; 14      ; Sync. load                                                       ; no     ; --                   ; --               ; --                        ;
; system:u_system|system_mm_interconnect_0:mm_interconnect_0|altera_avalon_sc_fifo:new_sdram_controller_0_s1_agent_rsp_fifo|mem_used[6]                                                                                                                                                                                                                             ; FF_X27_Y5_N35              ; 14      ; Sync. load                                                       ; no     ; --                   ; --               ; --                        ;
; system:u_system|system_mm_interconnect_0:mm_interconnect_0|altera_avalon_sc_fifo:new_sdram_controller_0_s1_agent_rsp_fifo|read~0                                                                                                                                                                                                                                  ; LABCELL_X22_Y4_N6          ; 11      ; Clock enable                                                     ; no     ; --                   ; --               ; --                        ;
; system:u_system|system_mm_interconnect_0:mm_interconnect_0|altera_avalon_sc_fifo:nios2_gen2_0_debug_mem_slave_agent_rsp_fifo|mem_used[1]~1                                                                                                                                                                                                                        ; LABCELL_X16_Y6_N24         ; 4       ; Clock enable                                                     ; no     ; --                   ; --               ; --                        ;
; system:u_system|system_mm_interconnect_0:mm_interconnect_0|altera_avalon_sc_fifo:onchip_memory2_0_s1_agent_rsp_fifo|mem_used[1]~1                                                                                                                                                                                                                                 ; LABCELL_X27_Y7_N36         ; 4       ; Clock enable                                                     ; no     ; --                   ; --               ; --                        ;
; system:u_system|system_mm_interconnect_0:mm_interconnect_0|altera_merlin_width_adapter:new_sdram_controller_0_s1_to_nios2_gen2_0_data_master_rsp_width_adapter|always10~1                                                                                                                                                                                         ; MLABCELL_X25_Y4_N33        ; 16      ; Sync. clear                                                      ; no     ; --                   ; --               ; --                        ;
; system:u_system|system_mm_interconnect_0:mm_interconnect_0|altera_merlin_width_adapter:nios2_gen2_0_data_master_to_new_sdram_controller_0_s1_cmd_width_adapter|data_reg[2]~0                                                                                                                                                                                      ; LABCELL_X24_Y5_N24         ; 42      ; Clock enable                                                     ; no     ; --                   ; --               ; --                        ;
; system:u_system|system_mm_interconnect_0:mm_interconnect_0|altera_merlin_width_adapter:nios2_gen2_0_data_master_to_new_sdram_controller_0_s1_cmd_width_adapter|use_reg                                                                                                                                                                                            ; FF_X21_Y6_N26              ; 69      ; Sync. clear, Sync. load                                          ; no     ; --                   ; --               ; --                        ;
; system:u_system|system_mm_interconnect_0:mm_interconnect_0|system_mm_interconnect_0_cmd_mux:cmd_mux|altera_merlin_arbitrator:arb|top_priority_reg[0]~0                                                                                                                                                                                                            ; LABCELL_X27_Y3_N42         ; 3       ; Clock enable                                                     ; no     ; --                   ; --               ; --                        ;
; system:u_system|system_mm_interconnect_0:mm_interconnect_0|system_mm_interconnect_0_cmd_mux:cmd_mux|update_grant~0                                                                                                                                                                                                                                                ; LABCELL_X27_Y3_N9          ; 4       ; Clock enable                                                     ; no     ; --                   ; --               ; --                        ;
; system:u_system|system_mm_interconnect_0:mm_interconnect_0|system_mm_interconnect_0_cmd_mux_002:cmd_mux_002|altera_merlin_arbitrator:arb|top_priority_reg[0]~0                                                                                                                                                                                                    ; MLABCELL_X15_Y7_N48        ; 2       ; Clock enable                                                     ; no     ; --                   ; --               ; --                        ;
; system:u_system|system_mm_interconnect_0:mm_interconnect_0|system_mm_interconnect_0_cmd_mux_002:cmd_mux_002|update_grant~0                                                                                                                                                                                                                                        ; MLABCELL_X15_Y7_N6         ; 3       ; Clock enable                                                     ; no     ; --                   ; --               ; --                        ;
; system:u_system|system_mm_interconnect_0:mm_interconnect_0|system_mm_interconnect_0_cmd_mux_002:cmd_mux_003|altera_merlin_arbitrator:arb|top_priority_reg[0]~0                                                                                                                                                                                                    ; LABCELL_X27_Y7_N18         ; 2       ; Clock enable                                                     ; no     ; --                   ; --               ; --                        ;
; system:u_system|system_mm_interconnect_0:mm_interconnect_0|system_mm_interconnect_0_cmd_mux_002:cmd_mux_003|update_grant~0                                                                                                                                                                                                                                        ; LABCELL_X27_Y7_N54         ; 3       ; Clock enable                                                     ; no     ; --                   ; --               ; --                        ;
; system:u_system|system_mm_interconnect_0:mm_interconnect_0|system_mm_interconnect_0_rsp_demux:rsp_demux|src2_valid~0                                                                                                                                                                                                                                              ; LABCELL_X22_Y4_N0          ; 38      ; Clock enable                                                     ; no     ; --                   ; --               ; --                        ;
; system:u_system|system_new_sdram_controller_0:new_sdram_controller_0|WideOr16~0                                                                                                                                                                                                                                                                                   ; LABCELL_X18_Y2_N51         ; 4       ; Clock enable                                                     ; no     ; --                   ; --               ; --                        ;
; system:u_system|system_new_sdram_controller_0:new_sdram_controller_0|active_rnw~2                                                                                                                                                                                                                                                                                 ; MLABCELL_X21_Y2_N39        ; 46      ; Clock enable                                                     ; no     ; --                   ; --               ; --                        ;
; system:u_system|system_new_sdram_controller_0:new_sdram_controller_0|m_addr[6]~2                                                                                                                                                                                                                                                                                  ; LABCELL_X22_Y2_N54         ; 13      ; Clock enable                                                     ; no     ; --                   ; --               ; --                        ;
; system:u_system|system_new_sdram_controller_0:new_sdram_controller_0|m_state.000010000                                                                                                                                                                                                                                                                            ; FF_X18_Y2_N46              ; 23      ; Sync. load                                                       ; no     ; --                   ; --               ; --                        ;
; system:u_system|system_new_sdram_controller_0:new_sdram_controller_0|m_state.001000000                                                                                                                                                                                                                                                                            ; FF_X19_Y2_N16              ; 19      ; Sync. load                                                       ; no     ; --                   ; --               ; --                        ;
; system:u_system|system_new_sdram_controller_0:new_sdram_controller_0|oe                                                                                                                                                                                                                                                                                           ; DDIOOECELL_X20_Y0_N39      ; 1       ; Output enable                                                    ; no     ; --                   ; --               ; --                        ;
; system:u_system|system_new_sdram_controller_0:new_sdram_controller_0|oe~_Duplicate_1                                                                                                                                                                                                                                                                              ; DDIOOECELL_X20_Y0_N56      ; 1       ; Output enable                                                    ; no     ; --                   ; --               ; --                        ;
; system:u_system|system_new_sdram_controller_0:new_sdram_controller_0|oe~_Duplicate_10                                                                                                                                                                                                                                                                             ; DDIOOECELL_X22_Y0_N5       ; 1       ; Output enable                                                    ; no     ; --                   ; --               ; --                        ;
; system:u_system|system_new_sdram_controller_0:new_sdram_controller_0|oe~_Duplicate_11                                                                                                                                                                                                                                                                             ; DDIOOECELL_X20_Y0_N5       ; 1       ; Output enable                                                    ; no     ; --                   ; --               ; --                        ;
; system:u_system|system_new_sdram_controller_0:new_sdram_controller_0|oe~_Duplicate_12                                                                                                                                                                                                                                                                             ; DDIOOECELL_X24_Y0_N22      ; 1       ; Output enable                                                    ; no     ; --                   ; --               ; --                        ;
; system:u_system|system_new_sdram_controller_0:new_sdram_controller_0|oe~_Duplicate_13                                                                                                                                                                                                                                                                             ; DDIOOECELL_X20_Y0_N22      ; 1       ; Output enable                                                    ; no     ; --                   ; --               ; --                        ;
; system:u_system|system_new_sdram_controller_0:new_sdram_controller_0|oe~_Duplicate_14                                                                                                                                                                                                                                                                             ; DDIOOECELL_X18_Y0_N96      ; 1       ; Output enable                                                    ; no     ; --                   ; --               ; --                        ;
; system:u_system|system_new_sdram_controller_0:new_sdram_controller_0|oe~_Duplicate_15                                                                                                                                                                                                                                                                             ; DDIOOECELL_X22_Y0_N22      ; 1       ; Output enable                                                    ; no     ; --                   ; --               ; --                        ;
; system:u_system|system_new_sdram_controller_0:new_sdram_controller_0|oe~_Duplicate_2                                                                                                                                                                                                                                                                              ; DDIOOECELL_X22_Y0_N39      ; 1       ; Output enable                                                    ; no     ; --                   ; --               ; --                        ;
; system:u_system|system_new_sdram_controller_0:new_sdram_controller_0|oe~_Duplicate_3                                                                                                                                                                                                                                                                              ; DDIOOECELL_X22_Y0_N56      ; 1       ; Output enable                                                    ; no     ; --                   ; --               ; --                        ;
; system:u_system|system_new_sdram_controller_0:new_sdram_controller_0|oe~_Duplicate_4                                                                                                                                                                                                                                                                              ; DDIOOECELL_X24_Y0_N56      ; 1       ; Output enable                                                    ; no     ; --                   ; --               ; --                        ;
; system:u_system|system_new_sdram_controller_0:new_sdram_controller_0|oe~_Duplicate_5                                                                                                                                                                                                                                                                              ; DDIOOECELL_X16_Y0_N22      ; 1       ; Output enable                                                    ; no     ; --                   ; --               ; --                        ;
; system:u_system|system_new_sdram_controller_0:new_sdram_controller_0|oe~_Duplicate_6                                                                                                                                                                                                                                                                              ; DDIOOECELL_X18_Y0_N62      ; 1       ; Output enable                                                    ; no     ; --                   ; --               ; --                        ;
; system:u_system|system_new_sdram_controller_0:new_sdram_controller_0|oe~_Duplicate_7                                                                                                                                                                                                                                                                              ; DDIOOECELL_X18_Y0_N45      ; 1       ; Output enable                                                    ; no     ; --                   ; --               ; --                        ;
; system:u_system|system_new_sdram_controller_0:new_sdram_controller_0|oe~_Duplicate_8                                                                                                                                                                                                                                                                              ; DDIOOECELL_X24_Y0_N39      ; 1       ; Output enable                                                    ; no     ; --                   ; --               ; --                        ;
; system:u_system|system_new_sdram_controller_0:new_sdram_controller_0|oe~_Duplicate_9                                                                                                                                                                                                                                                                              ; DDIOOECELL_X16_Y0_N39      ; 1       ; Output enable                                                    ; no     ; --                   ; --               ; --                        ;
; system:u_system|system_new_sdram_controller_0:new_sdram_controller_0|system_new_sdram_controller_0_input_efifo_module:the_system_new_sdram_controller_0_input_efifo_module|entry_0[43]~0                                                                                                                                                                          ; LABCELL_X22_Y5_N42         ; 44      ; Clock enable                                                     ; no     ; --                   ; --               ; --                        ;
; system:u_system|system_new_sdram_controller_0:new_sdram_controller_0|system_new_sdram_controller_0_input_efifo_module:the_system_new_sdram_controller_0_input_efifo_module|entry_1[43]~0                                                                                                                                                                          ; LABCELL_X22_Y5_N48         ; 44      ; Clock enable                                                     ; no     ; --                   ; --               ; --                        ;
; system:u_system|system_nios2_gen2_0:nios2_gen2_0|system_nios2_gen2_0_cpu:cpu|D_ctrl_mem8~1                                                                                                                                                                                                                                                                        ; MLABCELL_X15_Y8_N51        ; 20      ; Sync. load                                                       ; no     ; --                   ; --               ; --                        ;
; system:u_system|system_nios2_gen2_0:nios2_gen2_0|system_nios2_gen2_0_cpu:cpu|D_iw[2]                                                                                                                                                                                                                                                                              ; FF_X19_Y7_N50              ; 33      ; Sync. clear                                                      ; no     ; --                   ; --               ; --                        ;
; system:u_system|system_nios2_gen2_0:nios2_gen2_0|system_nios2_gen2_0_cpu:cpu|E_alu_result~1                                                                                                                                                                                                                                                                       ; LABCELL_X23_Y10_N18        ; 32      ; Sync. clear                                                      ; no     ; --                   ; --               ; --                        ;
; system:u_system|system_nios2_gen2_0:nios2_gen2_0|system_nios2_gen2_0_cpu:cpu|E_new_inst                                                                                                                                                                                                                                                                           ; FF_X22_Y8_N41              ; 52      ; Sync. load                                                       ; no     ; --                   ; --               ; --                        ;
; system:u_system|system_nios2_gen2_0:nios2_gen2_0|system_nios2_gen2_0_cpu:cpu|E_src2[6]~0                                                                                                                                                                                                                                                                          ; LABCELL_X17_Y9_N9          ; 11      ; Sync. clear                                                      ; no     ; --                   ; --               ; --                        ;
; system:u_system|system_nios2_gen2_0:nios2_gen2_0|system_nios2_gen2_0_cpu:cpu|E_st_data[23]~0                                                                                                                                                                                                                                                                      ; LABCELL_X13_Y9_N3          ; 10      ; Sync. load                                                       ; no     ; --                   ; --               ; --                        ;
; system:u_system|system_nios2_gen2_0:nios2_gen2_0|system_nios2_gen2_0_cpu:cpu|E_valid_from_R                                                                                                                                                                                                                                                                       ; FF_X22_Y8_N32              ; 12      ; Clock enable                                                     ; no     ; --                   ; --               ; --                        ;
; system:u_system|system_nios2_gen2_0:nios2_gen2_0|system_nios2_gen2_0_cpu:cpu|F_valid~0                                                                                                                                                                                                                                                                            ; LABCELL_X18_Y7_N3          ; 35      ; Clock enable                                                     ; no     ; --                   ; --               ; --                        ;
; system:u_system|system_nios2_gen2_0:nios2_gen2_0|system_nios2_gen2_0_cpu:cpu|R_ctrl_exception                                                                                                                                                                                                                                                                     ; FF_X13_Y8_N50              ; 37      ; Sync. clear, Sync. load                                          ; no     ; --                   ; --               ; --                        ;
; system:u_system|system_nios2_gen2_0:nios2_gen2_0|system_nios2_gen2_0_cpu:cpu|R_src2_hi~1                                                                                                                                                                                                                                                                          ; LABCELL_X17_Y9_N24         ; 16      ; Sync. clear                                                      ; no     ; --                   ; --               ; --                        ;
; system:u_system|system_nios2_gen2_0:nios2_gen2_0|system_nios2_gen2_0_cpu:cpu|R_src2_use_imm                                                                                                                                                                                                                                                                       ; FF_X10_Y8_N56              ; 28      ; Sync. load                                                       ; no     ; --                   ; --               ; --                        ;
; system:u_system|system_nios2_gen2_0:nios2_gen2_0|system_nios2_gen2_0_cpu:cpu|W_rf_wren                                                                                                                                                                                                                                                                            ; LABCELL_X13_Y8_N18         ; 2       ; Clock enable, Write enable                                       ; no     ; --                   ; --               ; --                        ;
; system:u_system|system_nios2_gen2_0:nios2_gen2_0|system_nios2_gen2_0_cpu:cpu|W_valid                                                                                                                                                                                                                                                                              ; FF_X22_Y8_N26              ; 38      ; Clock enable                                                     ; no     ; --                   ; --               ; --                        ;
; system:u_system|system_nios2_gen2_0:nios2_gen2_0|system_nios2_gen2_0_cpu:cpu|av_ld_aligning_data                                                                                                                                                                                                                                                                  ; FF_X22_Y8_N14              ; 29      ; Sync. load                                                       ; no     ; --                   ; --               ; --                        ;
; system:u_system|system_nios2_gen2_0:nios2_gen2_0|system_nios2_gen2_0_cpu:cpu|av_ld_byte0_data[4]~0                                                                                                                                                                                                                                                                ; MLABCELL_X21_Y8_N0         ; 9       ; Clock enable                                                     ; no     ; --                   ; --               ; --                        ;
; system:u_system|system_nios2_gen2_0:nios2_gen2_0|system_nios2_gen2_0_cpu:cpu|av_ld_byte1_data_en~0                                                                                                                                                                                                                                                                ; MLABCELL_X21_Y8_N48        ; 8       ; Clock enable                                                     ; no     ; --                   ; --               ; --                        ;
; system:u_system|system_nios2_gen2_0:nios2_gen2_0|system_nios2_gen2_0_cpu:cpu|av_ld_rshift8~0                                                                                                                                                                                                                                                                      ; MLABCELL_X21_Y8_N3         ; 17      ; Clock enable, Sync. load                                         ; no     ; --                   ; --               ; --                        ;
; system:u_system|system_nios2_gen2_0:nios2_gen2_0|system_nios2_gen2_0_cpu:cpu|hbreak_req~0                                                                                                                                                                                                                                                                         ; MLABCELL_X8_Y7_N48         ; 24      ; Sync. clear                                                      ; no     ; --                   ; --               ; --                        ;
; system:u_system|system_nios2_gen2_0:nios2_gen2_0|system_nios2_gen2_0_cpu:cpu|system_nios2_gen2_0_cpu_nios2_oci:the_system_nios2_gen2_0_cpu_nios2_oci|address[8]                                                                                                                                                                                                   ; FF_X12_Y7_N26              ; 35      ; Sync. load                                                       ; no     ; --                   ; --               ; --                        ;
; system:u_system|system_nios2_gen2_0:nios2_gen2_0|system_nios2_gen2_0_cpu:cpu|system_nios2_gen2_0_cpu_nios2_oci:the_system_nios2_gen2_0_cpu_nios2_oci|system_nios2_gen2_0_cpu_debug_slave_wrapper:the_system_nios2_gen2_0_cpu_debug_slave_wrapper|sld_virtual_jtag_basic:system_nios2_gen2_0_cpu_debug_slave_phy|virtual_state_uir                                 ; LABCELL_X7_Y4_N33          ; 4       ; Clock enable                                                     ; no     ; --                   ; --               ; --                        ;
; system:u_system|system_nios2_gen2_0:nios2_gen2_0|system_nios2_gen2_0_cpu:cpu|system_nios2_gen2_0_cpu_nios2_oci:the_system_nios2_gen2_0_cpu_nios2_oci|system_nios2_gen2_0_cpu_debug_slave_wrapper:the_system_nios2_gen2_0_cpu_debug_slave_wrapper|system_nios2_gen2_0_cpu_debug_slave_sysclk:the_system_nios2_gen2_0_cpu_debug_slave_sysclk|jxuir                  ; FF_X7_Y4_N22               ; 2       ; Clock enable                                                     ; no     ; --                   ; --               ; --                        ;
; system:u_system|system_nios2_gen2_0:nios2_gen2_0|system_nios2_gen2_0_cpu:cpu|system_nios2_gen2_0_cpu_nios2_oci:the_system_nios2_gen2_0_cpu_nios2_oci|system_nios2_gen2_0_cpu_debug_slave_wrapper:the_system_nios2_gen2_0_cpu_debug_slave_wrapper|system_nios2_gen2_0_cpu_debug_slave_sysclk:the_system_nios2_gen2_0_cpu_debug_slave_sysclk|take_action_ocimem_a   ; MLABCELL_X3_Y5_N18         ; 16      ; Sync. load                                                       ; no     ; --                   ; --               ; --                        ;
; system:u_system|system_nios2_gen2_0:nios2_gen2_0|system_nios2_gen2_0_cpu:cpu|system_nios2_gen2_0_cpu_nios2_oci:the_system_nios2_gen2_0_cpu_nios2_oci|system_nios2_gen2_0_cpu_debug_slave_wrapper:the_system_nios2_gen2_0_cpu_debug_slave_wrapper|system_nios2_gen2_0_cpu_debug_slave_sysclk:the_system_nios2_gen2_0_cpu_debug_slave_sysclk|take_action_ocimem_a~0 ; LABCELL_X7_Y5_N0           ; 16      ; Clock enable                                                     ; no     ; --                   ; --               ; --                        ;
; system:u_system|system_nios2_gen2_0:nios2_gen2_0|system_nios2_gen2_0_cpu:cpu|system_nios2_gen2_0_cpu_nios2_oci:the_system_nios2_gen2_0_cpu_nios2_oci|system_nios2_gen2_0_cpu_debug_slave_wrapper:the_system_nios2_gen2_0_cpu_debug_slave_wrapper|system_nios2_gen2_0_cpu_debug_slave_sysclk:the_system_nios2_gen2_0_cpu_debug_slave_sysclk|take_action_ocimem_a~1 ; MLABCELL_X3_Y5_N57         ; 5       ; Clock enable                                                     ; no     ; --                   ; --               ; --                        ;
; system:u_system|system_nios2_gen2_0:nios2_gen2_0|system_nios2_gen2_0_cpu:cpu|system_nios2_gen2_0_cpu_nios2_oci:the_system_nios2_gen2_0_cpu_nios2_oci|system_nios2_gen2_0_cpu_debug_slave_wrapper:the_system_nios2_gen2_0_cpu_debug_slave_wrapper|system_nios2_gen2_0_cpu_debug_slave_sysclk:the_system_nios2_gen2_0_cpu_debug_slave_sysclk|take_action_ocimem_b   ; MLABCELL_X3_Y5_N54         ; 39      ; Clock enable, Sync. load                                         ; no     ; --                   ; --               ; --                        ;
; system:u_system|system_nios2_gen2_0:nios2_gen2_0|system_nios2_gen2_0_cpu:cpu|system_nios2_gen2_0_cpu_nios2_oci:the_system_nios2_gen2_0_cpu_nios2_oci|system_nios2_gen2_0_cpu_debug_slave_wrapper:the_system_nios2_gen2_0_cpu_debug_slave_wrapper|system_nios2_gen2_0_cpu_debug_slave_sysclk:the_system_nios2_gen2_0_cpu_debug_slave_sysclk|update_jdo_strobe      ; FF_X7_Y4_N38               ; 39      ; Clock enable                                                     ; no     ; --                   ; --               ; --                        ;
; system:u_system|system_nios2_gen2_0:nios2_gen2_0|system_nios2_gen2_0_cpu:cpu|system_nios2_gen2_0_cpu_nios2_oci:the_system_nios2_gen2_0_cpu_nios2_oci|system_nios2_gen2_0_cpu_debug_slave_wrapper:the_system_nios2_gen2_0_cpu_debug_slave_wrapper|system_nios2_gen2_0_cpu_debug_slave_tck:the_system_nios2_gen2_0_cpu_debug_slave_tck|sr[1]~10                     ; MLABCELL_X3_Y4_N42         ; 13      ; Clock enable                                                     ; no     ; --                   ; --               ; --                        ;
; system:u_system|system_nios2_gen2_0:nios2_gen2_0|system_nios2_gen2_0_cpu:cpu|system_nios2_gen2_0_cpu_nios2_oci:the_system_nios2_gen2_0_cpu_nios2_oci|system_nios2_gen2_0_cpu_debug_slave_wrapper:the_system_nios2_gen2_0_cpu_debug_slave_wrapper|system_nios2_gen2_0_cpu_debug_slave_tck:the_system_nios2_gen2_0_cpu_debug_slave_tck|sr[1]~9                      ; MLABCELL_X3_Y4_N45         ; 13      ; Sync. clear                                                      ; no     ; --                   ; --               ; --                        ;
; system:u_system|system_nios2_gen2_0:nios2_gen2_0|system_nios2_gen2_0_cpu:cpu|system_nios2_gen2_0_cpu_nios2_oci:the_system_nios2_gen2_0_cpu_nios2_oci|system_nios2_gen2_0_cpu_debug_slave_wrapper:the_system_nios2_gen2_0_cpu_debug_slave_wrapper|system_nios2_gen2_0_cpu_debug_slave_tck:the_system_nios2_gen2_0_cpu_debug_slave_tck|sr[22]~19                    ; LABCELL_X4_Y4_N12          ; 18      ; Clock enable                                                     ; no     ; --                   ; --               ; --                        ;
; system:u_system|system_nios2_gen2_0:nios2_gen2_0|system_nios2_gen2_0_cpu:cpu|system_nios2_gen2_0_cpu_nios2_oci:the_system_nios2_gen2_0_cpu_nios2_oci|system_nios2_gen2_0_cpu_debug_slave_wrapper:the_system_nios2_gen2_0_cpu_debug_slave_wrapper|system_nios2_gen2_0_cpu_debug_slave_tck:the_system_nios2_gen2_0_cpu_debug_slave_tck|sr[22]~21                    ; LABCELL_X2_Y4_N21          ; 16      ; Sync. clear                                                      ; no     ; --                   ; --               ; --                        ;
; system:u_system|system_nios2_gen2_0:nios2_gen2_0|system_nios2_gen2_0_cpu:cpu|system_nios2_gen2_0_cpu_nios2_oci:the_system_nios2_gen2_0_cpu_nios2_oci|system_nios2_gen2_0_cpu_debug_slave_wrapper:the_system_nios2_gen2_0_cpu_debug_slave_wrapper|system_nios2_gen2_0_cpu_debug_slave_tck:the_system_nios2_gen2_0_cpu_debug_slave_tck|sr[36]~15                    ; MLABCELL_X3_Y4_N24         ; 3       ; Clock enable                                                     ; no     ; --                   ; --               ; --                        ;
; system:u_system|system_nios2_gen2_0:nios2_gen2_0|system_nios2_gen2_0_cpu:cpu|system_nios2_gen2_0_cpu_nios2_oci:the_system_nios2_gen2_0_cpu_nios2_oci|system_nios2_gen2_0_cpu_nios2_avalon_reg:the_system_nios2_gen2_0_cpu_nios2_avalon_reg|take_action_oci_intr_mask_reg~0                                                                                        ; MLABCELL_X3_Y5_N30         ; 2       ; Clock enable                                                     ; no     ; --                   ; --               ; --                        ;
; system:u_system|system_nios2_gen2_0:nios2_gen2_0|system_nios2_gen2_0_cpu:cpu|system_nios2_gen2_0_cpu_nios2_oci:the_system_nios2_gen2_0_cpu_nios2_oci|system_nios2_gen2_0_cpu_nios2_oci_break:the_system_nios2_gen2_0_cpu_nios2_oci_break|break_readreg[15]~0                                                                                                      ; MLABCELL_X6_Y5_N51         ; 33      ; Clock enable                                                     ; no     ; --                   ; --               ; --                        ;
; system:u_system|system_nios2_gen2_0:nios2_gen2_0|system_nios2_gen2_0_cpu:cpu|system_nios2_gen2_0_cpu_nios2_oci:the_system_nios2_gen2_0_cpu_nios2_oci|system_nios2_gen2_0_cpu_nios2_oci_break:the_system_nios2_gen2_0_cpu_nios2_oci_break|break_readreg[15]~1                                                                                                      ; LABCELL_X4_Y4_N9           ; 32      ; Sync. clear                                                      ; no     ; --                   ; --               ; --                        ;
; system:u_system|system_nios2_gen2_0:nios2_gen2_0|system_nios2_gen2_0_cpu:cpu|system_nios2_gen2_0_cpu_nios2_oci:the_system_nios2_gen2_0_cpu_nios2_oci|system_nios2_gen2_0_cpu_nios2_ocimem:the_system_nios2_gen2_0_cpu_nios2_ocimem|MonDReg[0]~2                                                                                                                   ; LABCELL_X7_Y5_N3           ; 34      ; Clock enable                                                     ; no     ; --                   ; --               ; --                        ;
; system:u_system|system_nios2_gen2_0:nios2_gen2_0|system_nios2_gen2_0_cpu:cpu|system_nios2_gen2_0_cpu_nios2_oci:the_system_nios2_gen2_0_cpu_nios2_oci|system_nios2_gen2_0_cpu_nios2_ocimem:the_system_nios2_gen2_0_cpu_nios2_ocimem|MonDReg[21]~4                                                                                                                  ; LABCELL_X7_Y6_N36          ; 22      ; Sync. clear                                                      ; no     ; --                   ; --               ; --                        ;
; system:u_system|system_nios2_gen2_0:nios2_gen2_0|system_nios2_gen2_0_cpu:cpu|system_nios2_gen2_0_cpu_nios2_oci:the_system_nios2_gen2_0_cpu_nios2_oci|system_nios2_gen2_0_cpu_nios2_ocimem:the_system_nios2_gen2_0_cpu_nios2_ocimem|ociram_reset_req                                                                                                               ; LABCELL_X11_Y7_N42         ; 2       ; Clock enable                                                     ; no     ; --                   ; --               ; --                        ;
; system:u_system|system_nios2_gen2_0:nios2_gen2_0|system_nios2_gen2_0_cpu:cpu|system_nios2_gen2_0_cpu_nios2_oci:the_system_nios2_gen2_0_cpu_nios2_oci|system_nios2_gen2_0_cpu_nios2_ocimem:the_system_nios2_gen2_0_cpu_nios2_ocimem|ociram_wr_en~0                                                                                                                 ; MLABCELL_X3_Y5_N9          ; 2       ; Read enable, Write enable                                        ; no     ; --                   ; --               ; --                        ;
; system:u_system|system_onchip_memory2_0:onchip_memory2_0|altsyncram:the_altsyncram|altsyncram_tcn1:auto_generated|decode_5la:decode3|eq_node[0]                                                                                                                                                                                                                   ; LABCELL_X24_Y6_N45         ; 32      ; Write enable                                                     ; no     ; --                   ; --               ; --                        ;
; system:u_system|system_onchip_memory2_0:onchip_memory2_0|altsyncram:the_altsyncram|altsyncram_tcn1:auto_generated|decode_5la:decode3|eq_node[1]                                                                                                                                                                                                                   ; LABCELL_X24_Y6_N42         ; 32      ; Write enable                                                     ; no     ; --                   ; --               ; --                        ;
; system:u_system|system_onchip_memory2_0:onchip_memory2_0|wren~1                                                                                                                                                                                                                                                                                                   ; LABCELL_X24_Y6_N12         ; 64      ; Read enable                                                      ; no     ; --                   ; --               ; --                        ;
; system:u_system|vga_system:vga_system_0|avalon_mm_master_reader:u_vga_reader|fifo_din_o[1]~0                                                                                                                                                                                                                                                                      ; LABCELL_X29_Y3_N30         ; 12      ; Clock enable                                                     ; no     ; --                   ; --               ; --                        ;
; system:u_system|vga_system:vga_system_0|avalon_mm_master_reader:u_vga_reader|offset_r[8]~3                                                                                                                                                                                                                                                                        ; LABCELL_X30_Y1_N54         ; 35      ; Sync. clear                                                      ; no     ; --                   ; --               ; --                        ;
; system:u_system|vga_system:vga_system_0|avalon_mm_master_reader:u_vga_reader|offset_r[8]~4                                                                                                                                                                                                                                                                        ; LABCELL_X29_Y3_N0          ; 35      ; Clock enable                                                     ; no     ; --                   ; --               ; --                        ;
; system:u_system|vga_system:vga_system_0|dc_fifo:u_vga_fifo|dout_o[8]~0                                                                                                                                                                                                                                                                                            ; LABCELL_X31_Y3_N54         ; 12      ; Clock enable                                                     ; no     ; --                   ; --               ; --                        ;
; system:u_system|vga_system:vga_system_0|dc_fifo:u_vga_fifo|mem_r~0                                                                                                                                                                                                                                                                                                ; LABCELL_X35_Y3_N42         ; 3       ; Clock enable, Write enable                                       ; no     ; --                   ; --               ; --                        ;
; system:u_system|vga_system:vga_system_0|vga_controller:u_vga_controller|Equal0~2                                                                                                                                                                                                                                                                                  ; LABCELL_X30_Y3_N15         ; 20      ; Clock enable, Sync. clear                                        ; no     ; --                   ; --               ; --                        ;
; system:u_system|vga_system:vga_system_0|vga_controller:u_vga_controller|Equal1~2                                                                                                                                                                                                                                                                                  ; LABCELL_X31_Y1_N6          ; 10      ; Sync. clear                                                      ; no     ; --                   ; --               ; --                        ;
+-------------------------------------------------------------------------------------------------------------------------------------------------------------------------------------------------------------------------------------------------------------------------------------------------------------------------------------------------------------------+----------------------------+---------+------------------------------------------------------------------+--------+----------------------+------------------+---------------------------+


+---------------------------------------------------------------------------------------------------------------------------------------------------------------------------------------------------------+
; Global & Other Fast Signals                                                                                                                                                                             ;
+--------------------------------------------------------------------------------------------+----------------------------+---------+----------------------+------------------+---------------------------+
; Name                                                                                       ; Location                   ; Fan-Out ; Global Resource Used ; Global Line Name ; Enable Signal Source Name ;
+--------------------------------------------------------------------------------------------+----------------------------+---------+----------------------+------------------+---------------------------+
; CAM_PCLK                                                                                   ; PIN_AD24                   ; 25      ; Global Clock         ; GCLK10           ; --                        ;
; pll_25mhz:u_pll_25mhz|pll_25mhz_0002:pll_25mhz_inst|altera_pll:altera_pll_i|outclk_wire[0] ; PLLOUTPUTCOUNTER_X0_Y4_N1  ; 87      ; Global Clock         ; GCLK1            ; --                        ;
; sys_pll:u_sys_pll|sys_pll_0002:sys_pll_inst|altera_pll:altera_pll_i|outclk_wire[0]         ; PLLOUTPUTCOUNTER_X0_Y19_N1 ; 1550    ; Global Clock         ; GCLK7            ; --                        ;
; sys_pll:u_sys_pll|sys_pll_0002:sys_pll_inst|altera_pll:altera_pll_i|outclk_wire[1]         ; PLLOUTPUTCOUNTER_X0_Y21_N1 ; 1       ; Global Clock         ; GCLK3            ; --                        ;
+--------------------------------------------------------------------------------------------+----------------------------+---------+----------------------+------------------+---------------------------+


+-----------------------------------------------------------------------------+
; Non-Global High Fan-Out Signals                                             ;
+-------------------------------------------------------------------+---------+
; Name                                                              ; Fan-Out ;
+-------------------------------------------------------------------+---------+
; system:u_system|altera_reset_controller:rst_controller|r_sync_rst ; 1073    ;
+-------------------------------------------------------------------+---------+


+-------------------------------------------------------------------------------------------------------------------------------------------------------------------------------------------------------------------------------------------------------------------------------------------------------------------------------------------------------------------------------------------------------------------------------------------------------------------------------------------------------------------------------------------------------------------------------------------------------------------------------------------------------------------------------------------------------------------------------------------------------------------------------------------------------------------------------------------------------------------------------------------------------------------------------------------------------------------------------------------------------------------------------------------------------------------------------------------------------------------------------------------------------------------------------------------------------------------------------------------------------------------------------------------------------------------------------------------------------------------------------------------------------------------------------------------------------------------------------------------------------------------------------------------------------------------------------------------------------------------------------------------------------------------------------------------------------------------------------------------------------------------------------------------------------------------------------------------------------------------------------------------------------------------------------------------------------------------------------------------------------------------------------------------------------+
; Fitter RAM Summary                                                                                                                                                                                                                                                                                                                                                                                                                                                                                                                                                                                                                                                                                                                                                                                                                                                                                                                                                                                                                                                                                                                                                                                                                                                                                                                                                                                                                                                                                                                                                                                                                                                                                                                                                                                                                                                                                                                                                                                                                                    ;
+-------------------------------------------------------------------------------------------------------------------------------------------------------------------------------------------------------------------------------------------------------------------------------------------------------------------------------------------------------------------------------------------+------+------------------+--------------+--------------+--------------+--------------+--------------+------------------------+-------------------------+------------------------+-------------------------+--------+-----------------------------+-----------------------------+-----------------------------+-----------------------------+---------------------+-------------+-------+-----------------------------+----------------------------------------------------------------------------------------------------------------------------------------------------------------------------------------------------------------------------------------------------------------------------------------------------------------------------------------------------------------------------------------------------------------------------------------------------------------------------------------------------------------------------------------------------------------------------------------------------------------------------------------------------------------------------------------------------------------------------------------------------------------------------------------------------------------------------------------------------------------------------------------------------------------------------------------------------------------------------------------------------------------------------------------------------------------------------------------+----------------------+-----------------+-----------------+----------+------------------------+---------------------------------------------+
; Name                                                                                                                                                                                                                                                                                                                                                                                      ; Type ; Mode             ; Clock Mode   ; Port A Depth ; Port A Width ; Port B Depth ; Port B Width ; Port A Input Registers ; Port A Output Registers ; Port B Input Registers ; Port B Output Registers ; Size   ; Implementation Port A Depth ; Implementation Port A Width ; Implementation Port B Depth ; Implementation Port B Width ; Implementation Bits ; M10K blocks ; MLABs ; MIF                         ; Location                                                                                                                                                                                                                                                                                                                                                                                                                                                                                                                                                                                                                                                                                                                                                                                                                                                                                                                                                                                                                                                                               ; Mixed Width RDW Mode ; Port A RDW Mode ; Port B RDW Mode ; ECC Mode ; ECC Pipeline Registers ; Fits in MLABs                               ;
+-------------------------------------------------------------------------------------------------------------------------------------------------------------------------------------------------------------------------------------------------------------------------------------------------------------------------------------------------------------------------------------------+------+------------------+--------------+--------------+--------------+--------------+--------------+------------------------+-------------------------+------------------------+-------------------------+--------+-----------------------------+-----------------------------+-----------------------------+-----------------------------+---------------------+-------------+-------+-----------------------------+----------------------------------------------------------------------------------------------------------------------------------------------------------------------------------------------------------------------------------------------------------------------------------------------------------------------------------------------------------------------------------------------------------------------------------------------------------------------------------------------------------------------------------------------------------------------------------------------------------------------------------------------------------------------------------------------------------------------------------------------------------------------------------------------------------------------------------------------------------------------------------------------------------------------------------------------------------------------------------------------------------------------------------------------------------------------------------------+----------------------+-----------------+-----------------+----------+------------------------+---------------------------------------------+
; system:u_system|system_jtag_uart_0:jtag_uart_0|system_jtag_uart_0_scfifo_r:the_system_jtag_uart_0_scfifo_r|scfifo:rfifo|scfifo_3291:auto_generated|a_dpfifo_5771:dpfifo|altsyncram_7pu1:FIFOram|ALTSYNCRAM                                                                                                                                                                                ; AUTO ; Simple Dual Port ; Single Clock ; 64           ; 8            ; 64           ; 8            ; yes                    ; no                      ; yes                    ; no                      ; 512    ; 64                          ; 8                           ; 64                          ; 8                           ; 512                 ; 1           ; 0     ; None                        ; M10K_X5_Y4_N0                                                                                                                                                                                                                                                                                                                                                                                                                                                                                                                                                                                                                                                                                                                                                                                                                                                                                                                                                                                                                                                                          ; Don't care           ; New data        ; New data        ; Off      ; No                     ; No - Latch Type Behaviour                   ;
; system:u_system|system_jtag_uart_0:jtag_uart_0|system_jtag_uart_0_scfifo_w:the_system_jtag_uart_0_scfifo_w|scfifo:wfifo|scfifo_3291:auto_generated|a_dpfifo_5771:dpfifo|altsyncram_7pu1:FIFOram|ALTSYNCRAM                                                                                                                                                                                ; AUTO ; Simple Dual Port ; Single Clock ; 64           ; 8            ; 64           ; 8            ; yes                    ; no                      ; yes                    ; yes                     ; 512    ; 64                          ; 8                           ; 64                          ; 8                           ; 512                 ; 1           ; 0     ; None                        ; M10K_X5_Y3_N0                                                                                                                                                                                                                                                                                                                                                                                                                                                                                                                                                                                                                                                                                                                                                                                                                                                                                                                                                                                                                                                                          ; Don't care           ; New data        ; New data        ; Off      ; No                     ; No - Latch Type Behaviour                   ;
; system:u_system|system_mm_interconnect_0:mm_interconnect_0|altera_avalon_sc_fifo:new_sdram_controller_0_s1_agent_rdata_fifo|altsyncram:mem_rtl_0|altsyncram_40n1:auto_generated|ALTSYNCRAM                                                                                                                                                                                                ; AUTO ; Simple Dual Port ; Single Clock ; 8            ; 16           ; 8            ; 16           ; yes                    ; no                      ; yes                    ; yes                     ; 128    ; 8                           ; 16                          ; 8                           ; 16                          ; 128                 ; 1           ; 0     ; None                        ; M10K_X26_Y4_N0                                                                                                                                                                                                                                                                                                                                                                                                                                                                                                                                                                                                                                                                                                                                                                                                                                                                                                                                                                                                                                                                         ; Old data             ; New data        ; New data        ; Off      ; No                     ; No - Unsupported Mixed Feed Through Setting ;
; system:u_system|system_nios2_gen2_0:nios2_gen2_0|system_nios2_gen2_0_cpu:cpu|system_nios2_gen2_0_cpu_nios2_oci:the_system_nios2_gen2_0_cpu_nios2_oci|system_nios2_gen2_0_cpu_nios2_ocimem:the_system_nios2_gen2_0_cpu_nios2_ocimem|system_nios2_gen2_0_cpu_ociram_sp_ram_module:system_nios2_gen2_0_cpu_ociram_sp_ram|altsyncram:the_altsyncram|altsyncram_qid1:auto_generated|ALTSYNCRAM ; AUTO ; Single Port      ; Single Clock ; 256          ; 32           ; --           ; --           ; yes                    ; no                      ; --                     ; --                      ; 8192   ; 256                         ; 32                          ; --                          ; --                          ; 8192                ; 1           ; 0     ; None                        ; M10K_X5_Y7_N0                                                                                                                                                                                                                                                                                                                                                                                                                                                                                                                                                                                                                                                                                                                                                                                                                                                                                                                                                                                                                                                                          ; Don't care           ; Don't care      ; New data        ; Off      ; No                     ; No - Unsupported Depth                      ;
; system:u_system|system_nios2_gen2_0:nios2_gen2_0|system_nios2_gen2_0_cpu:cpu|system_nios2_gen2_0_cpu_register_bank_a_module:system_nios2_gen2_0_cpu_register_bank_a|altsyncram:the_altsyncram|altsyncram_msi1:auto_generated|ALTSYNCRAM                                                                                                                                                   ; AUTO ; Simple Dual Port ; Single Clock ; 32           ; 32           ; 32           ; 32           ; yes                    ; no                      ; yes                    ; no                      ; 1024   ; 32                          ; 32                          ; 32                          ; 32                          ; 1024                ; 1           ; 0     ; None                        ; M10K_X14_Y10_N0                                                                                                                                                                                                                                                                                                                                                                                                                                                                                                                                                                                                                                                                                                                                                                                                                                                                                                                                                                                                                                                                        ; Don't care           ; New data        ; New data        ; Off      ; No                     ; Yes                                         ;
; system:u_system|system_nios2_gen2_0:nios2_gen2_0|system_nios2_gen2_0_cpu:cpu|system_nios2_gen2_0_cpu_register_bank_b_module:system_nios2_gen2_0_cpu_register_bank_b|altsyncram:the_altsyncram|altsyncram_msi1:auto_generated|ALTSYNCRAM                                                                                                                                                   ; AUTO ; Simple Dual Port ; Single Clock ; 32           ; 32           ; 32           ; 32           ; yes                    ; no                      ; yes                    ; no                      ; 1024   ; 32                          ; 32                          ; 32                          ; 32                          ; 1024                ; 1           ; 0     ; None                        ; M10K_X14_Y9_N0                                                                                                                                                                                                                                                                                                                                                                                                                                                                                                                                                                                                                                                                                                                                                                                                                                                                                                                                                                                                                                                                         ; Don't care           ; New data        ; New data        ; Off      ; No                     ; Yes                                         ;
; system:u_system|system_onchip_memory2_0:onchip_memory2_0|altsyncram:the_altsyncram|altsyncram_tcn1:auto_generated|ALTSYNCRAM                                                                                                                                                                                                                                                              ; AUTO ; Single Port      ; Single Clock ; 16384        ; 32           ; --           ; --           ; yes                    ; no                      ; --                     ; --                      ; 524288 ; 16384                       ; 32                          ; --                          ; --                          ; 524288              ; 64          ; 0     ; system_onchip_memory2_0.hex ; M10K_X26_Y9_N0, M10K_X26_Y7_N0, M10K_X14_Y6_N0, M10K_X14_Y7_N0, M10K_X26_Y11_N0, M10K_X26_Y10_N0, M10K_X38_Y11_N0, M10K_X38_Y10_N0, M10K_X41_Y11_N0, M10K_X41_Y9_N0, M10K_X14_Y16_N0, M10K_X14_Y14_N0, M10K_X38_Y9_N0, M10K_X38_Y5_N0, M10K_X5_Y6_N0, M10K_X5_Y5_N0, M10K_X14_Y15_N0, M10K_X38_Y15_N0, M10K_X26_Y13_N0, M10K_X26_Y12_N0, M10K_X49_Y6_N0, M10K_X49_Y5_N0, M10K_X41_Y15_N0, M10K_X26_Y15_N0, M10K_X41_Y4_N0, M10K_X38_Y6_N0, M10K_X14_Y12_N0, M10K_X5_Y13_N0, M10K_X49_Y7_N0, M10K_X41_Y8_N0, M10K_X26_Y5_N0, M10K_X26_Y6_N0, M10K_X41_Y10_N0, M10K_X49_Y10_N0, M10K_X38_Y4_N0, M10K_X41_Y5_N0, M10K_X41_Y3_N0, M10K_X41_Y6_N0, M10K_X41_Y12_N0, M10K_X38_Y12_N0, M10K_X5_Y12_N0, M10K_X5_Y14_N0, M10K_X14_Y4_N0, M10K_X14_Y5_N0, M10K_X41_Y14_N0, M10K_X41_Y13_N0, M10K_X38_Y14_N0, M10K_X38_Y13_N0, M10K_X26_Y8_N0, M10K_X38_Y8_N0, M10K_X14_Y11_N0, M10K_X14_Y13_N0, M10K_X5_Y8_N0, M10K_X14_Y8_N0, M10K_X5_Y11_N0, M10K_X5_Y9_N0, M10K_X38_Y7_N0, M10K_X41_Y7_N0, M10K_X49_Y12_N0, M10K_X49_Y11_N0, M10K_X26_Y16_N0, M10K_X26_Y14_N0, M10K_X49_Y8_N0, M10K_X49_Y9_N0 ; Don't care           ; Don't care      ; New data        ; Off      ; No                     ; No - Address Too Wide                       ;
; system:u_system|vga_system:vga_system_0|dc_fifo:u_vga_fifo|altsyncram:mem_r_rtl_0|altsyncram_cfj1:auto_generated|ALTSYNCRAM                                                                                                                                                                                                                                                               ; AUTO ; Simple Dual Port ; Dual Clocks  ; 2048         ; 12           ; 2048         ; 12           ; yes                    ; no                      ; yes                    ; no                      ; 24576  ; 2048                        ; 12                          ; 2048                        ; 12                          ; 24576               ; 3           ; 0     ; None                        ; M10K_X38_Y3_N0, M10K_X38_Y1_N0, M10K_X38_Y2_N0                                                                                                                                                                                                                                                                                                                                                                                                                                                                                                                                                                                                                                                                                                                                                                                                                                                                                                                                                                                                                                         ; Don't care           ; New data        ; New data        ; Off      ; No                     ; No - Address Too Wide                       ;
+-------------------------------------------------------------------------------------------------------------------------------------------------------------------------------------------------------------------------------------------------------------------------------------------------------------------------------------------------------------------------------------------+------+------------------+--------------+--------------+--------------+--------------+--------------+------------------------+-------------------------+------------------------+-------------------------+--------+-----------------------------+-----------------------------+-----------------------------+-----------------------------+---------------------+-------------+-------+-----------------------------+----------------------------------------------------------------------------------------------------------------------------------------------------------------------------------------------------------------------------------------------------------------------------------------------------------------------------------------------------------------------------------------------------------------------------------------------------------------------------------------------------------------------------------------------------------------------------------------------------------------------------------------------------------------------------------------------------------------------------------------------------------------------------------------------------------------------------------------------------------------------------------------------------------------------------------------------------------------------------------------------------------------------------------------------------------------------------------------+----------------------+-----------------+-----------------+----------+------------------------+---------------------------------------------+
Note: Fitter may spread logical memories into multiple blocks to improve timing. The actual required RAM blocks can be found in the Fitter Resource Usage section.


+-----------------------------------------------------------------------+
; Routing Usage Summary                                                 ;
+---------------------------------------------+-------------------------+
; Routing Resource Type                       ; Usage                   ;
+---------------------------------------------+-------------------------+
; Block interconnects                         ; 5,527 / 289,320 ( 2 % ) ;
; C12 interconnects                           ; 28 / 13,420 ( < 1 % )   ;
; C2 interconnects                            ; 1,535 / 119,108 ( 1 % ) ;
; C4 interconnects                            ; 800 / 56,300 ( 1 % )    ;
; DQS bus muxes                               ; 0 / 25 ( 0 % )          ;
; DQS-18 I/O buses                            ; 0 / 25 ( 0 % )          ;
; DQS-9 I/O buses                             ; 0 / 25 ( 0 % )          ;
; Direct links                                ; 489 / 289,320 ( < 1 % ) ;
; Global clocks                               ; 4 / 16 ( 25 % )         ;
; HPS SDRAM PLL inputs                        ; 0 / 1 ( 0 % )           ;
; HPS SDRAM PLL outputs                       ; 0 / 1 ( 0 % )           ;
; HPS_INTERFACE_BOOT_FROM_FPGA_INPUTs         ; 0 / 9 ( 0 % )           ;
; HPS_INTERFACE_CLOCKS_RESETS_INPUTs          ; 0 / 7 ( 0 % )           ;
; HPS_INTERFACE_CLOCKS_RESETS_OUTPUTs         ; 0 / 6 ( 0 % )           ;
; HPS_INTERFACE_CROSS_TRIGGER_INPUTs          ; 0 / 18 ( 0 % )          ;
; HPS_INTERFACE_CROSS_TRIGGER_OUTPUTs         ; 0 / 24 ( 0 % )          ;
; HPS_INTERFACE_DBG_APB_INPUTs                ; 0 / 37 ( 0 % )          ;
; HPS_INTERFACE_DBG_APB_OUTPUTs               ; 0 / 55 ( 0 % )          ;
; HPS_INTERFACE_DMA_INPUTs                    ; 0 / 16 ( 0 % )          ;
; HPS_INTERFACE_DMA_OUTPUTs                   ; 0 / 8 ( 0 % )           ;
; HPS_INTERFACE_FPGA2HPS_INPUTs               ; 0 / 287 ( 0 % )         ;
; HPS_INTERFACE_FPGA2HPS_OUTPUTs              ; 0 / 154 ( 0 % )         ;
; HPS_INTERFACE_FPGA2SDRAM_INPUTs             ; 0 / 852 ( 0 % )         ;
; HPS_INTERFACE_FPGA2SDRAM_OUTPUTs            ; 0 / 408 ( 0 % )         ;
; HPS_INTERFACE_HPS2FPGA_INPUTs               ; 0 / 165 ( 0 % )         ;
; HPS_INTERFACE_HPS2FPGA_LIGHT_WEIGHT_INPUTs  ; 0 / 67 ( 0 % )          ;
; HPS_INTERFACE_HPS2FPGA_LIGHT_WEIGHT_OUTPUTs ; 0 / 156 ( 0 % )         ;
; HPS_INTERFACE_HPS2FPGA_OUTPUTs              ; 0 / 282 ( 0 % )         ;
; HPS_INTERFACE_INTERRUPTS_INPUTs             ; 0 / 64 ( 0 % )          ;
; HPS_INTERFACE_INTERRUPTS_OUTPUTs            ; 0 / 42 ( 0 % )          ;
; HPS_INTERFACE_JTAG_OUTPUTs                  ; 0 / 5 ( 0 % )           ;
; HPS_INTERFACE_LOAN_IO_INPUTs                ; 0 / 142 ( 0 % )         ;
; HPS_INTERFACE_LOAN_IO_OUTPUTs               ; 0 / 85 ( 0 % )          ;
; HPS_INTERFACE_MPU_EVENT_STANDBY_INPUTs      ; 0 / 1 ( 0 % )           ;
; HPS_INTERFACE_MPU_EVENT_STANDBY_OUTPUTs     ; 0 / 5 ( 0 % )           ;
; HPS_INTERFACE_MPU_GENERAL_PURPOSE_INPUTs    ; 0 / 32 ( 0 % )          ;
; HPS_INTERFACE_MPU_GENERAL_PURPOSE_OUTPUTs   ; 0 / 32 ( 0 % )          ;
; HPS_INTERFACE_PERIPHERAL_CAN_INPUTs         ; 0 / 2 ( 0 % )           ;
; HPS_INTERFACE_PERIPHERAL_CAN_OUTPUTs        ; 0 / 2 ( 0 % )           ;
; HPS_INTERFACE_PERIPHERAL_EMAC_INPUTs        ; 0 / 32 ( 0 % )          ;
; HPS_INTERFACE_PERIPHERAL_EMAC_OUTPUTs       ; 0 / 34 ( 0 % )          ;
; HPS_INTERFACE_PERIPHERAL_I2C_INPUTs         ; 0 / 8 ( 0 % )           ;
; HPS_INTERFACE_PERIPHERAL_I2C_OUTPUTs        ; 0 / 8 ( 0 % )           ;
; HPS_INTERFACE_PERIPHERAL_NAND_INPUTs        ; 0 / 12 ( 0 % )          ;
; HPS_INTERFACE_PERIPHERAL_NAND_OUTPUTs       ; 0 / 18 ( 0 % )          ;
; HPS_INTERFACE_PERIPHERAL_QSPI_INPUTs        ; 0 / 4 ( 0 % )           ;
; HPS_INTERFACE_PERIPHERAL_QSPI_OUTPUTs       ; 0 / 13 ( 0 % )          ;
; HPS_INTERFACE_PERIPHERAL_SDMMC_INPUTs       ; 0 / 13 ( 0 % )          ;
; HPS_INTERFACE_PERIPHERAL_SDMMC_OUTPUTs      ; 0 / 22 ( 0 % )          ;
; HPS_INTERFACE_PERIPHERAL_SPI_MASTER_INPUTs  ; 0 / 4 ( 0 % )           ;
; HPS_INTERFACE_PERIPHERAL_SPI_MASTER_OUTPUTs ; 0 / 14 ( 0 % )          ;
; HPS_INTERFACE_PERIPHERAL_SPI_SLAVE_INPUTs   ; 0 / 6 ( 0 % )           ;
; HPS_INTERFACE_PERIPHERAL_SPI_SLAVE_OUTPUTs  ; 0 / 4 ( 0 % )           ;
; HPS_INTERFACE_PERIPHERAL_UART_INPUTs        ; 0 / 10 ( 0 % )          ;
; HPS_INTERFACE_PERIPHERAL_UART_OUTPUTs       ; 0 / 10 ( 0 % )          ;
; HPS_INTERFACE_PERIPHERAL_USB_INPUTs         ; 0 / 22 ( 0 % )          ;
; HPS_INTERFACE_PERIPHERAL_USB_OUTPUTs        ; 0 / 34 ( 0 % )          ;
; HPS_INTERFACE_STM_EVENT_INPUTs              ; 0 / 28 ( 0 % )          ;
; HPS_INTERFACE_TEST_INPUTs                   ; 0 / 610 ( 0 % )         ;
; HPS_INTERFACE_TEST_OUTPUTs                  ; 0 / 513 ( 0 % )         ;
; HPS_INTERFACE_TPIU_TRACE_INPUTs             ; 0 / 2 ( 0 % )           ;
; HPS_INTERFACE_TPIU_TRACE_OUTPUTs            ; 0 / 33 ( 0 % )          ;
; Horizontal periphery clocks                 ; 0 / 72 ( 0 % )          ;
; Local interconnects                         ; 849 / 84,580 ( 1 % )    ;
; Quadrant clocks                             ; 0 / 66 ( 0 % )          ;
; R14 interconnects                           ; 87 / 12,676 ( < 1 % )   ;
; R14/C12 interconnect drivers                ; 89 / 20,720 ( < 1 % )   ;
; R3 interconnects                            ; 1,913 / 130,992 ( 1 % ) ;
; R6 interconnects                            ; 3,371 / 266,960 ( 1 % ) ;
; Spine clocks                                ; 7 / 360 ( 2 % )         ;
; Wire stub REs                               ; 0 / 15,858 ( 0 % )      ;
+---------------------------------------------+-------------------------+


+------------------------------------------+
; I/O Rules Summary                        ;
+----------------------------------+-------+
; I/O Rules Statistic              ; Total ;
+----------------------------------+-------+
; Total I/O Rules                  ; 28    ;
; Number of I/O Rules Passed       ; 10    ;
; Number of I/O Rules Failed       ; 0     ;
; Number of I/O Rules Unchecked    ; 0     ;
; Number of I/O Rules Inapplicable ; 18    ;
+----------------------------------+-------+


+-----------------------------------------------------------------------------------------------------------------------------------------------------------------------------------------------------------------------------------------------------------------------------------+
; I/O Rules Details                                                                                                                                                                                                                                                                 ;
+--------------+-----------+-----------------------------------+------------------------------------------------------------------------------------+----------+--------------------------------------------------------------------------+---------------------+-------------------+
; Status       ; ID        ; Category                          ; Rule Description                                                                   ; Severity ; Information                                                              ; Area                ; Extra Information ;
+--------------+-----------+-----------------------------------+------------------------------------------------------------------------------------+----------+--------------------------------------------------------------------------+---------------------+-------------------+
; Pass         ; IO_000001 ; Capacity Checks                   ; Number of pins in an I/O bank should not exceed the number of locations available. ; Critical ; 0 such failures found.                                                   ; I/O                 ;                   ;
; Pass         ; IO_000002 ; Capacity Checks                   ; Number of clocks in an I/O bank should not exceed the number of clocks available.  ; Critical ; 0 such failures found.                                                   ; I/O                 ;                   ;
; Pass         ; IO_000003 ; Capacity Checks                   ; Number of pins in a Vrefgroup should not exceed the number of locations available. ; Critical ; 0 such failures found.                                                   ; I/O                 ;                   ;
; Inapplicable ; IO_000004 ; Voltage Compatibility Checks      ; The I/O bank should support the requested VCCIO.                                   ; Critical ; No IOBANK_VCCIO assignments found.                                       ; I/O                 ;                   ;
; Inapplicable ; IO_000005 ; Voltage Compatibility Checks      ; The I/O bank should not have competing VREF values.                                ; Critical ; No VREF I/O Standard assignments found.                                  ; I/O                 ;                   ;
; Pass         ; IO_000006 ; Voltage Compatibility Checks      ; The I/O bank should not have competing VCCIO values.                               ; Critical ; 0 such failures found.                                                   ; I/O                 ;                   ;
; Pass         ; IO_000007 ; Valid Location Checks             ; Checks for unavailable locations.                                                  ; Critical ; 0 such failures found.                                                   ; I/O                 ;                   ;
; Inapplicable ; IO_000008 ; Valid Location Checks             ; Checks for reserved locations.                                                     ; Critical ; No reserved LogicLock region found.                                      ; I/O                 ;                   ;
; Pass         ; IO_000009 ; I/O Properties Checks for One I/O ; The location should support the requested I/O standard.                            ; Critical ; 0 such failures found.                                                   ; I/O                 ;                   ;
; Pass         ; IO_000010 ; I/O Properties Checks for One I/O ; The location should support the requested I/O direction.                           ; Critical ; 0 such failures found.                                                   ; I/O                 ;                   ;
; Inapplicable ; IO_000011 ; I/O Properties Checks for One I/O ; The location should support the requested Current Strength.                        ; Critical ; No Current Strength assignments found.                                   ; I/O                 ;                   ;
; Pass         ; IO_000012 ; I/O Properties Checks for One I/O ; The location should support the requested On Chip Termination value.               ; Critical ; 0 such failures found.                                                   ; I/O                 ;                   ;
; Inapplicable ; IO_000013 ; I/O Properties Checks for One I/O ; The location should support the requested Bus Hold value.                          ; Critical ; No Enable Bus-Hold Circuitry assignments found.                          ; I/O                 ;                   ;
; Inapplicable ; IO_000014 ; I/O Properties Checks for One I/O ; The location should support the requested Weak Pull Up value.                      ; Critical ; No Weak Pull-Up Resistor assignments found.                              ; I/O                 ;                   ;
; Inapplicable ; IO_000015 ; I/O Properties Checks for One I/O ; The location should support the requested PCI Clamp Diode.                         ; Critical ; No Clamping Diode assignments found.                                     ; I/O                 ;                   ;
; Inapplicable ; IO_000018 ; I/O Properties Checks for One I/O ; The I/O standard should support the requested Current Strength.                    ; Critical ; No Current Strength assignments found.                                   ; I/O                 ;                   ;
; Pass         ; IO_000019 ; I/O Properties Checks for One I/O ; The I/O standard should support the requested On Chip Termination value.           ; Critical ; 0 such failures found.                                                   ; I/O                 ;                   ;
; Inapplicable ; IO_000020 ; I/O Properties Checks for One I/O ; The I/O standard should support the requested PCI Clamp Diode.                     ; Critical ; No Clamping Diode assignments found.                                     ; I/O                 ;                   ;
; Inapplicable ; IO_000021 ; I/O Properties Checks for One I/O ; The I/O standard should support the requested Weak Pull Up value.                  ; Critical ; No Weak Pull-Up Resistor assignments found.                              ; I/O                 ;                   ;
; Inapplicable ; IO_000022 ; I/O Properties Checks for One I/O ; The I/O standard should support the requested Bus Hold value.                      ; Critical ; No Enable Bus-Hold Circuitry assignments found.                          ; I/O                 ;                   ;
; Inapplicable ; IO_000023 ; I/O Properties Checks for One I/O ; The I/O standard should support the Open Drain value.                              ; Critical ; No open drain assignments found.                                         ; I/O                 ;                   ;
; Pass         ; IO_000024 ; I/O Properties Checks for One I/O ; The I/O direction should support the On Chip Termination value.                    ; Critical ; 0 such failures found.                                                   ; I/O                 ;                   ;
; Inapplicable ; IO_000026 ; I/O Properties Checks for One I/O ; On Chip Termination and Current Strength should not be used at the same time.      ; Critical ; No Current Strength assignments found.                                   ; I/O                 ;                   ;
; Inapplicable ; IO_000027 ; I/O Properties Checks for One I/O ; Weak Pull Up and Bus Hold should not be used at the same time.                     ; Critical ; No Enable Bus-Hold Circuitry or Weak Pull-Up Resistor assignments found. ; I/O                 ;                   ;
; Inapplicable ; IO_000045 ; I/O Properties Checks for One I/O ; The I/O standard should support the requested Slew Rate value.                     ; Critical ; No Slew Rate assignments found.                                          ; I/O                 ;                   ;
; Inapplicable ; IO_000046 ; I/O Properties Checks for One I/O ; The location should support the requested Slew Rate value.                         ; Critical ; No Slew Rate assignments found.                                          ; I/O                 ;                   ;
; Inapplicable ; IO_000047 ; I/O Properties Checks for One I/O ; On Chip Termination and Slew Rate should not be used at the same time.             ; Critical ; No Slew Rate assignments found.                                          ; I/O                 ;                   ;
; Inapplicable ; IO_000034 ; SI Related Distance Checks        ; Single-ended outputs should be 0 LAB row(s) away from a differential I/O.          ; High     ; No Differential I/O Standard assignments found.                          ; I/O                 ;                   ;
; ----         ; ----      ; Disclaimer                        ; OCT rules are checked but not reported.                                            ; None     ; ----                                                                     ; On Chip Termination ;                   ;
+--------------+-----------+-----------------------------------+------------------------------------------------------------------------------------+----------+--------------------------------------------------------------------------+---------------------+-------------------+


+------------------------------------------------------------------------------------------------------------------------------------------------------------------------------------------------------------------------------------------------------------------------------------------------------------------------------------------------------------------------------------------------------------------------------------------------+
; I/O Rules Matrix                                                                                                                                                                                                                                                                                                                                                                                                                               ;
+---------------------+--------------+--------------+--------------+--------------+--------------+-----------+--------------+--------------+-----------+-----------+--------------+--------------+--------------+--------------+--------------+--------------+--------------+--------------+--------------+--------------+--------------+--------------+--------------+--------------+--------------+--------------+--------------+--------------+
; Pin/Rules           ; IO_000001    ; IO_000002    ; IO_000003    ; IO_000004    ; IO_000005    ; IO_000006 ; IO_000007    ; IO_000008    ; IO_000009 ; IO_000010 ; IO_000011    ; IO_000012    ; IO_000013    ; IO_000014    ; IO_000015    ; IO_000018    ; IO_000019    ; IO_000020    ; IO_000021    ; IO_000022    ; IO_000023    ; IO_000024    ; IO_000026    ; IO_000027    ; IO_000045    ; IO_000046    ; IO_000047    ; IO_000034    ;
+---------------------+--------------+--------------+--------------+--------------+--------------+-----------+--------------+--------------+-----------+-----------+--------------+--------------+--------------+--------------+--------------+--------------+--------------+--------------+--------------+--------------+--------------+--------------+--------------+--------------+--------------+--------------+--------------+--------------+
; Total Pass          ; 16           ; 37           ; 16           ; 0            ; 0            ; 77        ; 16           ; 0            ; 77        ; 77        ; 0            ; 60           ; 0            ; 0            ; 0            ; 0            ; 60           ; 0            ; 0            ; 0            ; 0            ; 60           ; 0            ; 0            ; 0            ; 0            ; 0            ; 0            ;
; Total Unchecked     ; 0            ; 0            ; 0            ; 0            ; 0            ; 0         ; 0            ; 0            ; 0         ; 0         ; 0            ; 0            ; 0            ; 0            ; 0            ; 0            ; 0            ; 0            ; 0            ; 0            ; 0            ; 0            ; 0            ; 0            ; 0            ; 0            ; 0            ; 0            ;
; Total Inapplicable  ; 61           ; 40           ; 61           ; 77           ; 77           ; 0         ; 61           ; 77           ; 0         ; 0         ; 77           ; 17           ; 77           ; 77           ; 77           ; 77           ; 17           ; 77           ; 77           ; 77           ; 77           ; 17           ; 77           ; 77           ; 77           ; 77           ; 77           ; 77           ;
; Total Fail          ; 0            ; 0            ; 0            ; 0            ; 0            ; 0         ; 0            ; 0            ; 0         ; 0         ; 0            ; 0            ; 0            ; 0            ; 0            ; 0            ; 0            ; 0            ; 0            ; 0            ; 0            ; 0            ; 0            ; 0            ; 0            ; 0            ; 0            ; 0            ;
; CAM_HREF            ; Pass         ; Inapplicable ; Pass         ; Inapplicable ; Inapplicable ; Pass      ; Pass         ; Inapplicable ; Pass      ; Pass      ; Inapplicable ; Inapplicable ; Inapplicable ; Inapplicable ; Inapplicable ; Inapplicable ; Inapplicable ; Inapplicable ; Inapplicable ; Inapplicable ; Inapplicable ; Inapplicable ; Inapplicable ; Inapplicable ; Inapplicable ; Inapplicable ; Inapplicable ; Inapplicable ;
; CAM_DIN[0]          ; Pass         ; Inapplicable ; Pass         ; Inapplicable ; Inapplicable ; Pass      ; Pass         ; Inapplicable ; Pass      ; Pass      ; Inapplicable ; Inapplicable ; Inapplicable ; Inapplicable ; Inapplicable ; Inapplicable ; Inapplicable ; Inapplicable ; Inapplicable ; Inapplicable ; Inapplicable ; Inapplicable ; Inapplicable ; Inapplicable ; Inapplicable ; Inapplicable ; Inapplicable ; Inapplicable ;
; CAM_DIN[1]          ; Pass         ; Inapplicable ; Pass         ; Inapplicable ; Inapplicable ; Pass      ; Pass         ; Inapplicable ; Pass      ; Pass      ; Inapplicable ; Inapplicable ; Inapplicable ; Inapplicable ; Inapplicable ; Inapplicable ; Inapplicable ; Inapplicable ; Inapplicable ; Inapplicable ; Inapplicable ; Inapplicable ; Inapplicable ; Inapplicable ; Inapplicable ; Inapplicable ; Inapplicable ; Inapplicable ;
; CAM_DIN[2]          ; Pass         ; Inapplicable ; Pass         ; Inapplicable ; Inapplicable ; Pass      ; Pass         ; Inapplicable ; Pass      ; Pass      ; Inapplicable ; Inapplicable ; Inapplicable ; Inapplicable ; Inapplicable ; Inapplicable ; Inapplicable ; Inapplicable ; Inapplicable ; Inapplicable ; Inapplicable ; Inapplicable ; Inapplicable ; Inapplicable ; Inapplicable ; Inapplicable ; Inapplicable ; Inapplicable ;
; CAM_DIN[3]          ; Pass         ; Inapplicable ; Pass         ; Inapplicable ; Inapplicable ; Pass      ; Pass         ; Inapplicable ; Pass      ; Pass      ; Inapplicable ; Inapplicable ; Inapplicable ; Inapplicable ; Inapplicable ; Inapplicable ; Inapplicable ; Inapplicable ; Inapplicable ; Inapplicable ; Inapplicable ; Inapplicable ; Inapplicable ; Inapplicable ; Inapplicable ; Inapplicable ; Inapplicable ; Inapplicable ;
; CAM_DIN[4]          ; Pass         ; Inapplicable ; Pass         ; Inapplicable ; Inapplicable ; Pass      ; Pass         ; Inapplicable ; Pass      ; Pass      ; Inapplicable ; Inapplicable ; Inapplicable ; Inapplicable ; Inapplicable ; Inapplicable ; Inapplicable ; Inapplicable ; Inapplicable ; Inapplicable ; Inapplicable ; Inapplicable ; Inapplicable ; Inapplicable ; Inapplicable ; Inapplicable ; Inapplicable ; Inapplicable ;
; CAM_DIN[5]          ; Pass         ; Inapplicable ; Pass         ; Inapplicable ; Inapplicable ; Pass      ; Pass         ; Inapplicable ; Pass      ; Pass      ; Inapplicable ; Inapplicable ; Inapplicable ; Inapplicable ; Inapplicable ; Inapplicable ; Inapplicable ; Inapplicable ; Inapplicable ; Inapplicable ; Inapplicable ; Inapplicable ; Inapplicable ; Inapplicable ; Inapplicable ; Inapplicable ; Inapplicable ; Inapplicable ;
; CAM_DIN[6]          ; Pass         ; Inapplicable ; Pass         ; Inapplicable ; Inapplicable ; Pass      ; Pass         ; Inapplicable ; Pass      ; Pass      ; Inapplicable ; Inapplicable ; Inapplicable ; Inapplicable ; Inapplicable ; Inapplicable ; Inapplicable ; Inapplicable ; Inapplicable ; Inapplicable ; Inapplicable ; Inapplicable ; Inapplicable ; Inapplicable ; Inapplicable ; Inapplicable ; Inapplicable ; Inapplicable ;
; CAM_DIN[7]          ; Pass         ; Inapplicable ; Pass         ; Inapplicable ; Inapplicable ; Pass      ; Pass         ; Inapplicable ; Pass      ; Pass      ; Inapplicable ; Inapplicable ; Inapplicable ; Inapplicable ; Inapplicable ; Inapplicable ; Inapplicable ; Inapplicable ; Inapplicable ; Inapplicable ; Inapplicable ; Inapplicable ; Inapplicable ; Inapplicable ; Inapplicable ; Inapplicable ; Inapplicable ; Inapplicable ;
; CAM_XCLK            ; Pass         ; Inapplicable ; Pass         ; Inapplicable ; Inapplicable ; Pass      ; Pass         ; Inapplicable ; Pass      ; Pass      ; Inapplicable ; Pass         ; Inapplicable ; Inapplicable ; Inapplicable ; Inapplicable ; Pass         ; Inapplicable ; Inapplicable ; Inapplicable ; Inapplicable ; Pass         ; Inapplicable ; Inapplicable ; Inapplicable ; Inapplicable ; Inapplicable ; Inapplicable ;
; CAM_SIOC            ; Pass         ; Inapplicable ; Pass         ; Inapplicable ; Inapplicable ; Pass      ; Pass         ; Inapplicable ; Pass      ; Pass      ; Inapplicable ; Pass         ; Inapplicable ; Inapplicable ; Inapplicable ; Inapplicable ; Pass         ; Inapplicable ; Inapplicable ; Inapplicable ; Inapplicable ; Pass         ; Inapplicable ; Inapplicable ; Inapplicable ; Inapplicable ; Inapplicable ; Inapplicable ;
; LEDR[0]             ; Pass         ; Inapplicable ; Pass         ; Inapplicable ; Inapplicable ; Pass      ; Pass         ; Inapplicable ; Pass      ; Pass      ; Inapplicable ; Pass         ; Inapplicable ; Inapplicable ; Inapplicable ; Inapplicable ; Pass         ; Inapplicable ; Inapplicable ; Inapplicable ; Inapplicable ; Pass         ; Inapplicable ; Inapplicable ; Inapplicable ; Inapplicable ; Inapplicable ; Inapplicable ;
; DRAM_ADDR[0]        ; Inapplicable ; Pass         ; Inapplicable ; Inapplicable ; Inapplicable ; Pass      ; Inapplicable ; Inapplicable ; Pass      ; Pass      ; Inapplicable ; Pass         ; Inapplicable ; Inapplicable ; Inapplicable ; Inapplicable ; Pass         ; Inapplicable ; Inapplicable ; Inapplicable ; Inapplicable ; Pass         ; Inapplicable ; Inapplicable ; Inapplicable ; Inapplicable ; Inapplicable ; Inapplicable ;
; DRAM_ADDR[1]        ; Inapplicable ; Pass         ; Inapplicable ; Inapplicable ; Inapplicable ; Pass      ; Inapplicable ; Inapplicable ; Pass      ; Pass      ; Inapplicable ; Pass         ; Inapplicable ; Inapplicable ; Inapplicable ; Inapplicable ; Pass         ; Inapplicable ; Inapplicable ; Inapplicable ; Inapplicable ; Pass         ; Inapplicable ; Inapplicable ; Inapplicable ; Inapplicable ; Inapplicable ; Inapplicable ;
; DRAM_ADDR[2]        ; Inapplicable ; Pass         ; Inapplicable ; Inapplicable ; Inapplicable ; Pass      ; Inapplicable ; Inapplicable ; Pass      ; Pass      ; Inapplicable ; Pass         ; Inapplicable ; Inapplicable ; Inapplicable ; Inapplicable ; Pass         ; Inapplicable ; Inapplicable ; Inapplicable ; Inapplicable ; Pass         ; Inapplicable ; Inapplicable ; Inapplicable ; Inapplicable ; Inapplicable ; Inapplicable ;
; DRAM_ADDR[3]        ; Inapplicable ; Pass         ; Inapplicable ; Inapplicable ; Inapplicable ; Pass      ; Inapplicable ; Inapplicable ; Pass      ; Pass      ; Inapplicable ; Pass         ; Inapplicable ; Inapplicable ; Inapplicable ; Inapplicable ; Pass         ; Inapplicable ; Inapplicable ; Inapplicable ; Inapplicable ; Pass         ; Inapplicable ; Inapplicable ; Inapplicable ; Inapplicable ; Inapplicable ; Inapplicable ;
; DRAM_ADDR[4]        ; Inapplicable ; Pass         ; Inapplicable ; Inapplicable ; Inapplicable ; Pass      ; Inapplicable ; Inapplicable ; Pass      ; Pass      ; Inapplicable ; Pass         ; Inapplicable ; Inapplicable ; Inapplicable ; Inapplicable ; Pass         ; Inapplicable ; Inapplicable ; Inapplicable ; Inapplicable ; Pass         ; Inapplicable ; Inapplicable ; Inapplicable ; Inapplicable ; Inapplicable ; Inapplicable ;
; DRAM_ADDR[5]        ; Inapplicable ; Pass         ; Inapplicable ; Inapplicable ; Inapplicable ; Pass      ; Inapplicable ; Inapplicable ; Pass      ; Pass      ; Inapplicable ; Pass         ; Inapplicable ; Inapplicable ; Inapplicable ; Inapplicable ; Pass         ; Inapplicable ; Inapplicable ; Inapplicable ; Inapplicable ; Pass         ; Inapplicable ; Inapplicable ; Inapplicable ; Inapplicable ; Inapplicable ; Inapplicable ;
; DRAM_ADDR[6]        ; Inapplicable ; Pass         ; Inapplicable ; Inapplicable ; Inapplicable ; Pass      ; Inapplicable ; Inapplicable ; Pass      ; Pass      ; Inapplicable ; Pass         ; Inapplicable ; Inapplicable ; Inapplicable ; Inapplicable ; Pass         ; Inapplicable ; Inapplicable ; Inapplicable ; Inapplicable ; Pass         ; Inapplicable ; Inapplicable ; Inapplicable ; Inapplicable ; Inapplicable ; Inapplicable ;
; DRAM_ADDR[7]        ; Inapplicable ; Pass         ; Inapplicable ; Inapplicable ; Inapplicable ; Pass      ; Inapplicable ; Inapplicable ; Pass      ; Pass      ; Inapplicable ; Pass         ; Inapplicable ; Inapplicable ; Inapplicable ; Inapplicable ; Pass         ; Inapplicable ; Inapplicable ; Inapplicable ; Inapplicable ; Pass         ; Inapplicable ; Inapplicable ; Inapplicable ; Inapplicable ; Inapplicable ; Inapplicable ;
; DRAM_ADDR[8]        ; Inapplicable ; Pass         ; Inapplicable ; Inapplicable ; Inapplicable ; Pass      ; Inapplicable ; Inapplicable ; Pass      ; Pass      ; Inapplicable ; Pass         ; Inapplicable ; Inapplicable ; Inapplicable ; Inapplicable ; Pass         ; Inapplicable ; Inapplicable ; Inapplicable ; Inapplicable ; Pass         ; Inapplicable ; Inapplicable ; Inapplicable ; Inapplicable ; Inapplicable ; Inapplicable ;
; DRAM_ADDR[9]        ; Inapplicable ; Pass         ; Inapplicable ; Inapplicable ; Inapplicable ; Pass      ; Inapplicable ; Inapplicable ; Pass      ; Pass      ; Inapplicable ; Pass         ; Inapplicable ; Inapplicable ; Inapplicable ; Inapplicable ; Pass         ; Inapplicable ; Inapplicable ; Inapplicable ; Inapplicable ; Pass         ; Inapplicable ; Inapplicable ; Inapplicable ; Inapplicable ; Inapplicable ; Inapplicable ;
; DRAM_ADDR[10]       ; Inapplicable ; Pass         ; Inapplicable ; Inapplicable ; Inapplicable ; Pass      ; Inapplicable ; Inapplicable ; Pass      ; Pass      ; Inapplicable ; Pass         ; Inapplicable ; Inapplicable ; Inapplicable ; Inapplicable ; Pass         ; Inapplicable ; Inapplicable ; Inapplicable ; Inapplicable ; Pass         ; Inapplicable ; Inapplicable ; Inapplicable ; Inapplicable ; Inapplicable ; Inapplicable ;
; DRAM_ADDR[11]       ; Inapplicable ; Pass         ; Inapplicable ; Inapplicable ; Inapplicable ; Pass      ; Inapplicable ; Inapplicable ; Pass      ; Pass      ; Inapplicable ; Pass         ; Inapplicable ; Inapplicable ; Inapplicable ; Inapplicable ; Pass         ; Inapplicable ; Inapplicable ; Inapplicable ; Inapplicable ; Pass         ; Inapplicable ; Inapplicable ; Inapplicable ; Inapplicable ; Inapplicable ; Inapplicable ;
; DRAM_ADDR[12]       ; Inapplicable ; Pass         ; Inapplicable ; Inapplicable ; Inapplicable ; Pass      ; Inapplicable ; Inapplicable ; Pass      ; Pass      ; Inapplicable ; Pass         ; Inapplicable ; Inapplicable ; Inapplicable ; Inapplicable ; Pass         ; Inapplicable ; Inapplicable ; Inapplicable ; Inapplicable ; Pass         ; Inapplicable ; Inapplicable ; Inapplicable ; Inapplicable ; Inapplicable ; Inapplicable ;
; DRAM_BA[0]          ; Inapplicable ; Pass         ; Inapplicable ; Inapplicable ; Inapplicable ; Pass      ; Inapplicable ; Inapplicable ; Pass      ; Pass      ; Inapplicable ; Pass         ; Inapplicable ; Inapplicable ; Inapplicable ; Inapplicable ; Pass         ; Inapplicable ; Inapplicable ; Inapplicable ; Inapplicable ; Pass         ; Inapplicable ; Inapplicable ; Inapplicable ; Inapplicable ; Inapplicable ; Inapplicable ;
; DRAM_BA[1]          ; Inapplicable ; Pass         ; Inapplicable ; Inapplicable ; Inapplicable ; Pass      ; Inapplicable ; Inapplicable ; Pass      ; Pass      ; Inapplicable ; Pass         ; Inapplicable ; Inapplicable ; Inapplicable ; Inapplicable ; Pass         ; Inapplicable ; Inapplicable ; Inapplicable ; Inapplicable ; Pass         ; Inapplicable ; Inapplicable ; Inapplicable ; Inapplicable ; Inapplicable ; Inapplicable ;
; DRAM_CAS_N          ; Inapplicable ; Pass         ; Inapplicable ; Inapplicable ; Inapplicable ; Pass      ; Inapplicable ; Inapplicable ; Pass      ; Pass      ; Inapplicable ; Pass         ; Inapplicable ; Inapplicable ; Inapplicable ; Inapplicable ; Pass         ; Inapplicable ; Inapplicable ; Inapplicable ; Inapplicable ; Pass         ; Inapplicable ; Inapplicable ; Inapplicable ; Inapplicable ; Inapplicable ; Inapplicable ;
; DRAM_CKE            ; Inapplicable ; Inapplicable ; Inapplicable ; Inapplicable ; Inapplicable ; Pass      ; Inapplicable ; Inapplicable ; Pass      ; Pass      ; Inapplicable ; Pass         ; Inapplicable ; Inapplicable ; Inapplicable ; Inapplicable ; Pass         ; Inapplicable ; Inapplicable ; Inapplicable ; Inapplicable ; Pass         ; Inapplicable ; Inapplicable ; Inapplicable ; Inapplicable ; Inapplicable ; Inapplicable ;
; DRAM_CLK            ; Inapplicable ; Inapplicable ; Inapplicable ; Inapplicable ; Inapplicable ; Pass      ; Inapplicable ; Inapplicable ; Pass      ; Pass      ; Inapplicable ; Pass         ; Inapplicable ; Inapplicable ; Inapplicable ; Inapplicable ; Pass         ; Inapplicable ; Inapplicable ; Inapplicable ; Inapplicable ; Pass         ; Inapplicable ; Inapplicable ; Inapplicable ; Inapplicable ; Inapplicable ; Inapplicable ;
; DRAM_CS_N           ; Inapplicable ; Pass         ; Inapplicable ; Inapplicable ; Inapplicable ; Pass      ; Inapplicable ; Inapplicable ; Pass      ; Pass      ; Inapplicable ; Pass         ; Inapplicable ; Inapplicable ; Inapplicable ; Inapplicable ; Pass         ; Inapplicable ; Inapplicable ; Inapplicable ; Inapplicable ; Pass         ; Inapplicable ; Inapplicable ; Inapplicable ; Inapplicable ; Inapplicable ; Inapplicable ;
; DRAM_DQM[0]         ; Inapplicable ; Pass         ; Inapplicable ; Inapplicable ; Inapplicable ; Pass      ; Inapplicable ; Inapplicable ; Pass      ; Pass      ; Inapplicable ; Pass         ; Inapplicable ; Inapplicable ; Inapplicable ; Inapplicable ; Pass         ; Inapplicable ; Inapplicable ; Inapplicable ; Inapplicable ; Pass         ; Inapplicable ; Inapplicable ; Inapplicable ; Inapplicable ; Inapplicable ; Inapplicable ;
; DRAM_DQM[1]         ; Inapplicable ; Pass         ; Inapplicable ; Inapplicable ; Inapplicable ; Pass      ; Inapplicable ; Inapplicable ; Pass      ; Pass      ; Inapplicable ; Pass         ; Inapplicable ; Inapplicable ; Inapplicable ; Inapplicable ; Pass         ; Inapplicable ; Inapplicable ; Inapplicable ; Inapplicable ; Pass         ; Inapplicable ; Inapplicable ; Inapplicable ; Inapplicable ; Inapplicable ; Inapplicable ;
; DRAM_RAS_N          ; Inapplicable ; Pass         ; Inapplicable ; Inapplicable ; Inapplicable ; Pass      ; Inapplicable ; Inapplicable ; Pass      ; Pass      ; Inapplicable ; Pass         ; Inapplicable ; Inapplicable ; Inapplicable ; Inapplicable ; Pass         ; Inapplicable ; Inapplicable ; Inapplicable ; Inapplicable ; Pass         ; Inapplicable ; Inapplicable ; Inapplicable ; Inapplicable ; Inapplicable ; Inapplicable ;
; DRAM_WE_N           ; Inapplicable ; Pass         ; Inapplicable ; Inapplicable ; Inapplicable ; Pass      ; Inapplicable ; Inapplicable ; Pass      ; Pass      ; Inapplicable ; Pass         ; Inapplicable ; Inapplicable ; Inapplicable ; Inapplicable ; Pass         ; Inapplicable ; Inapplicable ; Inapplicable ; Inapplicable ; Pass         ; Inapplicable ; Inapplicable ; Inapplicable ; Inapplicable ; Inapplicable ; Inapplicable ;
; VGA_HS              ; Inapplicable ; Inapplicable ; Inapplicable ; Inapplicable ; Inapplicable ; Pass      ; Inapplicable ; Inapplicable ; Pass      ; Pass      ; Inapplicable ; Pass         ; Inapplicable ; Inapplicable ; Inapplicable ; Inapplicable ; Pass         ; Inapplicable ; Inapplicable ; Inapplicable ; Inapplicable ; Pass         ; Inapplicable ; Inapplicable ; Inapplicable ; Inapplicable ; Inapplicable ; Inapplicable ;
; VGA_VS              ; Inapplicable ; Inapplicable ; Inapplicable ; Inapplicable ; Inapplicable ; Pass      ; Inapplicable ; Inapplicable ; Pass      ; Pass      ; Inapplicable ; Pass         ; Inapplicable ; Inapplicable ; Inapplicable ; Inapplicable ; Pass         ; Inapplicable ; Inapplicable ; Inapplicable ; Inapplicable ; Pass         ; Inapplicable ; Inapplicable ; Inapplicable ; Inapplicable ; Inapplicable ; Inapplicable ;
; VGA_R[0]            ; Inapplicable ; Inapplicable ; Inapplicable ; Inapplicable ; Inapplicable ; Pass      ; Inapplicable ; Inapplicable ; Pass      ; Pass      ; Inapplicable ; Pass         ; Inapplicable ; Inapplicable ; Inapplicable ; Inapplicable ; Pass         ; Inapplicable ; Inapplicable ; Inapplicable ; Inapplicable ; Pass         ; Inapplicable ; Inapplicable ; Inapplicable ; Inapplicable ; Inapplicable ; Inapplicable ;
; VGA_R[1]            ; Inapplicable ; Inapplicable ; Inapplicable ; Inapplicable ; Inapplicable ; Pass      ; Inapplicable ; Inapplicable ; Pass      ; Pass      ; Inapplicable ; Pass         ; Inapplicable ; Inapplicable ; Inapplicable ; Inapplicable ; Pass         ; Inapplicable ; Inapplicable ; Inapplicable ; Inapplicable ; Pass         ; Inapplicable ; Inapplicable ; Inapplicable ; Inapplicable ; Inapplicable ; Inapplicable ;
; VGA_R[2]            ; Inapplicable ; Inapplicable ; Inapplicable ; Inapplicable ; Inapplicable ; Pass      ; Inapplicable ; Inapplicable ; Pass      ; Pass      ; Inapplicable ; Pass         ; Inapplicable ; Inapplicable ; Inapplicable ; Inapplicable ; Pass         ; Inapplicable ; Inapplicable ; Inapplicable ; Inapplicable ; Pass         ; Inapplicable ; Inapplicable ; Inapplicable ; Inapplicable ; Inapplicable ; Inapplicable ;
; VGA_R[3]            ; Inapplicable ; Inapplicable ; Inapplicable ; Inapplicable ; Inapplicable ; Pass      ; Inapplicable ; Inapplicable ; Pass      ; Pass      ; Inapplicable ; Pass         ; Inapplicable ; Inapplicable ; Inapplicable ; Inapplicable ; Pass         ; Inapplicable ; Inapplicable ; Inapplicable ; Inapplicable ; Pass         ; Inapplicable ; Inapplicable ; Inapplicable ; Inapplicable ; Inapplicable ; Inapplicable ;
; VGA_G[0]            ; Inapplicable ; Inapplicable ; Inapplicable ; Inapplicable ; Inapplicable ; Pass      ; Inapplicable ; Inapplicable ; Pass      ; Pass      ; Inapplicable ; Pass         ; Inapplicable ; Inapplicable ; Inapplicable ; Inapplicable ; Pass         ; Inapplicable ; Inapplicable ; Inapplicable ; Inapplicable ; Pass         ; Inapplicable ; Inapplicable ; Inapplicable ; Inapplicable ; Inapplicable ; Inapplicable ;
; VGA_G[1]            ; Inapplicable ; Inapplicable ; Inapplicable ; Inapplicable ; Inapplicable ; Pass      ; Inapplicable ; Inapplicable ; Pass      ; Pass      ; Inapplicable ; Pass         ; Inapplicable ; Inapplicable ; Inapplicable ; Inapplicable ; Pass         ; Inapplicable ; Inapplicable ; Inapplicable ; Inapplicable ; Pass         ; Inapplicable ; Inapplicable ; Inapplicable ; Inapplicable ; Inapplicable ; Inapplicable ;
; VGA_G[2]            ; Inapplicable ; Inapplicable ; Inapplicable ; Inapplicable ; Inapplicable ; Pass      ; Inapplicable ; Inapplicable ; Pass      ; Pass      ; Inapplicable ; Pass         ; Inapplicable ; Inapplicable ; Inapplicable ; Inapplicable ; Pass         ; Inapplicable ; Inapplicable ; Inapplicable ; Inapplicable ; Pass         ; Inapplicable ; Inapplicable ; Inapplicable ; Inapplicable ; Inapplicable ; Inapplicable ;
; VGA_G[3]            ; Inapplicable ; Inapplicable ; Inapplicable ; Inapplicable ; Inapplicable ; Pass      ; Inapplicable ; Inapplicable ; Pass      ; Pass      ; Inapplicable ; Pass         ; Inapplicable ; Inapplicable ; Inapplicable ; Inapplicable ; Pass         ; Inapplicable ; Inapplicable ; Inapplicable ; Inapplicable ; Pass         ; Inapplicable ; Inapplicable ; Inapplicable ; Inapplicable ; Inapplicable ; Inapplicable ;
; VGA_B[0]            ; Inapplicable ; Inapplicable ; Inapplicable ; Inapplicable ; Inapplicable ; Pass      ; Inapplicable ; Inapplicable ; Pass      ; Pass      ; Inapplicable ; Pass         ; Inapplicable ; Inapplicable ; Inapplicable ; Inapplicable ; Pass         ; Inapplicable ; Inapplicable ; Inapplicable ; Inapplicable ; Pass         ; Inapplicable ; Inapplicable ; Inapplicable ; Inapplicable ; Inapplicable ; Inapplicable ;
; VGA_B[1]            ; Inapplicable ; Inapplicable ; Inapplicable ; Inapplicable ; Inapplicable ; Pass      ; Inapplicable ; Inapplicable ; Pass      ; Pass      ; Inapplicable ; Pass         ; Inapplicable ; Inapplicable ; Inapplicable ; Inapplicable ; Pass         ; Inapplicable ; Inapplicable ; Inapplicable ; Inapplicable ; Pass         ; Inapplicable ; Inapplicable ; Inapplicable ; Inapplicable ; Inapplicable ; Inapplicable ;
; VGA_B[2]            ; Inapplicable ; Inapplicable ; Inapplicable ; Inapplicable ; Inapplicable ; Pass      ; Inapplicable ; Inapplicable ; Pass      ; Pass      ; Inapplicable ; Pass         ; Inapplicable ; Inapplicable ; Inapplicable ; Inapplicable ; Pass         ; Inapplicable ; Inapplicable ; Inapplicable ; Inapplicable ; Pass         ; Inapplicable ; Inapplicable ; Inapplicable ; Inapplicable ; Inapplicable ; Inapplicable ;
; VGA_B[3]            ; Inapplicable ; Inapplicable ; Inapplicable ; Inapplicable ; Inapplicable ; Pass      ; Inapplicable ; Inapplicable ; Pass      ; Pass      ; Inapplicable ; Pass         ; Inapplicable ; Inapplicable ; Inapplicable ; Inapplicable ; Pass         ; Inapplicable ; Inapplicable ; Inapplicable ; Inapplicable ; Pass         ; Inapplicable ; Inapplicable ; Inapplicable ; Inapplicable ; Inapplicable ; Inapplicable ;
; VGA_BLANK_N         ; Inapplicable ; Inapplicable ; Inapplicable ; Inapplicable ; Inapplicable ; Pass      ; Inapplicable ; Inapplicable ; Pass      ; Pass      ; Inapplicable ; Pass         ; Inapplicable ; Inapplicable ; Inapplicable ; Inapplicable ; Pass         ; Inapplicable ; Inapplicable ; Inapplicable ; Inapplicable ; Pass         ; Inapplicable ; Inapplicable ; Inapplicable ; Inapplicable ; Inapplicable ; Inapplicable ;
; VGA_SYNC_N          ; Inapplicable ; Inapplicable ; Inapplicable ; Inapplicable ; Inapplicable ; Pass      ; Inapplicable ; Inapplicable ; Pass      ; Pass      ; Inapplicable ; Pass         ; Inapplicable ; Inapplicable ; Inapplicable ; Inapplicable ; Pass         ; Inapplicable ; Inapplicable ; Inapplicable ; Inapplicable ; Pass         ; Inapplicable ; Inapplicable ; Inapplicable ; Inapplicable ; Inapplicable ; Inapplicable ;
; VGA_CLK             ; Inapplicable ; Inapplicable ; Inapplicable ; Inapplicable ; Inapplicable ; Pass      ; Inapplicable ; Inapplicable ; Pass      ; Pass      ; Inapplicable ; Pass         ; Inapplicable ; Inapplicable ; Inapplicable ; Inapplicable ; Pass         ; Inapplicable ; Inapplicable ; Inapplicable ; Inapplicable ; Pass         ; Inapplicable ; Inapplicable ; Inapplicable ; Inapplicable ; Inapplicable ; Inapplicable ;
; CAM_SIOD            ; Pass         ; Inapplicable ; Pass         ; Inapplicable ; Inapplicable ; Pass      ; Pass         ; Inapplicable ; Pass      ; Pass      ; Inapplicable ; Pass         ; Inapplicable ; Inapplicable ; Inapplicable ; Inapplicable ; Pass         ; Inapplicable ; Inapplicable ; Inapplicable ; Inapplicable ; Pass         ; Inapplicable ; Inapplicable ; Inapplicable ; Inapplicable ; Inapplicable ; Inapplicable ;
; DRAM_DQ[0]          ; Inapplicable ; Pass         ; Inapplicable ; Inapplicable ; Inapplicable ; Pass      ; Inapplicable ; Inapplicable ; Pass      ; Pass      ; Inapplicable ; Pass         ; Inapplicable ; Inapplicable ; Inapplicable ; Inapplicable ; Pass         ; Inapplicable ; Inapplicable ; Inapplicable ; Inapplicable ; Pass         ; Inapplicable ; Inapplicable ; Inapplicable ; Inapplicable ; Inapplicable ; Inapplicable ;
; DRAM_DQ[1]          ; Inapplicable ; Pass         ; Inapplicable ; Inapplicable ; Inapplicable ; Pass      ; Inapplicable ; Inapplicable ; Pass      ; Pass      ; Inapplicable ; Pass         ; Inapplicable ; Inapplicable ; Inapplicable ; Inapplicable ; Pass         ; Inapplicable ; Inapplicable ; Inapplicable ; Inapplicable ; Pass         ; Inapplicable ; Inapplicable ; Inapplicable ; Inapplicable ; Inapplicable ; Inapplicable ;
; DRAM_DQ[2]          ; Inapplicable ; Pass         ; Inapplicable ; Inapplicable ; Inapplicable ; Pass      ; Inapplicable ; Inapplicable ; Pass      ; Pass      ; Inapplicable ; Pass         ; Inapplicable ; Inapplicable ; Inapplicable ; Inapplicable ; Pass         ; Inapplicable ; Inapplicable ; Inapplicable ; Inapplicable ; Pass         ; Inapplicable ; Inapplicable ; Inapplicable ; Inapplicable ; Inapplicable ; Inapplicable ;
; DRAM_DQ[3]          ; Inapplicable ; Pass         ; Inapplicable ; Inapplicable ; Inapplicable ; Pass      ; Inapplicable ; Inapplicable ; Pass      ; Pass      ; Inapplicable ; Pass         ; Inapplicable ; Inapplicable ; Inapplicable ; Inapplicable ; Pass         ; Inapplicable ; Inapplicable ; Inapplicable ; Inapplicable ; Pass         ; Inapplicable ; Inapplicable ; Inapplicable ; Inapplicable ; Inapplicable ; Inapplicable ;
; DRAM_DQ[4]          ; Inapplicable ; Pass         ; Inapplicable ; Inapplicable ; Inapplicable ; Pass      ; Inapplicable ; Inapplicable ; Pass      ; Pass      ; Inapplicable ; Pass         ; Inapplicable ; Inapplicable ; Inapplicable ; Inapplicable ; Pass         ; Inapplicable ; Inapplicable ; Inapplicable ; Inapplicable ; Pass         ; Inapplicable ; Inapplicable ; Inapplicable ; Inapplicable ; Inapplicable ; Inapplicable ;
; DRAM_DQ[5]          ; Inapplicable ; Pass         ; Inapplicable ; Inapplicable ; Inapplicable ; Pass      ; Inapplicable ; Inapplicable ; Pass      ; Pass      ; Inapplicable ; Pass         ; Inapplicable ; Inapplicable ; Inapplicable ; Inapplicable ; Pass         ; Inapplicable ; Inapplicable ; Inapplicable ; Inapplicable ; Pass         ; Inapplicable ; Inapplicable ; Inapplicable ; Inapplicable ; Inapplicable ; Inapplicable ;
; DRAM_DQ[6]          ; Inapplicable ; Pass         ; Inapplicable ; Inapplicable ; Inapplicable ; Pass      ; Inapplicable ; Inapplicable ; Pass      ; Pass      ; Inapplicable ; Pass         ; Inapplicable ; Inapplicable ; Inapplicable ; Inapplicable ; Pass         ; Inapplicable ; Inapplicable ; Inapplicable ; Inapplicable ; Pass         ; Inapplicable ; Inapplicable ; Inapplicable ; Inapplicable ; Inapplicable ; Inapplicable ;
; DRAM_DQ[7]          ; Inapplicable ; Pass         ; Inapplicable ; Inapplicable ; Inapplicable ; Pass      ; Inapplicable ; Inapplicable ; Pass      ; Pass      ; Inapplicable ; Pass         ; Inapplicable ; Inapplicable ; Inapplicable ; Inapplicable ; Pass         ; Inapplicable ; Inapplicable ; Inapplicable ; Inapplicable ; Pass         ; Inapplicable ; Inapplicable ; Inapplicable ; Inapplicable ; Inapplicable ; Inapplicable ;
; DRAM_DQ[8]          ; Inapplicable ; Pass         ; Inapplicable ; Inapplicable ; Inapplicable ; Pass      ; Inapplicable ; Inapplicable ; Pass      ; Pass      ; Inapplicable ; Pass         ; Inapplicable ; Inapplicable ; Inapplicable ; Inapplicable ; Pass         ; Inapplicable ; Inapplicable ; Inapplicable ; Inapplicable ; Pass         ; Inapplicable ; Inapplicable ; Inapplicable ; Inapplicable ; Inapplicable ; Inapplicable ;
; DRAM_DQ[9]          ; Inapplicable ; Pass         ; Inapplicable ; Inapplicable ; Inapplicable ; Pass      ; Inapplicable ; Inapplicable ; Pass      ; Pass      ; Inapplicable ; Pass         ; Inapplicable ; Inapplicable ; Inapplicable ; Inapplicable ; Pass         ; Inapplicable ; Inapplicable ; Inapplicable ; Inapplicable ; Pass         ; Inapplicable ; Inapplicable ; Inapplicable ; Inapplicable ; Inapplicable ; Inapplicable ;
; DRAM_DQ[10]         ; Inapplicable ; Pass         ; Inapplicable ; Inapplicable ; Inapplicable ; Pass      ; Inapplicable ; Inapplicable ; Pass      ; Pass      ; Inapplicable ; Pass         ; Inapplicable ; Inapplicable ; Inapplicable ; Inapplicable ; Pass         ; Inapplicable ; Inapplicable ; Inapplicable ; Inapplicable ; Pass         ; Inapplicable ; Inapplicable ; Inapplicable ; Inapplicable ; Inapplicable ; Inapplicable ;
; DRAM_DQ[11]         ; Inapplicable ; Pass         ; Inapplicable ; Inapplicable ; Inapplicable ; Pass      ; Inapplicable ; Inapplicable ; Pass      ; Pass      ; Inapplicable ; Pass         ; Inapplicable ; Inapplicable ; Inapplicable ; Inapplicable ; Pass         ; Inapplicable ; Inapplicable ; Inapplicable ; Inapplicable ; Pass         ; Inapplicable ; Inapplicable ; Inapplicable ; Inapplicable ; Inapplicable ; Inapplicable ;
; DRAM_DQ[12]         ; Inapplicable ; Pass         ; Inapplicable ; Inapplicable ; Inapplicable ; Pass      ; Inapplicable ; Inapplicable ; Pass      ; Pass      ; Inapplicable ; Pass         ; Inapplicable ; Inapplicable ; Inapplicable ; Inapplicable ; Pass         ; Inapplicable ; Inapplicable ; Inapplicable ; Inapplicable ; Pass         ; Inapplicable ; Inapplicable ; Inapplicable ; Inapplicable ; Inapplicable ; Inapplicable ;
; DRAM_DQ[13]         ; Inapplicable ; Pass         ; Inapplicable ; Inapplicable ; Inapplicable ; Pass      ; Inapplicable ; Inapplicable ; Pass      ; Pass      ; Inapplicable ; Pass         ; Inapplicable ; Inapplicable ; Inapplicable ; Inapplicable ; Pass         ; Inapplicable ; Inapplicable ; Inapplicable ; Inapplicable ; Pass         ; Inapplicable ; Inapplicable ; Inapplicable ; Inapplicable ; Inapplicable ; Inapplicable ;
; DRAM_DQ[14]         ; Inapplicable ; Pass         ; Inapplicable ; Inapplicable ; Inapplicable ; Pass      ; Inapplicable ; Inapplicable ; Pass      ; Pass      ; Inapplicable ; Pass         ; Inapplicable ; Inapplicable ; Inapplicable ; Inapplicable ; Pass         ; Inapplicable ; Inapplicable ; Inapplicable ; Inapplicable ; Pass         ; Inapplicable ; Inapplicable ; Inapplicable ; Inapplicable ; Inapplicable ; Inapplicable ;
; DRAM_DQ[15]         ; Inapplicable ; Pass         ; Inapplicable ; Inapplicable ; Inapplicable ; Pass      ; Inapplicable ; Inapplicable ; Pass      ; Pass      ; Inapplicable ; Pass         ; Inapplicable ; Inapplicable ; Inapplicable ; Inapplicable ; Pass         ; Inapplicable ; Inapplicable ; Inapplicable ; Inapplicable ; Pass         ; Inapplicable ; Inapplicable ; Inapplicable ; Inapplicable ; Inapplicable ; Inapplicable ;
; CLOCK_50            ; Inapplicable ; Inapplicable ; Inapplicable ; Inapplicable ; Inapplicable ; Pass      ; Inapplicable ; Inapplicable ; Pass      ; Pass      ; Inapplicable ; Inapplicable ; Inapplicable ; Inapplicable ; Inapplicable ; Inapplicable ; Inapplicable ; Inapplicable ; Inapplicable ; Inapplicable ; Inapplicable ; Inapplicable ; Inapplicable ; Inapplicable ; Inapplicable ; Inapplicable ; Inapplicable ; Inapplicable ;
; KEY[0]              ; Pass         ; Inapplicable ; Pass         ; Inapplicable ; Inapplicable ; Pass      ; Pass         ; Inapplicable ; Pass      ; Pass      ; Inapplicable ; Inapplicable ; Inapplicable ; Inapplicable ; Inapplicable ; Inapplicable ; Inapplicable ; Inapplicable ; Inapplicable ; Inapplicable ; Inapplicable ; Inapplicable ; Inapplicable ; Inapplicable ; Inapplicable ; Inapplicable ; Inapplicable ; Inapplicable ;
; CAM_PCLK            ; Pass         ; Inapplicable ; Pass         ; Inapplicable ; Inapplicable ; Pass      ; Pass         ; Inapplicable ; Pass      ; Pass      ; Inapplicable ; Inapplicable ; Inapplicable ; Inapplicable ; Inapplicable ; Inapplicable ; Inapplicable ; Inapplicable ; Inapplicable ; Inapplicable ; Inapplicable ; Inapplicable ; Inapplicable ; Inapplicable ; Inapplicable ; Inapplicable ; Inapplicable ; Inapplicable ;
; CAM_VSYNC           ; Pass         ; Inapplicable ; Pass         ; Inapplicable ; Inapplicable ; Pass      ; Pass         ; Inapplicable ; Pass      ; Pass      ; Inapplicable ; Inapplicable ; Inapplicable ; Inapplicable ; Inapplicable ; Inapplicable ; Inapplicable ; Inapplicable ; Inapplicable ; Inapplicable ; Inapplicable ; Inapplicable ; Inapplicable ; Inapplicable ; Inapplicable ; Inapplicable ; Inapplicable ; Inapplicable ;
; altera_reserved_tms ; Inapplicable ; Inapplicable ; Inapplicable ; Inapplicable ; Inapplicable ; Pass      ; Inapplicable ; Inapplicable ; Pass      ; Pass      ; Inapplicable ; Inapplicable ; Inapplicable ; Inapplicable ; Inapplicable ; Inapplicable ; Inapplicable ; Inapplicable ; Inapplicable ; Inapplicable ; Inapplicable ; Inapplicable ; Inapplicable ; Inapplicable ; Inapplicable ; Inapplicable ; Inapplicable ; Inapplicable ;
; altera_reserved_tck ; Inapplicable ; Inapplicable ; Inapplicable ; Inapplicable ; Inapplicable ; Pass      ; Inapplicable ; Inapplicable ; Pass      ; Pass      ; Inapplicable ; Inapplicable ; Inapplicable ; Inapplicable ; Inapplicable ; Inapplicable ; Inapplicable ; Inapplicable ; Inapplicable ; Inapplicable ; Inapplicable ; Inapplicable ; Inapplicable ; Inapplicable ; Inapplicable ; Inapplicable ; Inapplicable ; Inapplicable ;
; altera_reserved_tdi ; Inapplicable ; Inapplicable ; Inapplicable ; Inapplicable ; Inapplicable ; Pass      ; Inapplicable ; Inapplicable ; Pass      ; Pass      ; Inapplicable ; Inapplicable ; Inapplicable ; Inapplicable ; Inapplicable ; Inapplicable ; Inapplicable ; Inapplicable ; Inapplicable ; Inapplicable ; Inapplicable ; Inapplicable ; Inapplicable ; Inapplicable ; Inapplicable ; Inapplicable ; Inapplicable ; Inapplicable ;
; altera_reserved_tdo ; Inapplicable ; Inapplicable ; Inapplicable ; Inapplicable ; Inapplicable ; Pass      ; Inapplicable ; Inapplicable ; Pass      ; Pass      ; Inapplicable ; Inapplicable ; Inapplicable ; Inapplicable ; Inapplicable ; Inapplicable ; Inapplicable ; Inapplicable ; Inapplicable ; Inapplicable ; Inapplicable ; Inapplicable ; Inapplicable ; Inapplicable ; Inapplicable ; Inapplicable ; Inapplicable ; Inapplicable ;
+---------------------+--------------+--------------+--------------+--------------+--------------+-----------+--------------+--------------+-----------+-----------+--------------+--------------+--------------+--------------+--------------+--------------+--------------+--------------+--------------+--------------+--------------+--------------+--------------+--------------+--------------+--------------+--------------+--------------+


+------------------------------------------------------------------------------------------------+
; Fitter Device Options                                                                          ;
+------------------------------------------------------------------+-----------------------------+
; Option                                                           ; Setting                     ;
+------------------------------------------------------------------+-----------------------------+
; Enable user-supplied start-up clock (CLKUSR)                     ; Off                         ;
; Enable device-wide reset (DEV_CLRn)                              ; Off                         ;
; Enable device-wide output enable (DEV_OE)                        ; Off                         ;
; Enable INIT_DONE output                                          ; Off                         ;
; Configuration scheme                                             ; Passive Serial              ;
; Enable Error Detection CRC_ERROR pin                             ; Off                         ;
; Enable CvP_CONFDONE pin                                          ; Off                         ;
; Enable open drain on CRC_ERROR pin                               ; On                          ;
; Enable open drain on CvP_CONFDONE pin                            ; On                          ;
; Enable open drain on INIT_DONE pin                               ; On                          ;
; Enable open drain on Partial Reconfiguration pins                ; Off                         ;
; Enable open drain on nCEO pin                                    ; On                          ;
; Enable Partial Reconfiguration pins                              ; Off                         ;
; Enable input tri-state on active configuration pins in user mode ; Off                         ;
; Enable internal scrubbing                                        ; Off                         ;
; Active Serial clock source                                       ; 100 MHz Internal Oscillator ;
; Device initialization clock source                               ; Internal Oscillator         ;
; Configuration via Protocol                                       ; Off                         ;
; Configuration Voltage Level                                      ; Auto                        ;
; Force Configuration Voltage Level                                ; Off                         ;
; Enable nCEO output                                               ; Off                         ;
; Data[15..8]                                                      ; Unreserved                  ;
; Data[7..5]                                                       ; Unreserved                  ;
; Base pin-out file on sameframe device                            ; Off                         ;
+------------------------------------------------------------------+-----------------------------+


+------------------------------------+
; Operating Settings and Conditions  ;
+---------------------------+--------+
; Setting                   ; Value  ;
+---------------------------+--------+
; Nominal Core Voltage      ; 1.10 V ;
; Low Junction Temperature  ; 0 °C   ;
; High Junction Temperature ; 85 °C  ;
+---------------------------+--------+


+--------------------------------------------------------------------+
; Estimated Delay Added for Hold Timing Summary                      ;
+-------------------------+----------------------+-------------------+
; Source Clock(s)         ; Destination Clock(s) ; Delay Added in ns ;
+-------------------------+----------------------+-------------------+
; altera_reserved_tck     ; altera_reserved_tck  ; 190.0             ;
; altera_reserved_tck,I/O ; altera_reserved_tck  ; 15.7              ;
+-------------------------+----------------------+-------------------+
Note: For more information on problematic transfers, consider running the Fitter again with the Optimize hold timing option (Settings Menu) turned off.
This will disable optimization of problematic paths and expose them for further analysis using the Timing Analyzer.


+------------------------------------------------------------------------------------------------------------------------------------------------------------------------------------------------------------------------------------------------------------------------------------------------------------------------------------------------------------------------------------------------------------------------------------------------------------------------------------------------------------------------------------------------------------------------------------------------------------------------------------------------------------------------------------------------------------------------------------------------------------------------------+
; Estimated Delay Added for Hold Timing Details                                                                                                                                                                                                                                                                                                                                                                                                                                                                                                                                                                                                                                                                                                                                ;
+---------------------------------------------------------------------------------------------------------------------------------------------------------------------------------------------------------------------------------------------------------------------------------------------------------------------------------------------------------------------------------------------------+------------------------------------------------------------------------------------------------------------------------------------------------------------------------------------------------------------------------------------------------------------------------------------------------------------------------------------------------------+-------------------+
; Source Register                                                                                                                                                                                                                                                                                                                                                                                   ; Destination Register                                                                                                                                                                                                                                                                                                                                 ; Delay Added in ns ;
+---------------------------------------------------------------------------------------------------------------------------------------------------------------------------------------------------------------------------------------------------------------------------------------------------------------------------------------------------------------------------------------------------+------------------------------------------------------------------------------------------------------------------------------------------------------------------------------------------------------------------------------------------------------------------------------------------------------------------------------------------------------+-------------------+
; system:u_system|system_jtag_uart_0:jtag_uart_0|alt_jtag_atlantic:system_jtag_uart_0_alt_jtag_atlantic|count[1]                                                                                                                                                                                                                                                                                    ; system:u_system|system_jtag_uart_0:jtag_uart_0|alt_jtag_atlantic:system_jtag_uart_0_alt_jtag_atlantic|td_shift[1]                                                                                                                                                                                                                                    ; 1.844             ;
; system:u_system|system_jtag_uart_0:jtag_uart_0|alt_jtag_atlantic:system_jtag_uart_0_alt_jtag_atlantic|td_shift[9]                                                                                                                                                                                                                                                                                 ; system:u_system|system_jtag_uart_0:jtag_uart_0|alt_jtag_atlantic:system_jtag_uart_0_alt_jtag_atlantic|td_shift[1]                                                                                                                                                                                                                                    ; 1.811             ;
; system:u_system|system_jtag_uart_0:jtag_uart_0|alt_jtag_atlantic:system_jtag_uart_0_alt_jtag_atlantic|user_saw_rvalid                                                                                                                                                                                                                                                                             ; system:u_system|system_jtag_uart_0:jtag_uart_0|alt_jtag_atlantic:system_jtag_uart_0_alt_jtag_atlantic|td_shift[1]                                                                                                                                                                                                                                    ; 1.672             ;
; sld_hub:auto_hub|alt_sld_fab_with_jtag_input:\instrumentation_fabric_with_node_gen:fabric_gen_new_way:with_jtag_input_gen:instrumentation_fabric|alt_sld_fab:instrumentation_fabric|alt_sld_fab_alt_sld_fab:alt_sld_fab|alt_sld_fab_alt_sld_fab_sldfabric:sldfabric|sld_jtag_hub:\jtag_hub_gen:real_sld_jtag_hub|irf_reg[1][0]                                                                    ; system:u_system|system_jtag_uart_0:jtag_uart_0|alt_jtag_atlantic:system_jtag_uart_0_alt_jtag_atlantic|td_shift[1]                                                                                                                                                                                                                                    ; 1.460             ;
; sld_hub:auto_hub|alt_sld_fab_with_jtag_input:\instrumentation_fabric_with_node_gen:fabric_gen_new_way:with_jtag_input_gen:instrumentation_fabric|alt_sld_fab:instrumentation_fabric|alt_sld_fab_alt_sld_fab:alt_sld_fab|splitter_nodes_receive_1[3]                                                                                                                                               ; system:u_system|system_nios2_gen2_0:nios2_gen2_0|system_nios2_gen2_0_cpu:cpu|system_nios2_gen2_0_cpu_nios2_oci:the_system_nios2_gen2_0_cpu_nios2_oci|system_nios2_gen2_0_cpu_debug_slave_wrapper:the_system_nios2_gen2_0_cpu_debug_slave_wrapper|system_nios2_gen2_0_cpu_debug_slave_tck:the_system_nios2_gen2_0_cpu_debug_slave_tck|sr[7]           ; 1.410             ;
; system:u_system|system_jtag_uart_0:jtag_uart_0|alt_jtag_atlantic:system_jtag_uart_0_alt_jtag_atlantic|count[9]                                                                                                                                                                                                                                                                                    ; system:u_system|system_jtag_uart_0:jtag_uart_0|alt_jtag_atlantic:system_jtag_uart_0_alt_jtag_atlantic|td_shift[1]                                                                                                                                                                                                                                    ; 1.362             ;
; sld_hub:auto_hub|alt_sld_fab_with_jtag_input:\instrumentation_fabric_with_node_gen:fabric_gen_new_way:with_jtag_input_gen:instrumentation_fabric|alt_sld_fab:instrumentation_fabric|alt_sld_fab_alt_sld_fab:alt_sld_fab|alt_sld_fab_alt_sld_fab_sldfabric:sldfabric|sld_jtag_hub:\jtag_hub_gen:real_sld_jtag_hub|sld_rom_sr:hub_info_reg|word_counter[3]                                          ; sld_hub:auto_hub|alt_sld_fab_with_jtag_input:\instrumentation_fabric_with_node_gen:fabric_gen_new_way:with_jtag_input_gen:instrumentation_fabric|alt_sld_fab:instrumentation_fabric|alt_sld_fab_alt_sld_fab:alt_sld_fab|alt_sld_fab_alt_sld_fab_sldfabric:sldfabric|sld_jtag_hub:\jtag_hub_gen:real_sld_jtag_hub|sld_rom_sr:hub_info_reg|WORD_SR[2]  ; 1.261             ;
; sld_hub:auto_hub|alt_sld_fab_with_jtag_input:\instrumentation_fabric_with_node_gen:fabric_gen_new_way:with_jtag_input_gen:instrumentation_fabric|alt_sld_fab:instrumentation_fabric|alt_sld_fab_alt_sld_fab:alt_sld_fab|alt_sld_fab_alt_sld_fab_sldfabric:sldfabric|sld_jtag_hub:\jtag_hub_gen:real_sld_jtag_hub|sld_shadow_jsm:shadow_jsm|state[4]                                               ; system:u_system|system_nios2_gen2_0:nios2_gen2_0|system_nios2_gen2_0_cpu:cpu|system_nios2_gen2_0_cpu_nios2_oci:the_system_nios2_gen2_0_cpu_nios2_oci|system_nios2_gen2_0_cpu_debug_slave_wrapper:the_system_nios2_gen2_0_cpu_debug_slave_wrapper|system_nios2_gen2_0_cpu_debug_slave_tck:the_system_nios2_gen2_0_cpu_debug_slave_tck|sr[7]           ; 1.133             ;
; sld_hub:auto_hub|alt_sld_fab_with_jtag_input:\instrumentation_fabric_with_node_gen:fabric_gen_new_way:with_jtag_input_gen:instrumentation_fabric|alt_sld_fab:instrumentation_fabric|alt_sld_fab_alt_sld_fab:alt_sld_fab|alt_sld_fab_alt_sld_fab_sldfabric:sldfabric|sld_jtag_hub:\jtag_hub_gen:real_sld_jtag_hub|virtual_ir_scan_reg                                                              ; system:u_system|system_nios2_gen2_0:nios2_gen2_0|system_nios2_gen2_0_cpu:cpu|system_nios2_gen2_0_cpu_nios2_oci:the_system_nios2_gen2_0_cpu_nios2_oci|system_nios2_gen2_0_cpu_debug_slave_wrapper:the_system_nios2_gen2_0_cpu_debug_slave_wrapper|system_nios2_gen2_0_cpu_debug_slave_tck:the_system_nios2_gen2_0_cpu_debug_slave_tck|sr[7]           ; 1.131             ;
; system:u_system|system_nios2_gen2_0:nios2_gen2_0|system_nios2_gen2_0_cpu:cpu|system_nios2_gen2_0_cpu_nios2_oci:the_system_nios2_gen2_0_cpu_nios2_oci|system_nios2_gen2_0_cpu_debug_slave_wrapper:the_system_nios2_gen2_0_cpu_debug_slave_wrapper|system_nios2_gen2_0_cpu_debug_slave_tck:the_system_nios2_gen2_0_cpu_debug_slave_tck|DRsize.100                                                   ; system:u_system|system_nios2_gen2_0:nios2_gen2_0|system_nios2_gen2_0_cpu:cpu|system_nios2_gen2_0_cpu_nios2_oci:the_system_nios2_gen2_0_cpu_nios2_oci|system_nios2_gen2_0_cpu_debug_slave_wrapper:the_system_nios2_gen2_0_cpu_debug_slave_wrapper|system_nios2_gen2_0_cpu_debug_slave_tck:the_system_nios2_gen2_0_cpu_debug_slave_tck|sr[35]          ; 1.069             ;
; sld_hub:auto_hub|alt_sld_fab_with_jtag_input:\instrumentation_fabric_with_node_gen:fabric_gen_new_way:with_jtag_input_gen:instrumentation_fabric|alt_sld_fab:instrumentation_fabric|alt_sld_fab_alt_sld_fab:alt_sld_fab|alt_sld_fab_alt_sld_fab_sldfabric:sldfabric|sld_jtag_hub:\jtag_hub_gen:real_sld_jtag_hub|shadow_irf_reg[2][0]                                                             ; sld_hub:auto_hub|alt_sld_fab_with_jtag_input:\instrumentation_fabric_with_node_gen:fabric_gen_new_way:with_jtag_input_gen:instrumentation_fabric|alt_sld_fab:instrumentation_fabric|alt_sld_fab_alt_sld_fab:alt_sld_fab|alt_sld_fab_alt_sld_fab_sldfabric:sldfabric|sld_jtag_hub:\jtag_hub_gen:real_sld_jtag_hub|irf_reg[2][0]                       ; 1.040             ;
; sld_hub:auto_hub|alt_sld_fab_with_jtag_input:\instrumentation_fabric_with_node_gen:fabric_gen_new_way:with_jtag_input_gen:instrumentation_fabric|alt_sld_fab:instrumentation_fabric|alt_sld_fab_alt_sld_fab:alt_sld_fab|alt_sld_fab_alt_sld_fab_sldfabric:sldfabric|sld_jtag_hub:\jtag_hub_gen:real_sld_jtag_hub|sld_rom_sr:hub_info_reg|word_counter[1]                                          ; sld_hub:auto_hub|alt_sld_fab_with_jtag_input:\instrumentation_fabric_with_node_gen:fabric_gen_new_way:with_jtag_input_gen:instrumentation_fabric|alt_sld_fab:instrumentation_fabric|alt_sld_fab_alt_sld_fab:alt_sld_fab|alt_sld_fab_alt_sld_fab_sldfabric:sldfabric|sld_jtag_hub:\jtag_hub_gen:real_sld_jtag_hub|sld_rom_sr:hub_info_reg|WORD_SR[3]  ; 1.039             ;
; system:u_system|system_nios2_gen2_0:nios2_gen2_0|system_nios2_gen2_0_cpu:cpu|system_nios2_gen2_0_cpu_nios2_oci:the_system_nios2_gen2_0_cpu_nios2_oci|system_nios2_gen2_0_cpu_debug_slave_wrapper:the_system_nios2_gen2_0_cpu_debug_slave_wrapper|system_nios2_gen2_0_cpu_debug_slave_tck:the_system_nios2_gen2_0_cpu_debug_slave_tck|sr[36]                                                       ; system:u_system|system_nios2_gen2_0:nios2_gen2_0|system_nios2_gen2_0_cpu:cpu|system_nios2_gen2_0_cpu_nios2_oci:the_system_nios2_gen2_0_cpu_nios2_oci|system_nios2_gen2_0_cpu_debug_slave_wrapper:the_system_nios2_gen2_0_cpu_debug_slave_wrapper|system_nios2_gen2_0_cpu_debug_slave_tck:the_system_nios2_gen2_0_cpu_debug_slave_tck|sr[35]          ; 1.026             ;
; sld_hub:auto_hub|alt_sld_fab_with_jtag_input:\instrumentation_fabric_with_node_gen:fabric_gen_new_way:with_jtag_input_gen:instrumentation_fabric|alt_sld_fab:instrumentation_fabric|alt_sld_fab_alt_sld_fab:alt_sld_fab|alt_sld_fab_alt_sld_fab_sldfabric:sldfabric|sld_jtag_hub:\jtag_hub_gen:real_sld_jtag_hub|irsr_reg[6]                                                                      ; sld_hub:auto_hub|alt_sld_fab_with_jtag_input:\instrumentation_fabric_with_node_gen:fabric_gen_new_way:with_jtag_input_gen:instrumentation_fabric|alt_sld_fab:instrumentation_fabric|alt_sld_fab_alt_sld_fab:alt_sld_fab|splitter_nodes_receive_1[3]                                                                                                  ; 1.026             ;
; sld_hub:auto_hub|alt_sld_fab_with_jtag_input:\instrumentation_fabric_with_node_gen:fabric_gen_new_way:with_jtag_input_gen:instrumentation_fabric|alt_sld_fab:instrumentation_fabric|alt_sld_fab_alt_sld_fab:alt_sld_fab|alt_sld_fab_alt_sld_fab_sldfabric:sldfabric|sld_jtag_hub:\jtag_hub_gen:real_sld_jtag_hub|shadow_irf_reg[2][1]                                                             ; sld_hub:auto_hub|alt_sld_fab_with_jtag_input:\instrumentation_fabric_with_node_gen:fabric_gen_new_way:with_jtag_input_gen:instrumentation_fabric|alt_sld_fab:instrumentation_fabric|alt_sld_fab_alt_sld_fab:alt_sld_fab|alt_sld_fab_alt_sld_fab_sldfabric:sldfabric|sld_jtag_hub:\jtag_hub_gen:real_sld_jtag_hub|irf_reg[2][1]                       ; 1.025             ;
; sld_hub:auto_hub|alt_sld_fab_with_jtag_input:\instrumentation_fabric_with_node_gen:fabric_gen_new_way:with_jtag_input_gen:instrumentation_fabric|alt_sld_fab:instrumentation_fabric|alt_sld_fab_alt_sld_fab:alt_sld_fab|alt_sld_fab_alt_sld_fab_sldfabric:sldfabric|sld_jtag_hub:\jtag_hub_gen:real_sld_jtag_hub|sld_rom_sr:hub_info_reg|word_counter[0]                                          ; sld_hub:auto_hub|alt_sld_fab_with_jtag_input:\instrumentation_fabric_with_node_gen:fabric_gen_new_way:with_jtag_input_gen:instrumentation_fabric|alt_sld_fab:instrumentation_fabric|alt_sld_fab_alt_sld_fab:alt_sld_fab|alt_sld_fab_alt_sld_fab_sldfabric:sldfabric|sld_jtag_hub:\jtag_hub_gen:real_sld_jtag_hub|sld_rom_sr:hub_info_reg|WORD_SR[3]  ; 1.022             ;
; system:u_system|system_nios2_gen2_0:nios2_gen2_0|system_nios2_gen2_0_cpu:cpu|system_nios2_gen2_0_cpu_nios2_oci:the_system_nios2_gen2_0_cpu_nios2_oci|system_nios2_gen2_0_cpu_debug_slave_wrapper:the_system_nios2_gen2_0_cpu_debug_slave_wrapper|system_nios2_gen2_0_cpu_debug_slave_tck:the_system_nios2_gen2_0_cpu_debug_slave_tck|sr[7]                                                        ; system:u_system|system_nios2_gen2_0:nios2_gen2_0|system_nios2_gen2_0_cpu:cpu|system_nios2_gen2_0_cpu_nios2_oci:the_system_nios2_gen2_0_cpu_nios2_oci|system_nios2_gen2_0_cpu_debug_slave_wrapper:the_system_nios2_gen2_0_cpu_debug_slave_wrapper|system_nios2_gen2_0_cpu_debug_slave_tck:the_system_nios2_gen2_0_cpu_debug_slave_tck|sr[6]           ; 1.014             ;
; sld_hub:auto_hub|alt_sld_fab_with_jtag_input:\instrumentation_fabric_with_node_gen:fabric_gen_new_way:with_jtag_input_gen:instrumentation_fabric|alt_sld_fab:instrumentation_fabric|alt_sld_fab_alt_sld_fab:alt_sld_fab|alt_sld_fab_alt_sld_fab_sldfabric:sldfabric|sld_jtag_hub:\jtag_hub_gen:real_sld_jtag_hub|sld_rom_sr:hub_info_reg|word_counter[2]                                          ; sld_hub:auto_hub|alt_sld_fab_with_jtag_input:\instrumentation_fabric_with_node_gen:fabric_gen_new_way:with_jtag_input_gen:instrumentation_fabric|alt_sld_fab:instrumentation_fabric|alt_sld_fab_alt_sld_fab:alt_sld_fab|alt_sld_fab_alt_sld_fab_sldfabric:sldfabric|sld_jtag_hub:\jtag_hub_gen:real_sld_jtag_hub|sld_rom_sr:hub_info_reg|WORD_SR[1]  ; 1.012             ;
; system:u_system|system_nios2_gen2_0:nios2_gen2_0|system_nios2_gen2_0_cpu:cpu|system_nios2_gen2_0_cpu_nios2_oci:the_system_nios2_gen2_0_cpu_nios2_oci|system_nios2_gen2_0_cpu_debug_slave_wrapper:the_system_nios2_gen2_0_cpu_debug_slave_wrapper|system_nios2_gen2_0_cpu_debug_slave_tck:the_system_nios2_gen2_0_cpu_debug_slave_tck|sr[28]                                                       ; system:u_system|system_nios2_gen2_0:nios2_gen2_0|system_nios2_gen2_0_cpu:cpu|system_nios2_gen2_0_cpu_nios2_oci:the_system_nios2_gen2_0_cpu_nios2_oci|system_nios2_gen2_0_cpu_debug_slave_wrapper:the_system_nios2_gen2_0_cpu_debug_slave_wrapper|system_nios2_gen2_0_cpu_debug_slave_tck:the_system_nios2_gen2_0_cpu_debug_slave_tck|sr[27]          ; 0.997             ;
; system:u_system|system_nios2_gen2_0:nios2_gen2_0|system_nios2_gen2_0_cpu:cpu|system_nios2_gen2_0_cpu_nios2_oci:the_system_nios2_gen2_0_cpu_nios2_oci|system_nios2_gen2_0_cpu_debug_slave_wrapper:the_system_nios2_gen2_0_cpu_debug_slave_wrapper|system_nios2_gen2_0_cpu_debug_slave_tck:the_system_nios2_gen2_0_cpu_debug_slave_tck|sr[26]                                                       ; system:u_system|system_nios2_gen2_0:nios2_gen2_0|system_nios2_gen2_0_cpu:cpu|system_nios2_gen2_0_cpu_nios2_oci:the_system_nios2_gen2_0_cpu_nios2_oci|system_nios2_gen2_0_cpu_debug_slave_wrapper:the_system_nios2_gen2_0_cpu_debug_slave_wrapper|system_nios2_gen2_0_cpu_debug_slave_tck:the_system_nios2_gen2_0_cpu_debug_slave_tck|sr[25]          ; 0.996             ;
; sld_hub:auto_hub|alt_sld_fab_with_jtag_input:\instrumentation_fabric_with_node_gen:fabric_gen_new_way:with_jtag_input_gen:instrumentation_fabric|alt_sld_fab:instrumentation_fabric|alt_sld_fab_alt_sld_fab:alt_sld_fab|alt_sld_fab_alt_sld_fab_sldfabric:sldfabric|sld_jtag_hub:\jtag_hub_gen:real_sld_jtag_hub|sld_rom_sr:hub_info_reg|word_counter[4]                                          ; sld_hub:auto_hub|alt_sld_fab_with_jtag_input:\instrumentation_fabric_with_node_gen:fabric_gen_new_way:with_jtag_input_gen:instrumentation_fabric|alt_sld_fab:instrumentation_fabric|alt_sld_fab_alt_sld_fab:alt_sld_fab|alt_sld_fab_alt_sld_fab_sldfabric:sldfabric|sld_jtag_hub:\jtag_hub_gen:real_sld_jtag_hub|sld_rom_sr:hub_info_reg|WORD_SR[3]  ; 0.992             ;
; sld_hub:auto_hub|alt_sld_fab_with_jtag_input:\instrumentation_fabric_with_node_gen:fabric_gen_new_way:with_jtag_input_gen:instrumentation_fabric|alt_sld_fab:instrumentation_fabric|alt_sld_fab_alt_sld_fab:alt_sld_fab|alt_sld_fab_alt_sld_fab_sldfabric:sldfabric|sld_jtag_hub:\jtag_hub_gen:real_sld_jtag_hub|sld_shadow_jsm:shadow_jsm|state[3]                                               ; sld_hub:auto_hub|alt_sld_fab_with_jtag_input:\instrumentation_fabric_with_node_gen:fabric_gen_new_way:with_jtag_input_gen:instrumentation_fabric|alt_sld_fab:instrumentation_fabric|alt_sld_fab_alt_sld_fab:alt_sld_fab|alt_sld_fab_alt_sld_fab_sldfabric:sldfabric|sld_jtag_hub:\jtag_hub_gen:real_sld_jtag_hub|irsr_reg[3]                         ; 0.980             ;
; sld_hub:auto_hub|alt_sld_fab_with_jtag_input:\instrumentation_fabric_with_node_gen:fabric_gen_new_way:with_jtag_input_gen:instrumentation_fabric|alt_sld_fab:instrumentation_fabric|alt_sld_fab_alt_sld_fab:alt_sld_fab|alt_sld_fab_alt_sld_fab_sldfabric:sldfabric|sld_jtag_hub:\jtag_hub_gen:real_sld_jtag_hub|design_hash_reg[1]                                                               ; sld_hub:auto_hub|alt_sld_fab_with_jtag_input:\instrumentation_fabric_with_node_gen:fabric_gen_new_way:with_jtag_input_gen:instrumentation_fabric|alt_sld_fab:instrumentation_fabric|alt_sld_fab_alt_sld_fab:alt_sld_fab|alt_sld_fab_alt_sld_fab_sldfabric:sldfabric|sld_jtag_hub:\jtag_hub_gen:real_sld_jtag_hub|design_hash_reg[0]                  ; 0.979             ;
; system:u_system|system_jtag_uart_0:jtag_uart_0|alt_jtag_atlantic:system_jtag_uart_0_alt_jtag_atlantic|td_shift[5]                                                                                                                                                                                                                                                                                 ; system:u_system|system_jtag_uart_0:jtag_uart_0|alt_jtag_atlantic:system_jtag_uart_0_alt_jtag_atlantic|td_shift[4]                                                                                                                                                                                                                                    ; 0.976             ;
; system:u_system|system_jtag_uart_0:jtag_uart_0|alt_jtag_atlantic:system_jtag_uart_0_alt_jtag_atlantic|td_shift[8]                                                                                                                                                                                                                                                                                 ; system:u_system|system_jtag_uart_0:jtag_uart_0|alt_jtag_atlantic:system_jtag_uart_0_alt_jtag_atlantic|td_shift[7]                                                                                                                                                                                                                                    ; 0.975             ;
; system:u_system|system_nios2_gen2_0:nios2_gen2_0|system_nios2_gen2_0_cpu:cpu|system_nios2_gen2_0_cpu_nios2_oci:the_system_nios2_gen2_0_cpu_nios2_oci|system_nios2_gen2_0_cpu_debug_slave_wrapper:the_system_nios2_gen2_0_cpu_debug_slave_wrapper|system_nios2_gen2_0_cpu_debug_slave_tck:the_system_nios2_gen2_0_cpu_debug_slave_tck|sr[29]                                                       ; system:u_system|system_nios2_gen2_0:nios2_gen2_0|system_nios2_gen2_0_cpu:cpu|system_nios2_gen2_0_cpu_nios2_oci:the_system_nios2_gen2_0_cpu_nios2_oci|system_nios2_gen2_0_cpu_debug_slave_wrapper:the_system_nios2_gen2_0_cpu_debug_slave_wrapper|system_nios2_gen2_0_cpu_debug_slave_tck:the_system_nios2_gen2_0_cpu_debug_slave_tck|sr[28]          ; 0.974             ;
; system:u_system|system_nios2_gen2_0:nios2_gen2_0|system_nios2_gen2_0_cpu:cpu|system_nios2_gen2_0_cpu_nios2_oci:the_system_nios2_gen2_0_cpu_nios2_oci|system_nios2_gen2_0_cpu_debug_slave_wrapper:the_system_nios2_gen2_0_cpu_debug_slave_wrapper|system_nios2_gen2_0_cpu_debug_slave_tck:the_system_nios2_gen2_0_cpu_debug_slave_tck|sr[27]                                                       ; system:u_system|system_nios2_gen2_0:nios2_gen2_0|system_nios2_gen2_0_cpu:cpu|system_nios2_gen2_0_cpu_nios2_oci:the_system_nios2_gen2_0_cpu_nios2_oci|system_nios2_gen2_0_cpu_debug_slave_wrapper:the_system_nios2_gen2_0_cpu_debug_slave_wrapper|system_nios2_gen2_0_cpu_debug_slave_tck:the_system_nios2_gen2_0_cpu_debug_slave_tck|sr[26]          ; 0.974             ;
; sld_hub:auto_hub|alt_sld_fab_with_jtag_input:\instrumentation_fabric_with_node_gen:fabric_gen_new_way:with_jtag_input_gen:instrumentation_fabric|alt_sld_fab:instrumentation_fabric|alt_sld_fab_alt_sld_fab:alt_sld_fab|alt_sld_fab_alt_sld_fab_sldfabric:sldfabric|sld_jtag_hub:\jtag_hub_gen:real_sld_jtag_hub|irf_reg[2][0]                                                                    ; sld_hub:auto_hub|alt_sld_fab_with_jtag_input:\instrumentation_fabric_with_node_gen:fabric_gen_new_way:with_jtag_input_gen:instrumentation_fabric|alt_sld_fab:instrumentation_fabric|alt_sld_fab_alt_sld_fab:alt_sld_fab|alt_sld_fab_alt_sld_fab_sldfabric:sldfabric|sld_jtag_hub:\jtag_hub_gen:real_sld_jtag_hub|shadow_irf_reg[2][0]                ; 0.974             ;
; sld_hub:auto_hub|alt_sld_fab_with_jtag_input:\instrumentation_fabric_with_node_gen:fabric_gen_new_way:with_jtag_input_gen:instrumentation_fabric|alt_sld_fab:instrumentation_fabric|alt_sld_fab_alt_sld_fab:alt_sld_fab|alt_sld_fab_alt_sld_fab_sldfabric:sldfabric|sld_jtag_hub:\jtag_hub_gen:real_sld_jtag_hub|design_hash_reg[2]                                                               ; sld_hub:auto_hub|alt_sld_fab_with_jtag_input:\instrumentation_fabric_with_node_gen:fabric_gen_new_way:with_jtag_input_gen:instrumentation_fabric|alt_sld_fab:instrumentation_fabric|alt_sld_fab_alt_sld_fab:alt_sld_fab|alt_sld_fab_alt_sld_fab_sldfabric:sldfabric|sld_jtag_hub:\jtag_hub_gen:real_sld_jtag_hub|design_hash_reg[1]                  ; 0.963             ;
; sld_hub:auto_hub|alt_sld_fab_with_jtag_input:\instrumentation_fabric_with_node_gen:fabric_gen_new_way:with_jtag_input_gen:instrumentation_fabric|alt_sld_fab:instrumentation_fabric|alt_sld_fab_alt_sld_fab:alt_sld_fab|alt_sld_fab_alt_sld_fab_sldfabric:sldfabric|sld_jtag_hub:\jtag_hub_gen:real_sld_jtag_hub|irf_reg[2][1]                                                                    ; sld_hub:auto_hub|alt_sld_fab_with_jtag_input:\instrumentation_fabric_with_node_gen:fabric_gen_new_way:with_jtag_input_gen:instrumentation_fabric|alt_sld_fab:instrumentation_fabric|alt_sld_fab_alt_sld_fab:alt_sld_fab|alt_sld_fab_alt_sld_fab_sldfabric:sldfabric|sld_jtag_hub:\jtag_hub_gen:real_sld_jtag_hub|shadow_irf_reg[2][1]                ; 0.960             ;
; system:u_system|system_nios2_gen2_0:nios2_gen2_0|system_nios2_gen2_0_cpu:cpu|system_nios2_gen2_0_cpu_nios2_oci:the_system_nios2_gen2_0_cpu_nios2_oci|system_nios2_gen2_0_cpu_debug_slave_wrapper:the_system_nios2_gen2_0_cpu_debug_slave_wrapper|system_nios2_gen2_0_cpu_debug_slave_tck:the_system_nios2_gen2_0_cpu_debug_slave_tck|sr[2]                                                        ; system:u_system|system_nios2_gen2_0:nios2_gen2_0|system_nios2_gen2_0_cpu:cpu|system_nios2_gen2_0_cpu_nios2_oci:the_system_nios2_gen2_0_cpu_nios2_oci|system_nios2_gen2_0_cpu_debug_slave_wrapper:the_system_nios2_gen2_0_cpu_debug_slave_wrapper|system_nios2_gen2_0_cpu_debug_slave_tck:the_system_nios2_gen2_0_cpu_debug_slave_tck|sr[1]           ; 0.950             ;
; system:u_system|system_nios2_gen2_0:nios2_gen2_0|system_nios2_gen2_0_cpu:cpu|system_nios2_gen2_0_cpu_nios2_oci:the_system_nios2_gen2_0_cpu_nios2_oci|system_nios2_gen2_0_cpu_debug_slave_wrapper:the_system_nios2_gen2_0_cpu_debug_slave_wrapper|system_nios2_gen2_0_cpu_debug_slave_tck:the_system_nios2_gen2_0_cpu_debug_slave_tck|sr[6]                                                        ; system:u_system|system_nios2_gen2_0:nios2_gen2_0|system_nios2_gen2_0_cpu:cpu|system_nios2_gen2_0_cpu_nios2_oci:the_system_nios2_gen2_0_cpu_nios2_oci|system_nios2_gen2_0_cpu_debug_slave_wrapper:the_system_nios2_gen2_0_cpu_debug_slave_wrapper|system_nios2_gen2_0_cpu_debug_slave_tck:the_system_nios2_gen2_0_cpu_debug_slave_tck|sr[5]           ; 0.950             ;
; sld_hub:auto_hub|alt_sld_fab_with_jtag_input:\instrumentation_fabric_with_node_gen:fabric_gen_new_way:with_jtag_input_gen:instrumentation_fabric|alt_sld_fab:instrumentation_fabric|alt_sld_fab_alt_sld_fab:alt_sld_fab|alt_sld_fab_alt_sld_fab_sldfabric:sldfabric|sld_jtag_hub:\jtag_hub_gen:real_sld_jtag_hub|irsr_reg[4]                                                                      ; sld_hub:auto_hub|alt_sld_fab_with_jtag_input:\instrumentation_fabric_with_node_gen:fabric_gen_new_way:with_jtag_input_gen:instrumentation_fabric|alt_sld_fab:instrumentation_fabric|alt_sld_fab_alt_sld_fab:alt_sld_fab|alt_sld_fab_alt_sld_fab_sldfabric:sldfabric|sld_jtag_hub:\jtag_hub_gen:real_sld_jtag_hub|irsr_reg[1]                         ; 0.945             ;
; sld_hub:auto_hub|alt_sld_fab_with_jtag_input:\instrumentation_fabric_with_node_gen:fabric_gen_new_way:with_jtag_input_gen:instrumentation_fabric|alt_sld_fab:instrumentation_fabric|alt_sld_fab_alt_sld_fab:alt_sld_fab|alt_sld_fab_alt_sld_fab_sldfabric:sldfabric|sld_jtag_hub:\jtag_hub_gen:real_sld_jtag_hub|jtag_ir_reg[1]                                                                   ; sld_hub:auto_hub|alt_sld_fab_with_jtag_input:\instrumentation_fabric_with_node_gen:fabric_gen_new_way:with_jtag_input_gen:instrumentation_fabric|alt_sld_fab:instrumentation_fabric|alt_sld_fab_alt_sld_fab:alt_sld_fab|alt_sld_fab_alt_sld_fab_sldfabric:sldfabric|sld_jtag_hub:\jtag_hub_gen:real_sld_jtag_hub|jtag_ir_reg[0]                      ; 0.944             ;
; system:u_system|system_nios2_gen2_0:nios2_gen2_0|system_nios2_gen2_0_cpu:cpu|system_nios2_gen2_0_cpu_nios2_oci:the_system_nios2_gen2_0_cpu_nios2_oci|system_nios2_gen2_0_cpu_debug_slave_wrapper:the_system_nios2_gen2_0_cpu_debug_slave_wrapper|system_nios2_gen2_0_cpu_debug_slave_tck:the_system_nios2_gen2_0_cpu_debug_slave_tck|sr[4]                                                        ; system:u_system|system_nios2_gen2_0:nios2_gen2_0|system_nios2_gen2_0_cpu:cpu|system_nios2_gen2_0_cpu_nios2_oci:the_system_nios2_gen2_0_cpu_nios2_oci|system_nios2_gen2_0_cpu_debug_slave_wrapper:the_system_nios2_gen2_0_cpu_debug_slave_wrapper|system_nios2_gen2_0_cpu_debug_slave_tck:the_system_nios2_gen2_0_cpu_debug_slave_tck|sr[3]           ; 0.943             ;
; system:u_system|system_nios2_gen2_0:nios2_gen2_0|system_nios2_gen2_0_cpu:cpu|system_nios2_gen2_0_cpu_nios2_oci:the_system_nios2_gen2_0_cpu_nios2_oci|system_nios2_gen2_0_cpu_debug_slave_wrapper:the_system_nios2_gen2_0_cpu_debug_slave_wrapper|system_nios2_gen2_0_cpu_debug_slave_tck:the_system_nios2_gen2_0_cpu_debug_slave_tck|altera_std_synchronizer:the_altera_std_synchronizer2|dreg[0] ; system:u_system|system_nios2_gen2_0:nios2_gen2_0|system_nios2_gen2_0_cpu:cpu|system_nios2_gen2_0_cpu_nios2_oci:the_system_nios2_gen2_0_cpu_nios2_oci|system_nios2_gen2_0_cpu_debug_slave_wrapper:the_system_nios2_gen2_0_cpu_debug_slave_wrapper|system_nios2_gen2_0_cpu_debug_slave_tck:the_system_nios2_gen2_0_cpu_debug_slave_tck|sr[0]           ; 0.937             ;
; system:u_system|system_nios2_gen2_0:nios2_gen2_0|system_nios2_gen2_0_cpu:cpu|system_nios2_gen2_0_cpu_nios2_oci:the_system_nios2_gen2_0_cpu_nios2_oci|system_nios2_gen2_0_cpu_debug_slave_wrapper:the_system_nios2_gen2_0_cpu_debug_slave_wrapper|system_nios2_gen2_0_cpu_debug_slave_tck:the_system_nios2_gen2_0_cpu_debug_slave_tck|sr[3]                                                        ; system:u_system|system_nios2_gen2_0:nios2_gen2_0|system_nios2_gen2_0_cpu:cpu|system_nios2_gen2_0_cpu_nios2_oci:the_system_nios2_gen2_0_cpu_nios2_oci|system_nios2_gen2_0_cpu_debug_slave_wrapper:the_system_nios2_gen2_0_cpu_debug_slave_wrapper|system_nios2_gen2_0_cpu_debug_slave_tck:the_system_nios2_gen2_0_cpu_debug_slave_tck|sr[2]           ; 0.935             ;
; system:u_system|system_nios2_gen2_0:nios2_gen2_0|system_nios2_gen2_0_cpu:cpu|system_nios2_gen2_0_cpu_nios2_oci:the_system_nios2_gen2_0_cpu_nios2_oci|system_nios2_gen2_0_cpu_debug_slave_wrapper:the_system_nios2_gen2_0_cpu_debug_slave_wrapper|system_nios2_gen2_0_cpu_debug_slave_tck:the_system_nios2_gen2_0_cpu_debug_slave_tck|sr[5]                                                        ; system:u_system|system_nios2_gen2_0:nios2_gen2_0|system_nios2_gen2_0_cpu:cpu|system_nios2_gen2_0_cpu_nios2_oci:the_system_nios2_gen2_0_cpu_nios2_oci|system_nios2_gen2_0_cpu_debug_slave_wrapper:the_system_nios2_gen2_0_cpu_debug_slave_wrapper|system_nios2_gen2_0_cpu_debug_slave_tck:the_system_nios2_gen2_0_cpu_debug_slave_tck|sr[4]           ; 0.935             ;
; sld_hub:auto_hub|alt_sld_fab_with_jtag_input:\instrumentation_fabric_with_node_gen:fabric_gen_new_way:with_jtag_input_gen:instrumentation_fabric|alt_sld_fab:instrumentation_fabric|alt_sld_fab_alt_sld_fab:alt_sld_fab|alt_sld_fab_alt_sld_fab_sldfabric:sldfabric|sld_jtag_hub:\jtag_hub_gen:real_sld_jtag_hub|jtag_ir_reg[3]                                                                   ; sld_hub:auto_hub|alt_sld_fab_with_jtag_input:\instrumentation_fabric_with_node_gen:fabric_gen_new_way:with_jtag_input_gen:instrumentation_fabric|alt_sld_fab:instrumentation_fabric|alt_sld_fab_alt_sld_fab:alt_sld_fab|alt_sld_fab_alt_sld_fab_sldfabric:sldfabric|sld_jtag_hub:\jtag_hub_gen:real_sld_jtag_hub|jtag_ir_reg[2]                      ; 0.932             ;
; system:u_system|system_nios2_gen2_0:nios2_gen2_0|system_nios2_gen2_0_cpu:cpu|system_nios2_gen2_0_cpu_nios2_oci:the_system_nios2_gen2_0_cpu_nios2_oci|system_nios2_gen2_0_cpu_debug_slave_wrapper:the_system_nios2_gen2_0_cpu_debug_slave_wrapper|system_nios2_gen2_0_cpu_debug_slave_tck:the_system_nios2_gen2_0_cpu_debug_slave_tck|sr[13]                                                       ; system:u_system|system_nios2_gen2_0:nios2_gen2_0|system_nios2_gen2_0_cpu:cpu|system_nios2_gen2_0_cpu_nios2_oci:the_system_nios2_gen2_0_cpu_nios2_oci|system_nios2_gen2_0_cpu_debug_slave_wrapper:the_system_nios2_gen2_0_cpu_debug_slave_wrapper|system_nios2_gen2_0_cpu_debug_slave_tck:the_system_nios2_gen2_0_cpu_debug_slave_tck|sr[12]          ; 0.931             ;
; system:u_system|system_nios2_gen2_0:nios2_gen2_0|system_nios2_gen2_0_cpu:cpu|system_nios2_gen2_0_cpu_nios2_oci:the_system_nios2_gen2_0_cpu_nios2_oci|system_nios2_gen2_0_cpu_debug_slave_wrapper:the_system_nios2_gen2_0_cpu_debug_slave_wrapper|system_nios2_gen2_0_cpu_debug_slave_tck:the_system_nios2_gen2_0_cpu_debug_slave_tck|sr[9]                                                        ; system:u_system|system_nios2_gen2_0:nios2_gen2_0|system_nios2_gen2_0_cpu:cpu|system_nios2_gen2_0_cpu_nios2_oci:the_system_nios2_gen2_0_cpu_nios2_oci|system_nios2_gen2_0_cpu_debug_slave_wrapper:the_system_nios2_gen2_0_cpu_debug_slave_wrapper|system_nios2_gen2_0_cpu_debug_slave_tck:the_system_nios2_gen2_0_cpu_debug_slave_tck|sr[8]           ; 0.931             ;
; system:u_system|system_nios2_gen2_0:nios2_gen2_0|system_nios2_gen2_0_cpu:cpu|system_nios2_gen2_0_cpu_nios2_oci:the_system_nios2_gen2_0_cpu_nios2_oci|system_nios2_gen2_0_cpu_debug_slave_wrapper:the_system_nios2_gen2_0_cpu_debug_slave_wrapper|system_nios2_gen2_0_cpu_debug_slave_tck:the_system_nios2_gen2_0_cpu_debug_slave_tck|sr[11]                                                       ; system:u_system|system_nios2_gen2_0:nios2_gen2_0|system_nios2_gen2_0_cpu:cpu|system_nios2_gen2_0_cpu_nios2_oci:the_system_nios2_gen2_0_cpu_nios2_oci|system_nios2_gen2_0_cpu_debug_slave_wrapper:the_system_nios2_gen2_0_cpu_debug_slave_wrapper|system_nios2_gen2_0_cpu_debug_slave_tck:the_system_nios2_gen2_0_cpu_debug_slave_tck|sr[10]          ; 0.931             ;
; system:u_system|system_nios2_gen2_0:nios2_gen2_0|system_nios2_gen2_0_cpu:cpu|system_nios2_gen2_0_cpu_nios2_oci:the_system_nios2_gen2_0_cpu_nios2_oci|system_nios2_gen2_0_cpu_debug_slave_wrapper:the_system_nios2_gen2_0_cpu_debug_slave_wrapper|system_nios2_gen2_0_cpu_debug_slave_tck:the_system_nios2_gen2_0_cpu_debug_slave_tck|sr[20]                                                       ; system:u_system|system_nios2_gen2_0:nios2_gen2_0|system_nios2_gen2_0_cpu:cpu|system_nios2_gen2_0_cpu_nios2_oci:the_system_nios2_gen2_0_cpu_nios2_oci|system_nios2_gen2_0_cpu_debug_slave_wrapper:the_system_nios2_gen2_0_cpu_debug_slave_wrapper|system_nios2_gen2_0_cpu_debug_slave_tck:the_system_nios2_gen2_0_cpu_debug_slave_tck|sr[19]          ; 0.931             ;
; system:u_system|system_nios2_gen2_0:nios2_gen2_0|system_nios2_gen2_0_cpu:cpu|system_nios2_gen2_0_cpu_nios2_oci:the_system_nios2_gen2_0_cpu_nios2_oci|system_nios2_gen2_0_cpu_debug_slave_wrapper:the_system_nios2_gen2_0_cpu_debug_slave_wrapper|system_nios2_gen2_0_cpu_debug_slave_tck:the_system_nios2_gen2_0_cpu_debug_slave_tck|sr[30]                                                       ; system:u_system|system_nios2_gen2_0:nios2_gen2_0|system_nios2_gen2_0_cpu:cpu|system_nios2_gen2_0_cpu_nios2_oci:the_system_nios2_gen2_0_cpu_nios2_oci|system_nios2_gen2_0_cpu_debug_slave_wrapper:the_system_nios2_gen2_0_cpu_debug_slave_wrapper|system_nios2_gen2_0_cpu_debug_slave_tck:the_system_nios2_gen2_0_cpu_debug_slave_tck|sr[29]          ; 0.931             ;
; system:u_system|system_nios2_gen2_0:nios2_gen2_0|system_nios2_gen2_0_cpu:cpu|system_nios2_gen2_0_cpu_nios2_oci:the_system_nios2_gen2_0_cpu_nios2_oci|system_nios2_gen2_0_cpu_debug_slave_wrapper:the_system_nios2_gen2_0_cpu_debug_slave_wrapper|system_nios2_gen2_0_cpu_debug_slave_tck:the_system_nios2_gen2_0_cpu_debug_slave_tck|sr[22]                                                       ; system:u_system|system_nios2_gen2_0:nios2_gen2_0|system_nios2_gen2_0_cpu:cpu|system_nios2_gen2_0_cpu_nios2_oci:the_system_nios2_gen2_0_cpu_nios2_oci|system_nios2_gen2_0_cpu_debug_slave_wrapper:the_system_nios2_gen2_0_cpu_debug_slave_wrapper|system_nios2_gen2_0_cpu_debug_slave_tck:the_system_nios2_gen2_0_cpu_debug_slave_tck|sr[21]          ; 0.931             ;
; sld_hub:auto_hub|alt_sld_fab_with_jtag_input:\instrumentation_fabric_with_node_gen:fabric_gen_new_way:with_jtag_input_gen:instrumentation_fabric|alt_sld_fab:instrumentation_fabric|alt_sld_fab_alt_sld_fab:alt_sld_fab|alt_sld_fab_alt_sld_fab_sldfabric:sldfabric|sld_jtag_hub:\jtag_hub_gen:real_sld_jtag_hub|irsr_reg[3]                                                                      ; sld_hub:auto_hub|alt_sld_fab_with_jtag_input:\instrumentation_fabric_with_node_gen:fabric_gen_new_way:with_jtag_input_gen:instrumentation_fabric|alt_sld_fab:instrumentation_fabric|alt_sld_fab_alt_sld_fab:alt_sld_fab|alt_sld_fab_alt_sld_fab_sldfabric:sldfabric|sld_jtag_hub:\jtag_hub_gen:real_sld_jtag_hub|irsr_reg[2]                         ; 0.926             ;
; system:u_system|system_nios2_gen2_0:nios2_gen2_0|system_nios2_gen2_0_cpu:cpu|system_nios2_gen2_0_cpu_nios2_oci:the_system_nios2_gen2_0_cpu_nios2_oci|system_nios2_gen2_0_cpu_debug_slave_wrapper:the_system_nios2_gen2_0_cpu_debug_slave_wrapper|system_nios2_gen2_0_cpu_debug_slave_tck:the_system_nios2_gen2_0_cpu_debug_slave_tck|sr[18]                                                       ; system:u_system|system_nios2_gen2_0:nios2_gen2_0|system_nios2_gen2_0_cpu:cpu|system_nios2_gen2_0_cpu_nios2_oci:the_system_nios2_gen2_0_cpu_nios2_oci|system_nios2_gen2_0_cpu_debug_slave_wrapper:the_system_nios2_gen2_0_cpu_debug_slave_wrapper|system_nios2_gen2_0_cpu_debug_slave_tck:the_system_nios2_gen2_0_cpu_debug_slave_tck|sr[17]          ; 0.924             ;
; sld_hub:auto_hub|alt_sld_fab_with_jtag_input:\instrumentation_fabric_with_node_gen:fabric_gen_new_way:with_jtag_input_gen:instrumentation_fabric|alt_sld_fab:instrumentation_fabric|alt_sld_fab_alt_sld_fab:alt_sld_fab|alt_sld_fab_alt_sld_fab_sldfabric:sldfabric|sld_jtag_hub:\jtag_hub_gen:real_sld_jtag_hub|hub_minor_ver_reg[1]                                                             ; sld_hub:auto_hub|alt_sld_fab_with_jtag_input:\instrumentation_fabric_with_node_gen:fabric_gen_new_way:with_jtag_input_gen:instrumentation_fabric|alt_sld_fab:instrumentation_fabric|alt_sld_fab_alt_sld_fab:alt_sld_fab|alt_sld_fab_alt_sld_fab_sldfabric:sldfabric|sld_jtag_hub:\jtag_hub_gen:real_sld_jtag_hub|hub_minor_ver_reg[0]                ; 0.918             ;
; system:u_system|system_nios2_gen2_0:nios2_gen2_0|system_nios2_gen2_0_cpu:cpu|system_nios2_gen2_0_cpu_nios2_oci:the_system_nios2_gen2_0_cpu_nios2_oci|system_nios2_gen2_0_cpu_debug_slave_wrapper:the_system_nios2_gen2_0_cpu_debug_slave_wrapper|system_nios2_gen2_0_cpu_debug_slave_tck:the_system_nios2_gen2_0_cpu_debug_slave_tck|sr[14]                                                       ; system:u_system|system_nios2_gen2_0:nios2_gen2_0|system_nios2_gen2_0_cpu:cpu|system_nios2_gen2_0_cpu_nios2_oci:the_system_nios2_gen2_0_cpu_nios2_oci|system_nios2_gen2_0_cpu_debug_slave_wrapper:the_system_nios2_gen2_0_cpu_debug_slave_wrapper|system_nios2_gen2_0_cpu_debug_slave_tck:the_system_nios2_gen2_0_cpu_debug_slave_tck|sr[13]          ; 0.916             ;
; system:u_system|system_nios2_gen2_0:nios2_gen2_0|system_nios2_gen2_0_cpu:cpu|system_nios2_gen2_0_cpu_nios2_oci:the_system_nios2_gen2_0_cpu_nios2_oci|system_nios2_gen2_0_cpu_debug_slave_wrapper:the_system_nios2_gen2_0_cpu_debug_slave_wrapper|system_nios2_gen2_0_cpu_debug_slave_tck:the_system_nios2_gen2_0_cpu_debug_slave_tck|sr[12]                                                       ; system:u_system|system_nios2_gen2_0:nios2_gen2_0|system_nios2_gen2_0_cpu:cpu|system_nios2_gen2_0_cpu_nios2_oci:the_system_nios2_gen2_0_cpu_nios2_oci|system_nios2_gen2_0_cpu_debug_slave_wrapper:the_system_nios2_gen2_0_cpu_debug_slave_wrapper|system_nios2_gen2_0_cpu_debug_slave_tck:the_system_nios2_gen2_0_cpu_debug_slave_tck|sr[11]          ; 0.916             ;
; system:u_system|system_nios2_gen2_0:nios2_gen2_0|system_nios2_gen2_0_cpu:cpu|system_nios2_gen2_0_cpu_nios2_oci:the_system_nios2_gen2_0_cpu_nios2_oci|system_nios2_gen2_0_cpu_debug_slave_wrapper:the_system_nios2_gen2_0_cpu_debug_slave_wrapper|system_nios2_gen2_0_cpu_debug_slave_tck:the_system_nios2_gen2_0_cpu_debug_slave_tck|sr[10]                                                       ; system:u_system|system_nios2_gen2_0:nios2_gen2_0|system_nios2_gen2_0_cpu:cpu|system_nios2_gen2_0_cpu_nios2_oci:the_system_nios2_gen2_0_cpu_nios2_oci|system_nios2_gen2_0_cpu_debug_slave_wrapper:the_system_nios2_gen2_0_cpu_debug_slave_wrapper|system_nios2_gen2_0_cpu_debug_slave_tck:the_system_nios2_gen2_0_cpu_debug_slave_tck|sr[9]           ; 0.916             ;
; system:u_system|system_nios2_gen2_0:nios2_gen2_0|system_nios2_gen2_0_cpu:cpu|system_nios2_gen2_0_cpu_nios2_oci:the_system_nios2_gen2_0_cpu_nios2_oci|system_nios2_gen2_0_cpu_debug_slave_wrapper:the_system_nios2_gen2_0_cpu_debug_slave_wrapper|system_nios2_gen2_0_cpu_debug_slave_tck:the_system_nios2_gen2_0_cpu_debug_slave_tck|sr[17]                                                       ; system:u_system|system_nios2_gen2_0:nios2_gen2_0|system_nios2_gen2_0_cpu:cpu|system_nios2_gen2_0_cpu_nios2_oci:the_system_nios2_gen2_0_cpu_nios2_oci|system_nios2_gen2_0_cpu_debug_slave_wrapper:the_system_nios2_gen2_0_cpu_debug_slave_wrapper|system_nios2_gen2_0_cpu_debug_slave_tck:the_system_nios2_gen2_0_cpu_debug_slave_tck|sr[16]          ; 0.915             ;
; system:u_system|system_nios2_gen2_0:nios2_gen2_0|system_nios2_gen2_0_cpu:cpu|system_nios2_gen2_0_cpu_nios2_oci:the_system_nios2_gen2_0_cpu_nios2_oci|system_nios2_gen2_0_cpu_debug_slave_wrapper:the_system_nios2_gen2_0_cpu_debug_slave_wrapper|system_nios2_gen2_0_cpu_debug_slave_tck:the_system_nios2_gen2_0_cpu_debug_slave_tck|sr[25]                                                       ; system:u_system|system_nios2_gen2_0:nios2_gen2_0|system_nios2_gen2_0_cpu:cpu|system_nios2_gen2_0_cpu_nios2_oci:the_system_nios2_gen2_0_cpu_nios2_oci|system_nios2_gen2_0_cpu_debug_slave_wrapper:the_system_nios2_gen2_0_cpu_debug_slave_wrapper|system_nios2_gen2_0_cpu_debug_slave_tck:the_system_nios2_gen2_0_cpu_debug_slave_tck|sr[24]          ; 0.915             ;
; system:u_system|system_jtag_uart_0:jtag_uart_0|alt_jtag_atlantic:system_jtag_uart_0_alt_jtag_atlantic|td_shift[1]                                                                                                                                                                                                                                                                                 ; system:u_system|system_jtag_uart_0:jtag_uart_0|alt_jtag_atlantic:system_jtag_uart_0_alt_jtag_atlantic|td_shift[0]                                                                                                                                                                                                                                    ; 0.914             ;
; system:u_system|system_nios2_gen2_0:nios2_gen2_0|system_nios2_gen2_0_cpu:cpu|system_nios2_gen2_0_cpu_nios2_oci:the_system_nios2_gen2_0_cpu_nios2_oci|system_nios2_gen2_0_cpu_debug_slave_wrapper:the_system_nios2_gen2_0_cpu_debug_slave_wrapper|system_nios2_gen2_0_cpu_debug_slave_tck:the_system_nios2_gen2_0_cpu_debug_slave_tck|sr[24]                                                       ; system:u_system|system_nios2_gen2_0:nios2_gen2_0|system_nios2_gen2_0_cpu:cpu|system_nios2_gen2_0_cpu_nios2_oci:the_system_nios2_gen2_0_cpu_nios2_oci|system_nios2_gen2_0_cpu_debug_slave_wrapper:the_system_nios2_gen2_0_cpu_debug_slave_wrapper|system_nios2_gen2_0_cpu_debug_slave_tck:the_system_nios2_gen2_0_cpu_debug_slave_tck|sr[23]          ; 0.912             ;
; sld_hub:auto_hub|alt_sld_fab_with_jtag_input:\instrumentation_fabric_with_node_gen:fabric_gen_new_way:with_jtag_input_gen:instrumentation_fabric|alt_sld_fab:instrumentation_fabric|alt_sld_fab_alt_sld_fab:alt_sld_fab|alt_sld_fab_alt_sld_fab_sldfabric:sldfabric|sld_jtag_hub:\jtag_hub_gen:real_sld_jtag_hub|irsr_reg[5]                                                                      ; sld_hub:auto_hub|alt_sld_fab_with_jtag_input:\instrumentation_fabric_with_node_gen:fabric_gen_new_way:with_jtag_input_gen:instrumentation_fabric|alt_sld_fab:instrumentation_fabric|alt_sld_fab_alt_sld_fab:alt_sld_fab|alt_sld_fab_alt_sld_fab_sldfabric:sldfabric|sld_jtag_hub:\jtag_hub_gen:real_sld_jtag_hub|hub_mode_reg[0]                     ; 0.912             ;
; sld_hub:auto_hub|alt_sld_fab_with_jtag_input:\instrumentation_fabric_with_node_gen:fabric_gen_new_way:with_jtag_input_gen:instrumentation_fabric|alt_sld_fab:instrumentation_fabric|alt_sld_fab_alt_sld_fab:alt_sld_fab|alt_sld_fab_alt_sld_fab_sldfabric:sldfabric|sld_jtag_hub:\jtag_hub_gen:real_sld_jtag_hub|design_hash_reg[3]                                                               ; sld_hub:auto_hub|alt_sld_fab_with_jtag_input:\instrumentation_fabric_with_node_gen:fabric_gen_new_way:with_jtag_input_gen:instrumentation_fabric|alt_sld_fab:instrumentation_fabric|alt_sld_fab_alt_sld_fab:alt_sld_fab|alt_sld_fab_alt_sld_fab_sldfabric:sldfabric|sld_jtag_hub:\jtag_hub_gen:real_sld_jtag_hub|design_hash_reg[2]                  ; 0.911             ;
; sld_hub:auto_hub|alt_sld_fab_with_jtag_input:\instrumentation_fabric_with_node_gen:fabric_gen_new_way:with_jtag_input_gen:instrumentation_fabric|alt_sld_fab:instrumentation_fabric|alt_sld_fab_alt_sld_fab:alt_sld_fab|alt_sld_fab_alt_sld_fab_sldfabric:sldfabric|sld_jtag_hub:\jtag_hub_gen:real_sld_jtag_hub|hub_minor_ver_reg[3]                                                             ; sld_hub:auto_hub|alt_sld_fab_with_jtag_input:\instrumentation_fabric_with_node_gen:fabric_gen_new_way:with_jtag_input_gen:instrumentation_fabric|alt_sld_fab:instrumentation_fabric|alt_sld_fab_alt_sld_fab:alt_sld_fab|alt_sld_fab_alt_sld_fab_sldfabric:sldfabric|sld_jtag_hub:\jtag_hub_gen:real_sld_jtag_hub|hub_minor_ver_reg[2]                ; 0.910             ;
; system:u_system|system_nios2_gen2_0:nios2_gen2_0|system_nios2_gen2_0_cpu:cpu|system_nios2_gen2_0_cpu_nios2_oci:the_system_nios2_gen2_0_cpu_nios2_oci|system_nios2_gen2_0_cpu_debug_slave_wrapper:the_system_nios2_gen2_0_cpu_debug_slave_wrapper|system_nios2_gen2_0_cpu_debug_slave_tck:the_system_nios2_gen2_0_cpu_debug_slave_tck|sr[19]                                                       ; system:u_system|system_nios2_gen2_0:nios2_gen2_0|system_nios2_gen2_0_cpu:cpu|system_nios2_gen2_0_cpu_nios2_oci:the_system_nios2_gen2_0_cpu_nios2_oci|system_nios2_gen2_0_cpu_debug_slave_wrapper:the_system_nios2_gen2_0_cpu_debug_slave_wrapper|system_nios2_gen2_0_cpu_debug_slave_tck:the_system_nios2_gen2_0_cpu_debug_slave_tck|sr[18]          ; 0.909             ;
; system:u_system|system_nios2_gen2_0:nios2_gen2_0|system_nios2_gen2_0_cpu:cpu|system_nios2_gen2_0_cpu_nios2_oci:the_system_nios2_gen2_0_cpu_nios2_oci|system_nios2_gen2_0_cpu_debug_slave_wrapper:the_system_nios2_gen2_0_cpu_debug_slave_wrapper|system_nios2_gen2_0_cpu_debug_slave_tck:the_system_nios2_gen2_0_cpu_debug_slave_tck|sr[21]                                                       ; system:u_system|system_nios2_gen2_0:nios2_gen2_0|system_nios2_gen2_0_cpu:cpu|system_nios2_gen2_0_cpu_nios2_oci:the_system_nios2_gen2_0_cpu_nios2_oci|system_nios2_gen2_0_cpu_debug_slave_wrapper:the_system_nios2_gen2_0_cpu_debug_slave_wrapper|system_nios2_gen2_0_cpu_debug_slave_tck:the_system_nios2_gen2_0_cpu_debug_slave_tck|sr[20]          ; 0.909             ;
; system:u_system|system_nios2_gen2_0:nios2_gen2_0|system_nios2_gen2_0_cpu:cpu|system_nios2_gen2_0_cpu_nios2_oci:the_system_nios2_gen2_0_cpu_nios2_oci|system_nios2_gen2_0_cpu_debug_slave_wrapper:the_system_nios2_gen2_0_cpu_debug_slave_wrapper|system_nios2_gen2_0_cpu_debug_slave_tck:the_system_nios2_gen2_0_cpu_debug_slave_tck|sr[34]                                                       ; system:u_system|system_nios2_gen2_0:nios2_gen2_0|system_nios2_gen2_0_cpu:cpu|system_nios2_gen2_0_cpu_nios2_oci:the_system_nios2_gen2_0_cpu_nios2_oci|system_nios2_gen2_0_cpu_debug_slave_wrapper:the_system_nios2_gen2_0_cpu_debug_slave_wrapper|system_nios2_gen2_0_cpu_debug_slave_tck:the_system_nios2_gen2_0_cpu_debug_slave_tck|sr[33]          ; 0.906             ;
; sld_hub:auto_hub|alt_sld_fab_with_jtag_input:\instrumentation_fabric_with_node_gen:fabric_gen_new_way:with_jtag_input_gen:instrumentation_fabric|alt_sld_fab:instrumentation_fabric|alt_sld_fab_alt_sld_fab:alt_sld_fab|alt_sld_fab_alt_sld_fab_sldfabric:sldfabric|sld_jtag_hub:\jtag_hub_gen:real_sld_jtag_hub|hub_minor_ver_reg[2]                                                             ; sld_hub:auto_hub|alt_sld_fab_with_jtag_input:\instrumentation_fabric_with_node_gen:fabric_gen_new_way:with_jtag_input_gen:instrumentation_fabric|alt_sld_fab:instrumentation_fabric|alt_sld_fab_alt_sld_fab:alt_sld_fab|alt_sld_fab_alt_sld_fab_sldfabric:sldfabric|sld_jtag_hub:\jtag_hub_gen:real_sld_jtag_hub|hub_minor_ver_reg[1]                ; 0.902             ;
; system:u_system|system_nios2_gen2_0:nios2_gen2_0|system_nios2_gen2_0_cpu:cpu|system_nios2_gen2_0_cpu_nios2_oci:the_system_nios2_gen2_0_cpu_nios2_oci|system_nios2_gen2_0_cpu_debug_slave_wrapper:the_system_nios2_gen2_0_cpu_debug_slave_wrapper|system_nios2_gen2_0_cpu_debug_slave_tck:the_system_nios2_gen2_0_cpu_debug_slave_tck|sr[23]                                                       ; system:u_system|system_nios2_gen2_0:nios2_gen2_0|system_nios2_gen2_0_cpu:cpu|system_nios2_gen2_0_cpu_nios2_oci:the_system_nios2_gen2_0_cpu_nios2_oci|system_nios2_gen2_0_cpu_debug_slave_wrapper:the_system_nios2_gen2_0_cpu_debug_slave_wrapper|system_nios2_gen2_0_cpu_debug_slave_tck:the_system_nios2_gen2_0_cpu_debug_slave_tck|sr[22]          ; 0.898             ;
; sld_hub:auto_hub|alt_sld_fab_with_jtag_input:\instrumentation_fabric_with_node_gen:fabric_gen_new_way:with_jtag_input_gen:instrumentation_fabric|alt_sld_fab:instrumentation_fabric|alt_sld_fab_alt_sld_fab:alt_sld_fab|alt_sld_fab_alt_sld_fab_sldfabric:sldfabric|sld_jtag_hub:\jtag_hub_gen:real_sld_jtag_hub|sld_shadow_jsm:shadow_jsm|state[13]                                              ; sld_hub:auto_hub|alt_sld_fab_with_jtag_input:\instrumentation_fabric_with_node_gen:fabric_gen_new_way:with_jtag_input_gen:instrumentation_fabric|alt_sld_fab:instrumentation_fabric|alt_sld_fab_alt_sld_fab:alt_sld_fab|alt_sld_fab_alt_sld_fab_sldfabric:sldfabric|sld_jtag_hub:\jtag_hub_gen:real_sld_jtag_hub|sld_shadow_jsm:shadow_jsm|state[14] ; 0.893             ;
; sld_hub:auto_hub|alt_sld_fab_with_jtag_input:\instrumentation_fabric_with_node_gen:fabric_gen_new_way:with_jtag_input_gen:instrumentation_fabric|alt_sld_fab:instrumentation_fabric|alt_sld_fab_alt_sld_fab:alt_sld_fab|alt_sld_fab_alt_sld_fab_sldfabric:sldfabric|sld_jtag_hub:\jtag_hub_gen:real_sld_jtag_hub|sld_rom_sr:hub_info_reg|WORD_SR[1]                                               ; sld_hub:auto_hub|alt_sld_fab_with_jtag_input:\instrumentation_fabric_with_node_gen:fabric_gen_new_way:with_jtag_input_gen:instrumentation_fabric|alt_sld_fab:instrumentation_fabric|alt_sld_fab_alt_sld_fab:alt_sld_fab|alt_sld_fab_alt_sld_fab_sldfabric:sldfabric|sld_jtag_hub:\jtag_hub_gen:real_sld_jtag_hub|sld_rom_sr:hub_info_reg|WORD_SR[0]  ; 0.891             ;
; system:u_system|system_jtag_uart_0:jtag_uart_0|alt_jtag_atlantic:system_jtag_uart_0_alt_jtag_atlantic|state                                                                                                                                                                                                                                                                                       ; system:u_system|system_jtag_uart_0:jtag_uart_0|alt_jtag_atlantic:system_jtag_uart_0_alt_jtag_atlantic|td_shift[0]                                                                                                                                                                                                                                    ; 0.874             ;
; altera_reserved_tdi                                                                                                                                                                                                                                                                                                                                                                               ; system:u_system|system_jtag_uart_0:jtag_uart_0|alt_jtag_atlantic:system_jtag_uart_0_alt_jtag_atlantic|td_shift[0]                                                                                                                                                                                                                                    ; 0.874             ;
; altera_internal_jtag~FF_20                                                                                                                                                                                                                                                                                                                                                                        ; system:u_system|system_jtag_uart_0:jtag_uart_0|alt_jtag_atlantic:system_jtag_uart_0_alt_jtag_atlantic|td_shift[0]                                                                                                                                                                                                                                    ; 0.874             ;
; altera_internal_jtag~FF_39                                                                                                                                                                                                                                                                                                                                                                        ; system:u_system|system_jtag_uart_0:jtag_uart_0|alt_jtag_atlantic:system_jtag_uart_0_alt_jtag_atlantic|td_shift[0]                                                                                                                                                                                                                                    ; 0.874             ;
; system:u_system|system_nios2_gen2_0:nios2_gen2_0|system_nios2_gen2_0_cpu:cpu|system_nios2_gen2_0_cpu_nios2_oci:the_system_nios2_gen2_0_cpu_nios2_oci|system_nios2_gen2_0_cpu_debug_slave_wrapper:the_system_nios2_gen2_0_cpu_debug_slave_wrapper|system_nios2_gen2_0_cpu_debug_slave_tck:the_system_nios2_gen2_0_cpu_debug_slave_tck|sr[37]                                                       ; system:u_system|system_nios2_gen2_0:nios2_gen2_0|system_nios2_gen2_0_cpu:cpu|system_nios2_gen2_0_cpu_nios2_oci:the_system_nios2_gen2_0_cpu_nios2_oci|system_nios2_gen2_0_cpu_debug_slave_wrapper:the_system_nios2_gen2_0_cpu_debug_slave_wrapper|system_nios2_gen2_0_cpu_debug_slave_tck:the_system_nios2_gen2_0_cpu_debug_slave_tck|sr[36]          ; 0.868             ;
; sld_hub:auto_hub|alt_sld_fab_with_jtag_input:\instrumentation_fabric_with_node_gen:fabric_gen_new_way:with_jtag_input_gen:instrumentation_fabric|alt_sld_fab:instrumentation_fabric|alt_sld_fab_alt_sld_fab:alt_sld_fab|alt_sld_fab_alt_sld_fab_sldfabric:sldfabric|sld_jtag_hub:\jtag_hub_gen:real_sld_jtag_hub|identity_contrib_shift_reg[2]                                                    ; sld_hub:auto_hub|alt_sld_fab_with_jtag_input:\instrumentation_fabric_with_node_gen:fabric_gen_new_way:with_jtag_input_gen:instrumentation_fabric|alt_sld_fab:instrumentation_fabric|alt_sld_fab_alt_sld_fab:alt_sld_fab|sldfabric_ident_writedata[2]                                                                                                 ; 0.864             ;
; sld_hub:auto_hub|alt_sld_fab_with_jtag_input:\instrumentation_fabric_with_node_gen:fabric_gen_new_way:with_jtag_input_gen:instrumentation_fabric|alt_sld_fab:instrumentation_fabric|alt_sld_fab_alt_sld_fab:alt_sld_fab|alt_sld_fab_alt_sld_fab_sldfabric:sldfabric|sld_jtag_hub:\jtag_hub_gen:real_sld_jtag_hub|identity_contrib_shift_reg[0]                                                    ; sld_hub:auto_hub|alt_sld_fab_with_jtag_input:\instrumentation_fabric_with_node_gen:fabric_gen_new_way:with_jtag_input_gen:instrumentation_fabric|alt_sld_fab:instrumentation_fabric|alt_sld_fab_alt_sld_fab:alt_sld_fab|sldfabric_ident_writedata[0]                                                                                                 ; 0.864             ;
; sld_hub:auto_hub|alt_sld_fab_with_jtag_input:\instrumentation_fabric_with_node_gen:fabric_gen_new_way:with_jtag_input_gen:instrumentation_fabric|alt_sld_fab:instrumentation_fabric|alt_sld_fab_alt_sld_fab:alt_sld_fab|alt_sld_fab_alt_sld_fab_sldfabric:sldfabric|sld_jtag_hub:\jtag_hub_gen:real_sld_jtag_hub|sld_rom_sr:hub_info_reg|WORD_SR[3]                                               ; sld_hub:auto_hub|alt_sld_fab_with_jtag_input:\instrumentation_fabric_with_node_gen:fabric_gen_new_way:with_jtag_input_gen:instrumentation_fabric|alt_sld_fab:instrumentation_fabric|alt_sld_fab_alt_sld_fab:alt_sld_fab|alt_sld_fab_alt_sld_fab_sldfabric:sldfabric|sld_jtag_hub:\jtag_hub_gen:real_sld_jtag_hub|sld_rom_sr:hub_info_reg|WORD_SR[2]  ; 0.852             ;
; sld_hub:auto_hub|alt_sld_fab_with_jtag_input:\instrumentation_fabric_with_node_gen:fabric_gen_new_way:with_jtag_input_gen:instrumentation_fabric|alt_sld_fab:instrumentation_fabric|alt_sld_fab_alt_sld_fab:alt_sld_fab|alt_sld_fab_alt_sld_fab_sldfabric:sldfabric|sld_jtag_hub:\jtag_hub_gen:real_sld_jtag_hub|sld_rom_sr:hub_info_reg|WORD_SR[2]                                               ; sld_hub:auto_hub|alt_sld_fab_with_jtag_input:\instrumentation_fabric_with_node_gen:fabric_gen_new_way:with_jtag_input_gen:instrumentation_fabric|alt_sld_fab:instrumentation_fabric|alt_sld_fab_alt_sld_fab:alt_sld_fab|alt_sld_fab_alt_sld_fab_sldfabric:sldfabric|sld_jtag_hub:\jtag_hub_gen:real_sld_jtag_hub|sld_rom_sr:hub_info_reg|WORD_SR[1]  ; 0.852             ;
; sld_hub:auto_hub|alt_sld_fab_with_jtag_input:\instrumentation_fabric_with_node_gen:fabric_gen_new_way:with_jtag_input_gen:instrumentation_fabric|alt_sld_fab:instrumentation_fabric|alt_sld_fab_alt_sld_fab:alt_sld_fab|alt_sld_fab_alt_sld_fab_sldfabric:sldfabric|sld_jtag_hub:\jtag_hub_gen:real_sld_jtag_hub|identity_contrib_shift_reg[3]                                                    ; sld_hub:auto_hub|alt_sld_fab_with_jtag_input:\instrumentation_fabric_with_node_gen:fabric_gen_new_way:with_jtag_input_gen:instrumentation_fabric|alt_sld_fab:instrumentation_fabric|alt_sld_fab_alt_sld_fab:alt_sld_fab|sldfabric_ident_writedata[3]                                                                                                 ; 0.850             ;
; sld_hub:auto_hub|alt_sld_fab_with_jtag_input:\instrumentation_fabric_with_node_gen:fabric_gen_new_way:with_jtag_input_gen:instrumentation_fabric|alt_sld_fab:instrumentation_fabric|alt_sld_fab_alt_sld_fab:alt_sld_fab|alt_sld_fab_alt_sld_fab_sldfabric:sldfabric|sld_jtag_hub:\jtag_hub_gen:real_sld_jtag_hub|identity_contrib_shift_reg[1]                                                    ; sld_hub:auto_hub|alt_sld_fab_with_jtag_input:\instrumentation_fabric_with_node_gen:fabric_gen_new_way:with_jtag_input_gen:instrumentation_fabric|alt_sld_fab:instrumentation_fabric|alt_sld_fab_alt_sld_fab:alt_sld_fab|sldfabric_ident_writedata[1]                                                                                                 ; 0.850             ;
; sld_hub:auto_hub|alt_sld_fab_with_jtag_input:\instrumentation_fabric_with_node_gen:fabric_gen_new_way:with_jtag_input_gen:instrumentation_fabric|alt_sld_fab:instrumentation_fabric|alt_sld_fab_alt_sld_fab:alt_sld_fab|alt_sld_fab_alt_sld_fab_sldfabric:sldfabric|sld_jtag_hub:\jtag_hub_gen:real_sld_jtag_hub|sld_shadow_jsm:shadow_jsm|state[8]                                               ; sld_hub:auto_hub|alt_sld_fab_with_jtag_input:\instrumentation_fabric_with_node_gen:fabric_gen_new_way:with_jtag_input_gen:instrumentation_fabric|alt_sld_fab:instrumentation_fabric|alt_sld_fab_alt_sld_fab:alt_sld_fab|alt_sld_fab_alt_sld_fab_sldfabric:sldfabric|sld_jtag_hub:\jtag_hub_gen:real_sld_jtag_hub|sld_rom_sr:hub_info_reg|WORD_SR[2]  ; 0.849             ;
; system:u_system|system_nios2_gen2_0:nios2_gen2_0|system_nios2_gen2_0_cpu:cpu|system_nios2_gen2_0_cpu_nios2_oci:the_system_nios2_gen2_0_cpu_nios2_oci|system_nios2_gen2_0_cpu_debug_slave_wrapper:the_system_nios2_gen2_0_cpu_debug_slave_wrapper|system_nios2_gen2_0_cpu_debug_slave_tck:the_system_nios2_gen2_0_cpu_debug_slave_tck|sr[1]                                                        ; system:u_system|system_nios2_gen2_0:nios2_gen2_0|system_nios2_gen2_0_cpu:cpu|system_nios2_gen2_0_cpu_nios2_oci:the_system_nios2_gen2_0_cpu_nios2_oci|system_nios2_gen2_0_cpu_debug_slave_wrapper:the_system_nios2_gen2_0_cpu_debug_slave_wrapper|system_nios2_gen2_0_cpu_debug_slave_tck:the_system_nios2_gen2_0_cpu_debug_slave_tck|sr[0]           ; 0.838             ;
; system:u_system|system_nios2_gen2_0:nios2_gen2_0|system_nios2_gen2_0_cpu:cpu|system_nios2_gen2_0_cpu_nios2_oci:the_system_nios2_gen2_0_cpu_nios2_oci|system_nios2_gen2_0_cpu_debug_slave_wrapper:the_system_nios2_gen2_0_cpu_debug_slave_wrapper|system_nios2_gen2_0_cpu_debug_slave_tck:the_system_nios2_gen2_0_cpu_debug_slave_tck|sr[0]                                                        ; system:u_system|system_nios2_gen2_0:nios2_gen2_0|system_nios2_gen2_0_cpu:cpu|system_nios2_gen2_0_cpu_nios2_oci:the_system_nios2_gen2_0_cpu_nios2_oci|system_nios2_gen2_0_cpu_debug_slave_wrapper:the_system_nios2_gen2_0_cpu_debug_slave_wrapper|system_nios2_gen2_0_cpu_debug_slave_tck:the_system_nios2_gen2_0_cpu_debug_slave_tck|sr[0]           ; 0.827             ;
; system:u_system|system_nios2_gen2_0:nios2_gen2_0|system_nios2_gen2_0_cpu:cpu|system_nios2_gen2_0_cpu_nios2_oci:the_system_nios2_gen2_0_cpu_nios2_oci|system_nios2_gen2_0_cpu_nios2_ocimem:the_system_nios2_gen2_0_cpu_nios2_ocimem|MonDReg[6]                                                                                                                                                     ; system:u_system|system_nios2_gen2_0:nios2_gen2_0|system_nios2_gen2_0_cpu:cpu|system_nios2_gen2_0_cpu_nios2_oci:the_system_nios2_gen2_0_cpu_nios2_oci|system_nios2_gen2_0_cpu_debug_slave_wrapper:the_system_nios2_gen2_0_cpu_debug_slave_wrapper|system_nios2_gen2_0_cpu_debug_slave_tck:the_system_nios2_gen2_0_cpu_debug_slave_tck|sr[7]           ; 0.824             ;
; system:u_system|system_nios2_gen2_0:nios2_gen2_0|system_nios2_gen2_0_cpu:cpu|system_nios2_gen2_0_cpu_nios2_oci:the_system_nios2_gen2_0_cpu_nios2_oci|system_nios2_gen2_0_cpu_nios2_oci_break:the_system_nios2_gen2_0_cpu_nios2_oci_break|break_readreg[6]                                                                                                                                         ; system:u_system|system_nios2_gen2_0:nios2_gen2_0|system_nios2_gen2_0_cpu:cpu|system_nios2_gen2_0_cpu_nios2_oci:the_system_nios2_gen2_0_cpu_nios2_oci|system_nios2_gen2_0_cpu_debug_slave_wrapper:the_system_nios2_gen2_0_cpu_debug_slave_wrapper|system_nios2_gen2_0_cpu_debug_slave_tck:the_system_nios2_gen2_0_cpu_debug_slave_tck|sr[7]           ; 0.824             ;
; system:u_system|system_nios2_gen2_0:nios2_gen2_0|system_nios2_gen2_0_cpu:cpu|system_nios2_gen2_0_cpu_nios2_oci:the_system_nios2_gen2_0_cpu_nios2_oci|system_nios2_gen2_0_cpu_debug_slave_wrapper:the_system_nios2_gen2_0_cpu_debug_slave_wrapper|system_nios2_gen2_0_cpu_debug_slave_tck:the_system_nios2_gen2_0_cpu_debug_slave_tck|sr[8]                                                        ; system:u_system|system_nios2_gen2_0:nios2_gen2_0|system_nios2_gen2_0_cpu:cpu|system_nios2_gen2_0_cpu_nios2_oci:the_system_nios2_gen2_0_cpu_nios2_oci|system_nios2_gen2_0_cpu_debug_slave_wrapper:the_system_nios2_gen2_0_cpu_debug_slave_wrapper|system_nios2_gen2_0_cpu_debug_slave_tck:the_system_nios2_gen2_0_cpu_debug_slave_tck|sr[7]           ; 0.824             ;
; system:u_system|system_jtag_uart_0:jtag_uart_0|alt_jtag_atlantic:system_jtag_uart_0_alt_jtag_atlantic|td_shift[4]                                                                                                                                                                                                                                                                                 ; system:u_system|system_jtag_uart_0:jtag_uart_0|alt_jtag_atlantic:system_jtag_uart_0_alt_jtag_atlantic|td_shift[3]                                                                                                                                                                                                                                    ; 0.813             ;
; system:u_system|system_jtag_uart_0:jtag_uart_0|alt_jtag_atlantic:system_jtag_uart_0_alt_jtag_atlantic|td_shift[6]                                                                                                                                                                                                                                                                                 ; system:u_system|system_jtag_uart_0:jtag_uart_0|alt_jtag_atlantic:system_jtag_uart_0_alt_jtag_atlantic|td_shift[5]                                                                                                                                                                                                                                    ; 0.808             ;
; sld_hub:auto_hub|alt_sld_fab_with_jtag_input:\instrumentation_fabric_with_node_gen:fabric_gen_new_way:with_jtag_input_gen:instrumentation_fabric|alt_sld_fab:instrumentation_fabric|alt_sld_fab_alt_sld_fab:alt_sld_fab|alt_sld_fab_alt_sld_fab_sldfabric:sldfabric|sld_jtag_hub:\jtag_hub_gen:real_sld_jtag_hub|irsr_reg[0]                                                                      ; sld_hub:auto_hub|alt_sld_fab_with_jtag_input:\instrumentation_fabric_with_node_gen:fabric_gen_new_way:with_jtag_input_gen:instrumentation_fabric|alt_sld_fab:instrumentation_fabric|alt_sld_fab_alt_sld_fab:alt_sld_fab|alt_sld_fab_alt_sld_fab_sldfabric:sldfabric|sld_jtag_hub:\jtag_hub_gen:real_sld_jtag_hub|hub_mode_reg[0]                     ; 0.807             ;
; sld_hub:auto_hub|alt_sld_fab_with_jtag_input:\instrumentation_fabric_with_node_gen:fabric_gen_new_way:with_jtag_input_gen:instrumentation_fabric|alt_sld_fab:instrumentation_fabric|alt_sld_fab_alt_sld_fab:alt_sld_fab|alt_sld_fab_alt_sld_fab_sldfabric:sldfabric|sld_jtag_hub:\jtag_hub_gen:real_sld_jtag_hub|hub_mode_reg[1]                                                                  ; sld_hub:auto_hub|alt_sld_fab_with_jtag_input:\instrumentation_fabric_with_node_gen:fabric_gen_new_way:with_jtag_input_gen:instrumentation_fabric|alt_sld_fab:instrumentation_fabric|alt_sld_fab_alt_sld_fab:alt_sld_fab|alt_sld_fab_alt_sld_fab_sldfabric:sldfabric|sld_jtag_hub:\jtag_hub_gen:real_sld_jtag_hub|irf_reg[2][0]                       ; 0.805             ;
; sld_hub:auto_hub|alt_sld_fab_with_jtag_input:\instrumentation_fabric_with_node_gen:fabric_gen_new_way:with_jtag_input_gen:instrumentation_fabric|alt_sld_fab:instrumentation_fabric|alt_sld_fab_alt_sld_fab:alt_sld_fab|alt_sld_fab_alt_sld_fab_sldfabric:sldfabric|sld_jtag_hub:\jtag_hub_gen:real_sld_jtag_hub|irsr_reg[2]                                                                      ; sld_hub:auto_hub|alt_sld_fab_with_jtag_input:\instrumentation_fabric_with_node_gen:fabric_gen_new_way:with_jtag_input_gen:instrumentation_fabric|alt_sld_fab:instrumentation_fabric|alt_sld_fab_alt_sld_fab:alt_sld_fab|alt_sld_fab_alt_sld_fab_sldfabric:sldfabric|sld_jtag_hub:\jtag_hub_gen:real_sld_jtag_hub|hub_mode_reg[0]                     ; 0.800             ;
; system:u_system|system_jtag_uart_0:jtag_uart_0|alt_jtag_atlantic:system_jtag_uart_0_alt_jtag_atlantic|td_shift[3]                                                                                                                                                                                                                                                                                 ; system:u_system|system_jtag_uart_0:jtag_uart_0|alt_jtag_atlantic:system_jtag_uart_0_alt_jtag_atlantic|td_shift[2]                                                                                                                                                                                                                                    ; 0.796             ;
; sld_hub:auto_hub|alt_sld_fab_with_jtag_input:\instrumentation_fabric_with_node_gen:fabric_gen_new_way:with_jtag_input_gen:instrumentation_fabric|alt_sld_fab:instrumentation_fabric|alt_sld_fab_alt_sld_fab:alt_sld_fab|alt_sld_fab_alt_sld_fab_sldfabric:sldfabric|sld_jtag_hub:\jtag_hub_gen:real_sld_jtag_hub|irsr_reg[1]                                                                      ; sld_hub:auto_hub|alt_sld_fab_with_jtag_input:\instrumentation_fabric_with_node_gen:fabric_gen_new_way:with_jtag_input_gen:instrumentation_fabric|alt_sld_fab:instrumentation_fabric|alt_sld_fab_alt_sld_fab:alt_sld_fab|alt_sld_fab_alt_sld_fab_sldfabric:sldfabric|sld_jtag_hub:\jtag_hub_gen:real_sld_jtag_hub|hub_mode_reg[0]                     ; 0.784             ;
; sld_hub:auto_hub|alt_sld_fab_with_jtag_input:\instrumentation_fabric_with_node_gen:fabric_gen_new_way:with_jtag_input_gen:instrumentation_fabric|alt_sld_fab:instrumentation_fabric|alt_sld_fab_alt_sld_fab:alt_sld_fab|alt_sld_fab_alt_sld_fab_sldfabric:sldfabric|sld_jtag_hub:\jtag_hub_gen:real_sld_jtag_hub|jtag_ir_reg[9]                                                                   ; sld_hub:auto_hub|alt_sld_fab_with_jtag_input:\instrumentation_fabric_with_node_gen:fabric_gen_new_way:with_jtag_input_gen:instrumentation_fabric|alt_sld_fab:instrumentation_fabric|alt_sld_fab_alt_sld_fab:alt_sld_fab|alt_sld_fab_alt_sld_fab_sldfabric:sldfabric|sld_jtag_hub:\jtag_hub_gen:real_sld_jtag_hub|jtag_ir_reg[8]                      ; 0.766             ;
; sld_hub:auto_hub|alt_sld_fab_with_jtag_input:\instrumentation_fabric_with_node_gen:fabric_gen_new_way:with_jtag_input_gen:instrumentation_fabric|alt_sld_fab:instrumentation_fabric|alt_sld_fab_alt_sld_fab:alt_sld_fab|alt_sld_fab_alt_sld_fab_sldfabric:sldfabric|sld_jtag_hub:\jtag_hub_gen:real_sld_jtag_hub|jtag_ir_reg[7]                                                                   ; sld_hub:auto_hub|alt_sld_fab_with_jtag_input:\instrumentation_fabric_with_node_gen:fabric_gen_new_way:with_jtag_input_gen:instrumentation_fabric|alt_sld_fab:instrumentation_fabric|alt_sld_fab_alt_sld_fab:alt_sld_fab|alt_sld_fab_alt_sld_fab_sldfabric:sldfabric|sld_jtag_hub:\jtag_hub_gen:real_sld_jtag_hub|jtag_ir_reg[6]                      ; 0.766             ;
; system:u_system|system_nios2_gen2_0:nios2_gen2_0|system_nios2_gen2_0_cpu:cpu|system_nios2_gen2_0_cpu_nios2_oci:the_system_nios2_gen2_0_cpu_nios2_oci|system_nios2_gen2_0_cpu_debug_slave_wrapper:the_system_nios2_gen2_0_cpu_debug_slave_wrapper|system_nios2_gen2_0_cpu_debug_slave_tck:the_system_nios2_gen2_0_cpu_debug_slave_tck|sr[16]                                                       ; system:u_system|system_nios2_gen2_0:nios2_gen2_0|system_nios2_gen2_0_cpu:cpu|system_nios2_gen2_0_cpu_nios2_oci:the_system_nios2_gen2_0_cpu_nios2_oci|system_nios2_gen2_0_cpu_debug_slave_wrapper:the_system_nios2_gen2_0_cpu_debug_slave_wrapper|system_nios2_gen2_0_cpu_debug_slave_tck:the_system_nios2_gen2_0_cpu_debug_slave_tck|sr[15]          ; 0.759             ;
; system:u_system|system_nios2_gen2_0:nios2_gen2_0|system_nios2_gen2_0_cpu:cpu|system_nios2_gen2_0_cpu_nios2_oci:the_system_nios2_gen2_0_cpu_nios2_oci|system_nios2_gen2_0_cpu_debug_slave_wrapper:the_system_nios2_gen2_0_cpu_debug_slave_wrapper|system_nios2_gen2_0_cpu_debug_slave_tck:the_system_nios2_gen2_0_cpu_debug_slave_tck|DRsize.010                                                   ; system:u_system|system_nios2_gen2_0:nios2_gen2_0|system_nios2_gen2_0_cpu:cpu|system_nios2_gen2_0_cpu_nios2_oci:the_system_nios2_gen2_0_cpu_nios2_oci|system_nios2_gen2_0_cpu_debug_slave_wrapper:the_system_nios2_gen2_0_cpu_debug_slave_wrapper|system_nios2_gen2_0_cpu_debug_slave_tck:the_system_nios2_gen2_0_cpu_debug_slave_tck|sr[15]          ; 0.759             ;
; system:u_system|system_nios2_gen2_0:nios2_gen2_0|system_nios2_gen2_0_cpu:cpu|system_nios2_gen2_0_cpu_nios2_oci:the_system_nios2_gen2_0_cpu_nios2_oci|system_nios2_gen2_0_cpu_nios2_ocimem:the_system_nios2_gen2_0_cpu_nios2_ocimem|MonDReg[14]                                                                                                                                                    ; system:u_system|system_nios2_gen2_0:nios2_gen2_0|system_nios2_gen2_0_cpu:cpu|system_nios2_gen2_0_cpu_nios2_oci:the_system_nios2_gen2_0_cpu_nios2_oci|system_nios2_gen2_0_cpu_debug_slave_wrapper:the_system_nios2_gen2_0_cpu_debug_slave_wrapper|system_nios2_gen2_0_cpu_debug_slave_tck:the_system_nios2_gen2_0_cpu_debug_slave_tck|sr[15]          ; 0.759             ;
; system:u_system|system_nios2_gen2_0:nios2_gen2_0|system_nios2_gen2_0_cpu:cpu|system_nios2_gen2_0_cpu_nios2_oci:the_system_nios2_gen2_0_cpu_nios2_oci|system_nios2_gen2_0_cpu_nios2_oci_break:the_system_nios2_gen2_0_cpu_nios2_oci_break|break_readreg[14]                                                                                                                                        ; system:u_system|system_nios2_gen2_0:nios2_gen2_0|system_nios2_gen2_0_cpu:cpu|system_nios2_gen2_0_cpu_nios2_oci:the_system_nios2_gen2_0_cpu_nios2_oci|system_nios2_gen2_0_cpu_debug_slave_wrapper:the_system_nios2_gen2_0_cpu_debug_slave_wrapper|system_nios2_gen2_0_cpu_debug_slave_tck:the_system_nios2_gen2_0_cpu_debug_slave_tck|sr[15]          ; 0.759             ;
; system:u_system|system_nios2_gen2_0:nios2_gen2_0|system_nios2_gen2_0_cpu:cpu|system_nios2_gen2_0_cpu_nios2_oci:the_system_nios2_gen2_0_cpu_nios2_oci|system_nios2_gen2_0_cpu_debug_slave_wrapper:the_system_nios2_gen2_0_cpu_debug_slave_wrapper|system_nios2_gen2_0_cpu_debug_slave_tck:the_system_nios2_gen2_0_cpu_debug_slave_tck|sr[15]                                                       ; system:u_system|system_nios2_gen2_0:nios2_gen2_0|system_nios2_gen2_0_cpu:cpu|system_nios2_gen2_0_cpu_nios2_oci:the_system_nios2_gen2_0_cpu_nios2_oci|system_nios2_gen2_0_cpu_debug_slave_wrapper:the_system_nios2_gen2_0_cpu_debug_slave_wrapper|system_nios2_gen2_0_cpu_debug_slave_tck:the_system_nios2_gen2_0_cpu_debug_slave_tck|sr[15]          ; 0.759             ;
; sld_hub:auto_hub|alt_sld_fab_with_jtag_input:\instrumentation_fabric_with_node_gen:fabric_gen_new_way:with_jtag_input_gen:instrumentation_fabric|alt_sld_fab:instrumentation_fabric|alt_sld_fab_alt_sld_fab:alt_sld_fab|alt_sld_fab_alt_sld_fab_sldfabric:sldfabric|sld_jtag_hub:\jtag_hub_gen:real_sld_jtag_hub|jtag_ir_reg[8]                                                                   ; sld_hub:auto_hub|alt_sld_fab_with_jtag_input:\instrumentation_fabric_with_node_gen:fabric_gen_new_way:with_jtag_input_gen:instrumentation_fabric|alt_sld_fab:instrumentation_fabric|alt_sld_fab_alt_sld_fab:alt_sld_fab|alt_sld_fab_alt_sld_fab_sldfabric:sldfabric|sld_jtag_hub:\jtag_hub_gen:real_sld_jtag_hub|jtag_ir_reg[7]                      ; 0.752             ;
; system:u_system|system_jtag_uart_0:jtag_uart_0|alt_jtag_atlantic:system_jtag_uart_0_alt_jtag_atlantic|td_shift[7]                                                                                                                                                                                                                                                                                 ; system:u_system|system_jtag_uart_0:jtag_uart_0|alt_jtag_atlantic:system_jtag_uart_0_alt_jtag_atlantic|td_shift[6]                                                                                                                                                                                                                                    ; 0.749             ;
; system:u_system|system_jtag_uart_0:jtag_uart_0|alt_jtag_atlantic:system_jtag_uart_0_alt_jtag_atlantic|count[0]                                                                                                                                                                                                                                                                                    ; system:u_system|system_jtag_uart_0:jtag_uart_0|alt_jtag_atlantic:system_jtag_uart_0_alt_jtag_atlantic|count[1]                                                                                                                                                                                                                                       ; 0.746             ;
; system:u_system|system_jtag_uart_0:jtag_uart_0|alt_jtag_atlantic:system_jtag_uart_0_alt_jtag_atlantic|count[2]                                                                                                                                                                                                                                                                                    ; system:u_system|system_jtag_uart_0:jtag_uart_0|alt_jtag_atlantic:system_jtag_uart_0_alt_jtag_atlantic|count[3]                                                                                                                                                                                                                                       ; 0.745             ;
+---------------------------------------------------------------------------------------------------------------------------------------------------------------------------------------------------------------------------------------------------------------------------------------------------------------------------------------------------------------------------------------------------+------------------------------------------------------------------------------------------------------------------------------------------------------------------------------------------------------------------------------------------------------------------------------------------------------------------------------------------------------+-------------------+
Note: This table only shows the top 100 path(s) that have the largest delay added for hold.


+-----------------+
; Fitter Messages ;
+-----------------+
Warning (18236): Number of processors has not been specified which may cause overloading on shared machines.  Set the global assignment NUM_PARALLEL_PROCESSORS in your QSF to an appropriate value for best performance.
Info (20030): Parallel compilation is enabled and will use 4 of the 4 processors detected
Info (119006): Selected device 5CSEMA5F31C6 for design "soc_camera"
Info (21077): Low junction temperature is 0 degrees C
Info (21077): High junction temperature is 85 degrees C
Warning: RST port on the PLL is not properly connected on instance pll_25mhz:u_pll_25mhz|pll_25mhz_0002:pll_25mhz_inst|altera_pll:altera_pll_i|general[0].gpll. The reset port on the PLL should be connected. If the PLL loses lock for any reason, you might need to manually reset the PLL in order to re-establish lock to the reference clock. File: d:/apps/study/quartus18.1/quartus/libraries/megafunctions/altera_pll.v Line: 748
    Info: Must be connected
Warning (21300): LOCKED port on the PLL is not properly connected on instance "pll_25mhz:u_pll_25mhz|pll_25mhz_0002:pll_25mhz_inst|altera_pll:altera_pll_i|general[0].gpll". The LOCKED port on the PLL should be connected when the FBOUTCLK port is connected. Although it is unnecessary to connect the LOCKED signal, any logic driven off of an output clock of the PLL will not know when the PLL is locked and ready.
Warning: RST port on the PLL is not properly connected on instance sys_pll:u_sys_pll|sys_pll_0002:sys_pll_inst|altera_pll:altera_pll_i|general[1].gpll. The reset port on the PLL should be connected. If the PLL loses lock for any reason, you might need to manually reset the PLL in order to re-establish lock to the reference clock. File: d:/apps/study/quartus18.1/quartus/libraries/megafunctions/altera_pll.v Line: 748
    Info: Must be connected
Warning (21300): LOCKED port on the PLL is not properly connected on instance "sys_pll:u_sys_pll|sys_pll_0002:sys_pll_inst|altera_pll:altera_pll_i|general[0].gpll". The LOCKED port on the PLL should be connected when the FBOUTCLK port is connected. Although it is unnecessary to connect the LOCKED signal, any logic driven off of an output clock of the PLL will not know when the PLL is locked and ready.
Info (171003): Fitter is performing an Auto Fit compilation, which may decrease Fitter effort to reduce compilation time
Warning (292013): Feature LogicLock is only available with a valid subscription license. You can purchase a software subscription to gain full access to this feature.
Warning (15714): Some pins have incomplete I/O assignments. Refer to the I/O Assignment Warnings report for details
Info (176045): Design uses memory blocks. Violating setup or hold times of memory block address registers for either read or write operations could cause memory contents to be corrupted. Make sure that all memory block address registers meet the setup and hold time requirements.
Critical Warning (169085): No exact pin location assignment(s) for 57 pins of 73 total pins. For the list of pins please refer to the I/O Assignment Warnings table in the fitter report.
Info (184020): Starting Fitter periphery placement operations
Info (11178): Promoted 3 clocks (3 global)
    Info (11162): pll_25mhz:u_pll_25mhz|pll_25mhz_0002:pll_25mhz_inst|altera_pll:altera_pll_i|outclk_wire[0]~CLKENA0 with 96 fanout uses global clock CLKCTRL_G1
    Info (11162): sys_pll:u_sys_pll|sys_pll_0002:sys_pll_inst|altera_pll:altera_pll_i|outclk_wire[0]~CLKENA0 with 1688 fanout uses global clock CLKCTRL_G7
    Info (11162): sys_pll:u_sys_pll|sys_pll_0002:sys_pll_inst|altera_pll:altera_pll_i|outclk_wire[1]~CLKENA0 with 1 fanout uses global clock CLKCTRL_G3
Info (11191): Automatically promoted 1 clock (1 global)
    Info (11162): CAM_PCLK~inputCLKENA0 with 25 fanout uses global clock CLKCTRL_G4
        Info (12525): This signal is driven by core routing -- it may be moved during placement to reduce routing delays
Warning (16406): 1 global input pin(s) will use non-dedicated clock routing
    Warning (16407): Source REFCLK I/O is not placed onto a dedicated REFCLK input pin for global clock driver CAM_PCLK~inputCLKENA0, placed at CLKCTRL_G4
        Info (179012): Refclk input I/O pad CAM_PCLK is placed onto PIN_AD24
Info (184021): Fitter periphery placement operations ending: elapsed time is 00:00:00
Info (332164): Evaluating HDL-embedded SDC commands
    Info (332165): Entity alt_jtag_atlantic
        Info (332166): set_false_path -from [get_registers {*|alt_jtag_atlantic:*|jupdate}] -to [get_registers {*|alt_jtag_atlantic:*|jupdate1*}] 
        Info (332166): set_false_path -from [get_registers {*|alt_jtag_atlantic:*|rdata[*]}] -to [get_registers {*|alt_jtag_atlantic*|td_shift[*]}]
        Info (332166): set_false_path -from [get_registers {*|alt_jtag_atlantic:*|rdata[*]}] -to [get_registers {*|alt_jtag_atlantic*|td_shift[*]}]
        Info (332166): set_false_path -from [get_registers {*|alt_jtag_atlantic:*|rdata[*]}] -to [get_registers {*|alt_jtag_atlantic*|td_shift[*]}]
        Info (332166): set_false_path -from [get_registers {*|alt_jtag_atlantic:*|rdata[*]}] -to [get_registers {*|alt_jtag_atlantic*|td_shift[*]}]
        Info (332166): set_false_path -from [get_registers {*|alt_jtag_atlantic:*|rdata[*]}] -to [get_registers {*|alt_jtag_atlantic*|td_shift[*]}]
        Info (332166): set_false_path -from [get_registers {*|alt_jtag_atlantic:*|rdata[*]}] -to [get_registers {*|alt_jtag_atlantic*|td_shift[*]}]
        Info (332166): set_false_path -from [get_registers {*|alt_jtag_atlantic:*|rdata[*]}] -to [get_registers {*|alt_jtag_atlantic*|td_shift[*]}]
        Info (332166): set_false_path -from [get_registers {*|alt_jtag_atlantic:*|rdata[*]}] -to [get_registers {*|alt_jtag_atlantic*|td_shift[*]}]
        Info (332166): set_false_path -from [get_registers {*|alt_jtag_atlantic:*|read}] -to [get_registers {*|alt_jtag_atlantic:*|read1*}] 
        Info (332166): set_false_path -from [get_registers {*|alt_jtag_atlantic:*|read_req}]
        Info (332166): set_false_path -from [get_registers {*|alt_jtag_atlantic:*|rvalid}] -to [get_registers {*|alt_jtag_atlantic*|td_shift[*]}]
        Info (332166): set_false_path -from [get_registers {*|t_dav}] -to [get_registers {*|alt_jtag_atlantic:*|tck_t_dav}]
        Info (332166): set_false_path -from [get_registers {*|alt_jtag_atlantic:*|user_saw_rvalid}] -to [get_registers {*|alt_jtag_atlantic:*|rvalid0*}]
        Info (332166): set_false_path -from [get_registers {*|alt_jtag_atlantic:*|wdata[*]}] -to [get_registers {*}]
        Info (332166): set_false_path -from [get_registers {*|alt_jtag_atlantic:*|wdata[*]}] -to [get_registers {*}]
        Info (332166): set_false_path -from [get_registers {*|alt_jtag_atlantic:*|wdata[*]}] -to [get_registers {*}]
        Info (332166): set_false_path -from [get_registers {*|alt_jtag_atlantic:*|wdata[*]}] -to [get_registers {*}]
        Info (332166): set_false_path -from [get_registers {*|alt_jtag_atlantic:*|wdata[*]}] -to [get_registers {*}]
        Info (332166): set_false_path -from [get_registers {*|alt_jtag_atlantic:*|wdata[*]}] -to [get_registers {*}]
        Info (332166): set_false_path -from [get_registers {*|alt_jtag_atlantic:*|wdata[*]}] -to [get_registers {*}]
        Info (332166): set_false_path -from [get_registers {*|alt_jtag_atlantic:*|wdata[*]}] -to [get_registers {*}]
        Info (332166): set_false_path -from [get_registers {*|alt_jtag_atlantic:*|write}] -to [get_registers {*|alt_jtag_atlantic:*|write1*}] 
        Info (332166): set_false_path -from [get_registers {*|alt_jtag_atlantic:*|write_stalled}] -to [get_registers {*|alt_jtag_atlantic:*|t_ena*}]
        Info (332166): set_false_path -from [get_registers {*|alt_jtag_atlantic:*|write_stalled}] -to [get_registers {*|alt_jtag_atlantic:*|t_pause*}]
        Info (332166): set_false_path -from [get_registers {*|alt_jtag_atlantic:*|write_valid}]
    Info (332165): Entity altera_std_synchronizer
        Info (332166): set_false_path -to [get_keepers {*altera_std_synchronizer:*|din_s1}]
    Info (332165): Entity sld_hub
        Info (332166): create_clock -name altera_reserved_tck [get_ports {altera_reserved_tck}] -period 30MHz   
        Info (332166): if { [string equal quartus_fit $::TimeQuestInfo(nameofexecutable)] } { set_max_delay -to [get_ports { altera_reserved_tdo } ] 0 }
        Info (332166): set_clock_groups -asynchronous -group {altera_reserved_tck}
Info (332104): Reading SDC File: 'system/synthesis/submodules/altera_reset_controller.sdc'
Info (332104): Reading SDC File: 'system/synthesis/submodules/system_nios2_gen2_0_cpu.sdc'
Warning (332060): Node: CAM_PCLK was determined to be a clock but was found without an associated clock assignment.
    Info (13166): Register system:u_system|camera_system:camera_system_0|dc_fifo:u_fifo|full_o is being clocked by CAM_PCLK
Warning (332060): Node: CLOCK_50 was determined to be a clock but was found without an associated clock assignment.
    Info (13166): Register system:u_system|altera_reset_controller:rst_controller|r_sync_rst is being clocked by CLOCK_50
Info (332143): No user constrained clock uncertainty found in the design. Calling "derive_clock_uncertainty"
Info (332123): Deriving Clock Uncertainty. Please refer to report_sdc in the Timing Analyzer to see clock uncertainties.
Warning (332056): PLL cross checking found inconsistent PLL clock settings:
    Warning (332056): Node: u_pll_25mhz|pll_25mhz_inst|altera_pll_i|general[0].gpll~FRACTIONAL_PLL|vcoph[0] was found missing 1 generated clock that corresponds to a base clock with a period of: 20.000
    Warning (332056): Node: u_sys_pll|sys_pll_inst|altera_pll_i|general[0].gpll~FRACTIONAL_PLL|vcoph[0] was found missing 1 generated clock that corresponds to a base clock with a period of: 20.000
Info (332129): Detected timing requirements -- optimizing circuit to achieve only the specified requirements
Info (332111): Found 1 clocks
    Info (332111):   Period   Clock Name
    Info (332111): ======== ============
    Info (332111):   33.333 altera_reserved_tck
Info (176233): Starting register packing
Warning (176250): Ignoring invalid fast I/O register assignments. See the Ignored Assignments panel in the Fitter Compilation Report for more information.
Warning (176251): Ignoring some wildcard destinations of fast I/O register assignments
    Info (176252): Wildcard assignment "Fast Output Enable Register=ON" to "oe" matches multiple destination nodes -- some destinations are not valid targets for this assignment
    Info (176252): Wildcard assignment "Fast Output Register=ON" to "m_data[9]" matches multiple destination nodes -- some destinations are not valid targets for this assignment
    Info (176252): Wildcard assignment "Fast Output Register=ON" to "m_data[8]" matches multiple destination nodes -- some destinations are not valid targets for this assignment
    Info (176252): Wildcard assignment "Fast Output Register=ON" to "m_data[7]" matches multiple destination nodes -- some destinations are not valid targets for this assignment
    Info (176252): Wildcard assignment "Fast Output Register=ON" to "m_data[6]" matches multiple destination nodes -- some destinations are not valid targets for this assignment
    Info (176252): Wildcard assignment "Fast Output Register=ON" to "m_data[5]" matches multiple destination nodes -- some destinations are not valid targets for this assignment
    Info (176252): Wildcard assignment "Fast Output Register=ON" to "m_data[4]" matches multiple destination nodes -- some destinations are not valid targets for this assignment
    Info (176252): Wildcard assignment "Fast Output Register=ON" to "m_data[3]" matches multiple destination nodes -- some destinations are not valid targets for this assignment
    Info (176252): Wildcard assignment "Fast Output Register=ON" to "m_data[2]" matches multiple destination nodes -- some destinations are not valid targets for this assignment
    Info (176252): Wildcard assignment "Fast Output Register=ON" to "m_data[1]" matches multiple destination nodes -- some destinations are not valid targets for this assignment
    Info (176252): Wildcard assignment "Fast Output Register=ON" to "m_data[15]" matches multiple destination nodes -- some destinations are not valid targets for this assignment
    Info (176252): Wildcard assignment "Fast Output Register=ON" to "m_data[14]" matches multiple destination nodes -- some destinations are not valid targets for this assignment
    Info (176252): Wildcard assignment "Fast Output Register=ON" to "m_data[13]" matches multiple destination nodes -- some destinations are not valid targets for this assignment
    Info (176252): Wildcard assignment "Fast Output Register=ON" to "m_data[12]" matches multiple destination nodes -- some destinations are not valid targets for this assignment
    Info (176252): Wildcard assignment "Fast Output Register=ON" to "m_data[11]" matches multiple destination nodes -- some destinations are not valid targets for this assignment
    Info (176252): Wildcard assignment "Fast Output Register=ON" to "m_data[10]" matches multiple destination nodes -- some destinations are not valid targets for this assignment
    Info (176252): Wildcard assignment "Fast Output Register=ON" to "m_data[0]" matches multiple destination nodes -- some destinations are not valid targets for this assignment
    Info (176252): Wildcard assignment "Fast Output Register=ON" to "m_cmd[2]" matches multiple destination nodes -- some destinations are not valid targets for this assignment
    Info (176252): Wildcard assignment "Fast Output Register=ON" to "m_cmd[1]" matches multiple destination nodes -- some destinations are not valid targets for this assignment
    Info (176252): Wildcard assignment "Fast Output Register=ON" to "m_cmd[0]" matches multiple destination nodes -- some destinations are not valid targets for this assignment
Info (176235): Finished register packing
    Extra Info (176218): Packed 24 registers into blocks of type Block RAM
    Extra Info (176218): Packed 16 registers into blocks of type I/O input buffer
    Extra Info (176218): Packed 53 registers into blocks of type I/O output buffer
    Extra Info (176220): Created 34 register duplicates
Info (11798): Fitter preparation operations ending: elapsed time is 00:00:20
Info (170189): Fitter placement preparation operations beginning
Info (14951): The Fitter is using Advanced Physical Optimization.
Info (170190): Fitter placement preparation operations ending: elapsed time is 00:00:17
Info (170191): Fitter placement operations beginning
Info (170137): Fitter placement was successful
Info (170192): Fitter placement operations ending: elapsed time is 00:00:10
Info (170193): Fitter routing operations beginning
Info (170195): Router estimated average interconnect usage is 1% of the available device resources
    Info (170196): Router estimated peak interconnect usage is 17% of the available device resources in the region that extends from location X11_Y0 to location X21_Y10
Info (170199): The Fitter performed an Auto Fit compilation.  Optimizations were skipped to reduce compilation time.
    Info (170201): Optimizations that may affect the design's routability were skipped
Info (170194): Fitter routing operations ending: elapsed time is 00:00:19
Info (11888): Total time spent on timing analysis during the Fitter is 3.15 seconds.
Info (334003): Started post-fitting delay annotation
Info (334004): Delay annotation completed successfully
Info (334003): Started post-fitting delay annotation
Info (334004): Delay annotation completed successfully
Info (11801): Fitter post-fit operations ending: elapsed time is 00:00:17
Warning (171167): Found invalid Fitter assignments. See the Ignored Assignments panel in the Fitter Compilation Report for more information.
Info (144001): Generated suppressed messages file D:/HK6/SoC_Design/Project/output_files/soc_camera.fit.smsg
Info: Quartus Prime Fitter was successful. 0 errors, 19 warnings
    Info: Peak virtual memory: 7051 megabytes
    Info: Processing ended: Wed May 27 11:29:15 2026
    Info: Elapsed time: 00:02:02
    Info: Total CPU time (on all processors): 00:04:24


+----------------------------+
; Fitter Suppressed Messages ;
+----------------------------+
The suppressed messages can be found in D:/HK6/SoC_Design/Project/output_files/soc_camera.fit.smsg.


