Partition Merge report for doan
Mon Jun 01 15:48:56 2026
Quartus Prime Version 18.1.0 Build 625 09/12/2018 SJ Lite Edition


---------------------
; Table of Contents ;
---------------------
  1. Legal Notice
  2. Partition Merge Summary
  3. Partition Merge Netlist Types Used
  4. Connections to In-System Debugging Instance "auto_signaltap_0"
  5. Partition Merge Partition Statistics
  6. Partition Merge Partition Pin Processing
  7. Partition Merge Resource Usage Summary
  8. Partition Merge RAM Summary
  9. Partition Merge DSP Block Usage Summary
 10. Partition Merge Messages



----------------
; Legal Notice ;
----------------
Copyright (C) 2018  Intel Corporation. All rights reserved.
Your use of Intel Corporation's design tools, logic functions 
and other software and tools, and its AMPP partner logic 
functions, and any output files from any of the foregoing 
(including device programming or simulation files), and any 
associated documentation or information are expressly subject 
to the terms and conditions of the Intel Program License 
Subscription Agreement, the Intel Quartus Prime License Agreement,
the Intel FPGA IP License Agreement, or other applicable license
agreement, including, without limitation, that your use is for
the sole purpose of programming logic devices manufactured by
Intel and sold by Intel or its authorized distributors.  Please
refer to the applicable agreement for further details.



+-------------------------------------------------------------------------------+
; Partition Merge Summary                                                       ;
+---------------------------------+---------------------------------------------+
; Partition Merge Status          ; Successful - Mon Jun 01 15:48:56 2026       ;
; Quartus Prime Version           ; 18.1.0 Build 625 09/12/2018 SJ Lite Edition ;
; Revision Name                   ; doan                                        ;
; Top-level Entity Name           ; doan_top                                    ;
; Family                          ; Cyclone V                                   ;
; Logic utilization (in ALMs)     ; N/A                                         ;
; Total registers                 ; 2644                                        ;
; Total pins                      ; 107                                         ;
; Total virtual pins              ; 6                                           ;
; Total block memory bits         ; 339,584                                     ;
; Total DSP Blocks                ; 4                                           ;
; Total HSSI RX PCSs              ; 0                                           ;
; Total HSSI PMA RX Deserializers ; 0                                           ;
; Total HSSI TX PCSs              ; 0                                           ;
; Total HSSI PMA TX Serializers   ; 0                                           ;
; Total PLLs                      ; 2                                           ;
; Total DLLs                      ; 0                                           ;
+---------------------------------+---------------------------------------------+


+-------------------------------------------------------------------------------------------------------------------------------+
; Partition Merge Netlist Types Used                                                                                            ;
+--------------------------------+----------------+-------------------+------------------------+--------------------------------+
; Partition Name                 ; Partition Type ; Netlist Type Used ; Netlist Type Requested ; Partition Contents             ;
+--------------------------------+----------------+-------------------+------------------------+--------------------------------+
; Top                            ; User-created   ; Source File       ; Source File            ;                                ;
; sld_hub:auto_hub               ; Auto-generated ; Post-Synthesis    ; Post-Synthesis         ; sld_hub:auto_hub               ;
; sld_signaltap:auto_signaltap_0 ; Auto-generated ; Post-Synthesis    ; Post-Synthesis         ; sld_signaltap:auto_signaltap_0 ;
; hard_block:auto_generated_inst ; Auto-generated ; Source File       ; Source File            ; hard_block:auto_generated_inst ;
+--------------------------------+----------------+-------------------+------------------------+--------------------------------+


+------------------------------------------------------------------------------------------------------------------------------------------------------------------------------------------------------------------------------------------------------------------------------+
; Connections to In-System Debugging Instance "auto_signaltap_0"                                                                                                                                                                                                               ;
+-------------------------------------------------+--------------+-----------+--------------------------------+-------------------+-------------------------------------------------+------------------------------------------------------------------------------------------+
; Name                                            ; Type         ; Status    ; Partition Name                 ; Netlist Type Used ; Actual Connection                               ; Details                                                                                  ;
+-------------------------------------------------+--------------+-----------+--------------------------------+-------------------+-------------------------------------------------+------------------------------------------------------------------------------------------+
; CLOCK_50                                        ; post-fitting ; connected ; Top                            ; post-synthesis    ; CLOCK_50                                        ; N/A                                                                                      ;
; auto_signaltap_0|gnd                            ; post-fitting ; connected ; sld_signaltap:auto_signaltap_0 ; post-synthesis    ; sld_signaltap:auto_signaltap_0|~GND             ; N/A                                                                                      ;
; auto_signaltap_0|gnd                            ; post-fitting ; connected ; sld_signaltap:auto_signaltap_0 ; post-synthesis    ; sld_signaltap:auto_signaltap_0|~GND             ; N/A                                                                                      ;
; auto_signaltap_0|gnd                            ; post-fitting ; connected ; sld_signaltap:auto_signaltap_0 ; post-synthesis    ; sld_signaltap:auto_signaltap_0|~GND             ; N/A                                                                                      ;
; auto_signaltap_0|gnd                            ; post-fitting ; connected ; sld_signaltap:auto_signaltap_0 ; post-synthesis    ; sld_signaltap:auto_signaltap_0|~GND             ; N/A                                                                                      ;
; auto_signaltap_0|gnd                            ; post-fitting ; connected ; sld_signaltap:auto_signaltap_0 ; post-synthesis    ; sld_signaltap:auto_signaltap_0|~GND             ; N/A                                                                                      ;
; auto_signaltap_0|gnd                            ; post-fitting ; connected ; sld_signaltap:auto_signaltap_0 ; post-synthesis    ; sld_signaltap:auto_signaltap_0|~GND             ; N/A                                                                                      ;
; auto_signaltap_0|gnd                            ; post-fitting ; connected ; sld_signaltap:auto_signaltap_0 ; post-synthesis    ; sld_signaltap:auto_signaltap_0|~GND             ; N/A                                                                                      ;
; auto_signaltap_0|gnd                            ; post-fitting ; connected ; sld_signaltap:auto_signaltap_0 ; post-synthesis    ; sld_signaltap:auto_signaltap_0|~GND             ; N/A                                                                                      ;
; auto_signaltap_0|gnd                            ; post-fitting ; connected ; sld_signaltap:auto_signaltap_0 ; post-synthesis    ; sld_signaltap:auto_signaltap_0|~GND             ; N/A                                                                                      ;
; auto_signaltap_0|gnd                            ; post-fitting ; connected ; sld_signaltap:auto_signaltap_0 ; post-synthesis    ; sld_signaltap:auto_signaltap_0|~GND             ; N/A                                                                                      ;
; auto_signaltap_0|gnd                            ; post-fitting ; connected ; sld_signaltap:auto_signaltap_0 ; post-synthesis    ; sld_signaltap:auto_signaltap_0|~GND             ; N/A                                                                                      ;
; auto_signaltap_0|gnd                            ; post-fitting ; connected ; sld_signaltap:auto_signaltap_0 ; post-synthesis    ; sld_signaltap:auto_signaltap_0|~GND             ; N/A                                                                                      ;
; auto_signaltap_0|gnd                            ; post-fitting ; connected ; sld_signaltap:auto_signaltap_0 ; post-synthesis    ; sld_signaltap:auto_signaltap_0|~GND             ; N/A                                                                                      ;
; auto_signaltap_0|gnd                            ; post-fitting ; connected ; sld_signaltap:auto_signaltap_0 ; post-synthesis    ; sld_signaltap:auto_signaltap_0|~GND             ; N/A                                                                                      ;
; auto_signaltap_0|gnd                            ; post-fitting ; connected ; sld_signaltap:auto_signaltap_0 ; post-synthesis    ; sld_signaltap:auto_signaltap_0|~GND             ; N/A                                                                                      ;
; auto_signaltap_0|vcc                            ; post-fitting ; connected ; sld_signaltap:auto_signaltap_0 ; post-synthesis    ; sld_signaltap:auto_signaltap_0|~VCC             ; N/A                                                                                      ;
; auto_signaltap_0|vcc                            ; post-fitting ; connected ; sld_signaltap:auto_signaltap_0 ; post-synthesis    ; sld_signaltap:auto_signaltap_0|~VCC             ; N/A                                                                                      ;
; auto_signaltap_0|vcc                            ; post-fitting ; connected ; sld_signaltap:auto_signaltap_0 ; post-synthesis    ; sld_signaltap:auto_signaltap_0|~VCC             ; N/A                                                                                      ;
; auto_signaltap_0|vcc                            ; post-fitting ; connected ; sld_signaltap:auto_signaltap_0 ; post-synthesis    ; sld_signaltap:auto_signaltap_0|~VCC             ; N/A                                                                                      ;
; auto_signaltap_0|vcc                            ; post-fitting ; connected ; sld_signaltap:auto_signaltap_0 ; post-synthesis    ; sld_signaltap:auto_signaltap_0|~VCC             ; N/A                                                                                      ;
; auto_signaltap_0|vcc                            ; post-fitting ; connected ; sld_signaltap:auto_signaltap_0 ; post-synthesis    ; sld_signaltap:auto_signaltap_0|~VCC             ; N/A                                                                                      ;
; auto_signaltap_0|vcc                            ; post-fitting ; connected ; sld_signaltap:auto_signaltap_0 ; post-synthesis    ; sld_signaltap:auto_signaltap_0|~VCC             ; N/A                                                                                      ;
; auto_signaltap_0|vcc                            ; post-fitting ; connected ; sld_signaltap:auto_signaltap_0 ; post-synthesis    ; sld_signaltap:auto_signaltap_0|~VCC             ; N/A                                                                                      ;
; auto_signaltap_0|vcc                            ; post-fitting ; connected ; sld_signaltap:auto_signaltap_0 ; post-synthesis    ; sld_signaltap:auto_signaltap_0|~VCC             ; N/A                                                                                      ;
; auto_signaltap_0|vcc                            ; post-fitting ; connected ; sld_signaltap:auto_signaltap_0 ; post-synthesis    ; sld_signaltap:auto_signaltap_0|~VCC             ; N/A                                                                                      ;
; auto_signaltap_0|vcc                            ; post-fitting ; connected ; sld_signaltap:auto_signaltap_0 ; post-synthesis    ; sld_signaltap:auto_signaltap_0|~VCC             ; N/A                                                                                      ;
; auto_signaltap_0|vcc                            ; post-fitting ; connected ; sld_signaltap:auto_signaltap_0 ; post-synthesis    ; sld_signaltap:auto_signaltap_0|~VCC             ; N/A                                                                                      ;
; auto_signaltap_0|vcc                            ; post-fitting ; connected ; sld_signaltap:auto_signaltap_0 ; post-synthesis    ; sld_signaltap:auto_signaltap_0|~VCC             ; N/A                                                                                      ;
; auto_signaltap_0|vcc                            ; post-fitting ; connected ; sld_signaltap:auto_signaltap_0 ; post-synthesis    ; sld_signaltap:auto_signaltap_0|~VCC             ; N/A                                                                                      ;
; auto_signaltap_0|vcc                            ; post-fitting ; connected ; sld_signaltap:auto_signaltap_0 ; post-synthesis    ; sld_signaltap:auto_signaltap_0|~VCC             ; N/A                                                                                      ;
; auto_signaltap_0|vcc                            ; post-fitting ; connected ; sld_signaltap:auto_signaltap_0 ; post-synthesis    ; sld_signaltap:auto_signaltap_0|~VCC             ; N/A                                                                                      ;
; auto_signaltap_0|vcc                            ; post-fitting ; connected ; sld_signaltap:auto_signaltap_0 ; post-synthesis    ; sld_signaltap:auto_signaltap_0|~VCC             ; N/A                                                                                      ;
; mock_camera_generator:u_mock_camera|CAM_VSYNC   ; post-fitting ; connected ; Top                            ; post-synthesis    ; mock_camera_generator:u_mock_camera|CAM_VSYNC   ; N/A                                                                                      ;
; mock_camera_generator:u_mock_camera|CAM_VSYNC   ; post-fitting ; connected ; Top                            ; post-synthesis    ; mock_camera_generator:u_mock_camera|CAM_VSYNC   ; N/A                                                                                      ;
; mock_camera_generator:u_mock_camera|CAM_VSYNC   ; post-fitting ; connected ; Top                            ; post-synthesis    ; mock_camera_generator:u_mock_camera|CAM_VSYNC   ; N/A                                                                                      ;
; mock_camera_generator:u_mock_camera|CAM_VSYNC~0 ; post-fitting ; connected ; Top                            ; post-synthesis    ; mock_camera_generator:u_mock_camera|CAM_VSYNC~0 ; N/A                                                                                      ;
; mock_camera_generator:u_mock_camera|CAM_VSYNC~0 ; post-fitting ; connected ; Top                            ; post-synthesis    ; mock_camera_generator:u_mock_camera|CAM_VSYNC~0 ; N/A                                                                                      ;
; mock_camera_generator:u_mock_camera|CAM_VSYNC~0 ; post-fitting ; connected ; Top                            ; post-synthesis    ; mock_camera_generator:u_mock_camera|CAM_VSYNC~0 ; N/A                                                                                      ;
; mock_camera_generator:u_mock_camera|CAM_VSYNC~1 ; post-fitting ; missing   ; Top                            ; post-synthesis    ; GND                                             ; The post-fitting netlist is not being used.  Set the partition's netlist type to source. ;
; mock_camera_generator:u_mock_camera|CAM_VSYNC~1 ; post-fitting ; missing   ; Top                            ; post-synthesis    ; GND                                             ; The post-fitting netlist is not being used.  Set the partition's netlist type to source. ;
; mock_camera_generator:u_mock_camera|CAM_VSYNC~1 ; post-fitting ; missing   ; Top                            ; post-synthesis    ; GND                                             ; The post-fitting netlist is not being used.  Set the partition's netlist type to source. ;
+-------------------------------------------------+--------------+-----------+--------------------------------+-------------------+-------------------------------------------------+------------------------------------------------------------------------------------------+


+-------------------------------------------------------------------------------------------------------------------------------------------+
; Partition Merge Partition Statistics                                                                                                      ;
+---------------------------------------------+--------+------------------+--------------------------------+--------------------------------+
; Statistic                                   ; Top    ; sld_hub:auto_hub ; sld_signaltap:auto_signaltap_0 ; hard_block:auto_generated_inst ;
+---------------------------------------------+--------+------------------+--------------------------------+--------------------------------+
; Estimate of Logic utilization (ALMs needed) ; 1561   ; 81               ; 213                            ; 0                              ;
;                                             ;        ;                  ;                                ;                                ;
; Combinational ALUT usage for logic          ; 2571   ; 149              ; 312                            ; 0                              ;
;     -- 7 input functions                    ; 8      ; 2                ; 8                              ; 0                              ;
;     -- 6 input functions                    ; 501    ; 42               ; 64                             ; 0                              ;
;     -- 5 input functions                    ; 427    ; 20               ; 52                             ; 0                              ;
;     -- 4 input functions                    ; 426    ; 18               ; 38                             ; 0                              ;
;     -- <=3 input functions                  ; 1209   ; 67               ; 150                            ; 0                              ;
; Memory ALUT usage                           ; 0      ; 0                ; 0                              ; 0                              ;
;     -- 64-address deep                      ; 0      ; 0                ; 0                              ; 0                              ;
;     -- 32-address deep                      ; 0      ; 0                ; 0                              ; 0                              ;
;                                             ;        ;                  ;                                ;                                ;
; Dedicated logic registers                   ; 2194   ; 112              ; 338                            ; 0                              ;
;                                             ;        ;                  ;                                ;                                ;
;                                             ;        ;                  ;                                ;                                ;
; I/O pins                                    ; 102    ; 0                ; 0                              ; 5                              ;
; I/O registers                               ; 0      ; 0                ; 0                              ; 0                              ;
; Total block memory bits                     ; 339072 ; 0                ; 512                            ; 0                              ;
; Total block memory implementation bits      ; 0      ; 0                ; 0                              ; 0                              ;
; JTAG                                        ; 0      ; 0                ; 0                              ; 1                              ;
; DSP block                                   ; 4      ; 0                ; 0                              ; 0                              ;
;                                             ;        ;                  ;                                ;                                ;
; Connections                                 ;        ;                  ;                                ;                                ;
;     -- Input Connections                    ; 3284   ; 175              ; 591                            ; 1                              ;
;     -- Registered Input Connections         ; 2797   ; 122              ; 362                            ; 0                              ;
;     -- Output Connections                   ; 37     ; 393              ; 35                             ; 3586                           ;
;     -- Registered Output Connections        ; 10     ; 393              ; 0                              ; 0                              ;
;                                             ;        ;                  ;                                ;                                ;
; Internal Connections                        ;        ;                  ;                                ;                                ;
;     -- Total Connections                    ; 20935  ; 1364             ; 2284                           ; 3615                           ;
;     -- Registered Connections               ; 12410  ; 1093             ; 1240                           ; 0                              ;
;                                             ;        ;                  ;                                ;                                ;
; External Connections                        ;        ;                  ;                                ;                                ;
;     -- Top                                  ; 34     ; 194              ; 12                             ; 3081                           ;
;     -- sld_hub:auto_hub                     ; 194    ; 22               ; 198                            ; 154                            ;
;     -- sld_signaltap:auto_signaltap_0       ; 12     ; 198              ; 64                             ; 352                            ;
;     -- hard_block:auto_generated_inst       ; 3081   ; 154              ; 352                            ; 0                              ;
;                                             ;        ;                  ;                                ;                                ;
; Partition Interface                         ;        ;                  ;                                ;                                ;
;     -- Input Ports                          ; 63     ; 111              ; 78                             ; 6                              ;
;     -- Output Ports                         ; 76     ; 128              ; 21                             ; 16                             ;
;     -- Bidir Ports                          ; 17     ; 0                ; 0                              ; 0                              ;
;                                             ;        ;                  ;                                ;                                ;
; Registered Ports                            ;        ;                  ;                                ;                                ;
;     -- Registered Input Ports               ; 0      ; 3                ; 11                             ; 0                              ;
;     -- Registered Output Ports              ; 0      ; 68               ; 7                              ; 0                              ;
;                                             ;        ;                  ;                                ;                                ;
; Port Connectivity                           ;        ;                  ;                                ;                                ;
;     -- Input Ports driven by GND            ; 0      ; 2                ; 18                             ; 0                              ;
;     -- Output Ports driven by GND           ; 0      ; 45               ; 2                              ; 0                              ;
;     -- Input Ports driven by VCC            ; 0      ; 0                ; 17                             ; 0                              ;
;     -- Output Ports driven by VCC           ; 0      ; 0                ; 1                              ; 0                              ;
;     -- Input Ports with no Source           ; 0      ; 84               ; 4                              ; 0                              ;
;     -- Output Ports with no Source          ; 0      ; 0                ; 0                              ; 0                              ;
;     -- Input Ports with no Fanout           ; 0      ; 89               ; 18                             ; 0                              ;
;     -- Output Ports with no Fanout          ; 0      ; 76               ; 9                              ; 0                              ;
+---------------------------------------------+--------+------------------+--------------------------------+--------------------------------+
Note: Resource usage numbers presented for Partitions containing post-synthesis logic are estimates.  For Partitions containing post-fit logic, resource usage numbers are accurate based on previous placement information.  Actual Fitter results may vary depending on current Fitter Preservation Level assignments.


+------------------------------------------------------------------------------------------------------------------------------------------------------------------------------------------------------------------------------------------------------------------------------------------+
; Partition Merge Partition Pin Processing                                                                                                                                                                                                                                                 ;
+------------------------------------------------------------------------------------------------------------------------------------------------------------------------------------------------------+-----------+---------------+----------+--------------------------------------------+
; Name                                                                                                                                                                                                 ; Partition ; Type          ; Location ; Status                                     ;
+------------------------------------------------------------------------------------------------------------------------------------------------------------------------------------------------------+-----------+---------------+----------+--------------------------------------------+
; CAM_DATA[0]                                                                                                                                                                                          ; Top       ; Input Port    ; n/a      ;                                            ;
;     -- CAM_DATA[0]                                                                                                                                                                                   ; Top       ; Input Pad     ; Unplaced ; Synthesized                                ;
;     -- CAM_DATA[0]~input                                                                                                                                                                             ; Top       ; Input Buffer  ; Unplaced ; Synthesized                                ;
;                                                                                                                                                                                                      ;           ;               ;          ;                                            ;
; CAM_DATA[1]                                                                                                                                                                                          ; Top       ; Input Port    ; n/a      ;                                            ;
;     -- CAM_DATA[1]                                                                                                                                                                                   ; Top       ; Input Pad     ; Unplaced ; Synthesized                                ;
;     -- CAM_DATA[1]~input                                                                                                                                                                             ; Top       ; Input Buffer  ; Unplaced ; Synthesized                                ;
;                                                                                                                                                                                                      ;           ;               ;          ;                                            ;
; CAM_DATA[2]                                                                                                                                                                                          ; Top       ; Input Port    ; n/a      ;                                            ;
;     -- CAM_DATA[2]                                                                                                                                                                                   ; Top       ; Input Pad     ; Unplaced ; Synthesized                                ;
;     -- CAM_DATA[2]~input                                                                                                                                                                             ; Top       ; Input Buffer  ; Unplaced ; Synthesized                                ;
;                                                                                                                                                                                                      ;           ;               ;          ;                                            ;
; CAM_DATA[3]                                                                                                                                                                                          ; Top       ; Input Port    ; n/a      ;                                            ;
;     -- CAM_DATA[3]                                                                                                                                                                                   ; Top       ; Input Pad     ; Unplaced ; Synthesized                                ;
;     -- CAM_DATA[3]~input                                                                                                                                                                             ; Top       ; Input Buffer  ; Unplaced ; Synthesized                                ;
;                                                                                                                                                                                                      ;           ;               ;          ;                                            ;
; CAM_DATA[4]                                                                                                                                                                                          ; Top       ; Input Port    ; n/a      ;                                            ;
;     -- CAM_DATA[4]                                                                                                                                                                                   ; Top       ; Input Pad     ; Unplaced ; Synthesized                                ;
;     -- CAM_DATA[4]~input                                                                                                                                                                             ; Top       ; Input Buffer  ; Unplaced ; Synthesized                                ;
;                                                                                                                                                                                                      ;           ;               ;          ;                                            ;
; CAM_DATA[5]                                                                                                                                                                                          ; Top       ; Input Port    ; n/a      ;                                            ;
;     -- CAM_DATA[5]                                                                                                                                                                                   ; Top       ; Input Pad     ; Unplaced ; Synthesized                                ;
;     -- CAM_DATA[5]~input                                                                                                                                                                             ; Top       ; Input Buffer  ; Unplaced ; Synthesized                                ;
;                                                                                                                                                                                                      ;           ;               ;          ;                                            ;
; CAM_DATA[6]                                                                                                                                                                                          ; Top       ; Input Port    ; n/a      ;                                            ;
;     -- CAM_DATA[6]                                                                                                                                                                                   ; Top       ; Input Pad     ; Unplaced ; Synthesized                                ;
;     -- CAM_DATA[6]~input                                                                                                                                                                             ; Top       ; Input Buffer  ; Unplaced ; Synthesized                                ;
;                                                                                                                                                                                                      ;           ;               ;          ;                                            ;
; CAM_DATA[7]                                                                                                                                                                                          ; Top       ; Input Port    ; n/a      ;                                            ;
;     -- CAM_DATA[7]                                                                                                                                                                                   ; Top       ; Input Pad     ; Unplaced ; Synthesized                                ;
;     -- CAM_DATA[7]~input                                                                                                                                                                             ; Top       ; Input Buffer  ; Unplaced ; Synthesized                                ;
;                                                                                                                                                                                                      ;           ;               ;          ;                                            ;
; CAM_HREF                                                                                                                                                                                             ; Top       ; Input Port    ; n/a      ;                                            ;
;     -- CAM_HREF                                                                                                                                                                                      ; Top       ; Input Pad     ; Unplaced ; Synthesized                                ;
;     -- CAM_HREF~input                                                                                                                                                                                ; Top       ; Input Buffer  ; Unplaced ; Synthesized                                ;
;                                                                                                                                                                                                      ;           ;               ;          ;                                            ;
; CAM_PCLK                                                                                                                                                                                             ; Top       ; Input Port    ; n/a      ;                                            ;
;     -- CAM_PCLK                                                                                                                                                                                      ; Top       ; Input Pad     ; Unplaced ; Synthesized                                ;
;     -- CAM_PCLK~input                                                                                                                                                                                ; Top       ; Input Buffer  ; Unplaced ; Synthesized                                ;
;                                                                                                                                                                                                      ;           ;               ;          ;                                            ;
; CAM_SCL                                                                                                                                                                                              ; Top       ; Output Port   ; n/a      ;                                            ;
;     -- CAM_SCL                                                                                                                                                                                       ; Top       ; Output Pad    ; Unplaced ; Synthesized                                ;
;     -- CAM_SCL~output                                                                                                                                                                                ; Top       ; Output Buffer ; Unplaced ; Synthesized                                ;
;                                                                                                                                                                                                      ;           ;               ;          ;                                            ;
; CAM_SDA                                                                                                                                                                                              ; Top       ; Bidir Port    ; n/a      ;                                            ;
;     -- CAM_SDA                                                                                                                                                                                       ; Top       ; Bidir Pad     ; Unplaced ; Synthesized                                ;
;     -- CAM_SDA~output                                                                                                                                                                                ; Top       ; Output Buffer ; Unplaced ; Preserved from Synthesis Netlist (WYSIWYG) ;
;                                                                                                                                                                                                      ;           ;               ;          ;                                            ;
; CAM_VSYNC                                                                                                                                                                                            ; Top       ; Input Port    ; n/a      ;                                            ;
;     -- CAM_VSYNC                                                                                                                                                                                     ; Top       ; Input Pad     ; Unplaced ; Synthesized                                ;
;     -- CAM_VSYNC~input                                                                                                                                                                               ; Top       ; Input Buffer  ; Unplaced ; Synthesized                                ;
;                                                                                                                                                                                                      ;           ;               ;          ;                                            ;
; CAM_XCLK                                                                                                                                                                                             ; Top       ; Output Port   ; n/a      ;                                            ;
;     -- CAM_XCLK                                                                                                                                                                                      ; Top       ; Output Pad    ; Unplaced ; Synthesized                                ;
;     -- CAM_XCLK~output                                                                                                                                                                               ; Top       ; Output Buffer ; Unplaced ; Synthesized                                ;
;                                                                                                                                                                                                      ;           ;               ;          ;                                            ;
; CLOCK_50                                                                                                                                                                                             ; Top       ; Input Port    ; n/a      ;                                            ;
;     -- CLOCK_50                                                                                                                                                                                      ; Top       ; Input Pad     ; Unplaced ; Synthesized                                ;
;     -- CLOCK_50~input                                                                                                                                                                                ; Top       ; Input Buffer  ; Unplaced ; Synthesized                                ;
;                                                                                                                                                                                                      ;           ;               ;          ;                                            ;
; DRAM_ADDR[0]                                                                                                                                                                                         ; Top       ; Output Port   ; n/a      ;                                            ;
;     -- DRAM_ADDR[0]                                                                                                                                                                                  ; Top       ; Output Pad    ; Unplaced ; Synthesized                                ;
;     -- DRAM_ADDR[0]~output                                                                                                                                                                           ; Top       ; Output Buffer ; Unplaced ; Synthesized                                ;
;                                                                                                                                                                                                      ;           ;               ;          ;                                            ;
; DRAM_ADDR[10]                                                                                                                                                                                        ; Top       ; Output Port   ; n/a      ;                                            ;
;     -- DRAM_ADDR[10]                                                                                                                                                                                 ; Top       ; Output Pad    ; Unplaced ; Synthesized                                ;
;     -- DRAM_ADDR[10]~output                                                                                                                                                                          ; Top       ; Output Buffer ; Unplaced ; Synthesized                                ;
;                                                                                                                                                                                                      ;           ;               ;          ;                                            ;
; DRAM_ADDR[11]                                                                                                                                                                                        ; Top       ; Output Port   ; n/a      ;                                            ;
;     -- DRAM_ADDR[11]                                                                                                                                                                                 ; Top       ; Output Pad    ; Unplaced ; Synthesized                                ;
;     -- DRAM_ADDR[11]~output                                                                                                                                                                          ; Top       ; Output Buffer ; Unplaced ; Synthesized                                ;
;                                                                                                                                                                                                      ;           ;               ;          ;                                            ;
; DRAM_ADDR[12]                                                                                                                                                                                        ; Top       ; Output Port   ; n/a      ;                                            ;
;     -- DRAM_ADDR[12]                                                                                                                                                                                 ; Top       ; Output Pad    ; Unplaced ; Synthesized                                ;
;     -- DRAM_ADDR[12]~output                                                                                                                                                                          ; Top       ; Output Buffer ; Unplaced ; Synthesized                                ;
;                                                                                                                                                                                                      ;           ;               ;          ;                                            ;
; DRAM_ADDR[1]                                                                                                                                                                                         ; Top       ; Output Port   ; n/a      ;                                            ;
;     -- DRAM_ADDR[1]                                                                                                                                                                                  ; Top       ; Output Pad    ; Unplaced ; Synthesized                                ;
;     -- DRAM_ADDR[1]~output                                                                                                                                                                           ; Top       ; Output Buffer ; Unplaced ; Synthesized                                ;
;                                                                                                                                                                                                      ;           ;               ;          ;                                            ;
; DRAM_ADDR[2]                                                                                                                                                                                         ; Top       ; Output Port   ; n/a      ;                                            ;
;     -- DRAM_ADDR[2]                                                                                                                                                                                  ; Top       ; Output Pad    ; Unplaced ; Synthesized                                ;
;     -- DRAM_ADDR[2]~output                                                                                                                                                                           ; Top       ; Output Buffer ; Unplaced ; Synthesized                                ;
;                                                                                                                                                                                                      ;           ;               ;          ;                                            ;
; DRAM_ADDR[3]                                                                                                                                                                                         ; Top       ; Output Port   ; n/a      ;                                            ;
;     -- DRAM_ADDR[3]                                                                                                                                                                                  ; Top       ; Output Pad    ; Unplaced ; Synthesized                                ;
;     -- DRAM_ADDR[3]~output                                                                                                                                                                           ; Top       ; Output Buffer ; Unplaced ; Synthesized                                ;
;                                                                                                                                                                                                      ;           ;               ;          ;                                            ;
; DRAM_ADDR[4]                                                                                                                                                                                         ; Top       ; Output Port   ; n/a      ;                                            ;
;     -- DRAM_ADDR[4]                                                                                                                                                                                  ; Top       ; Output Pad    ; Unplaced ; Synthesized                                ;
;     -- DRAM_ADDR[4]~output                                                                                                                                                                           ; Top       ; Output Buffer ; Unplaced ; Synthesized                                ;
;                                                                                                                                                                                                      ;           ;               ;          ;                                            ;
; DRAM_ADDR[5]                                                                                                                                                                                         ; Top       ; Output Port   ; n/a      ;                                            ;
;     -- DRAM_ADDR[5]                                                                                                                                                                                  ; Top       ; Output Pad    ; Unplaced ; Synthesized                                ;
;     -- DRAM_ADDR[5]~output                                                                                                                                                                           ; Top       ; Output Buffer ; Unplaced ; Synthesized                                ;
;                                                                                                                                                                                                      ;           ;               ;          ;                                            ;
; DRAM_ADDR[6]                                                                                                                                                                                         ; Top       ; Output Port   ; n/a      ;                                            ;
;     -- DRAM_ADDR[6]                                                                                                                                                                                  ; Top       ; Output Pad    ; Unplaced ; Synthesized                                ;
;     -- DRAM_ADDR[6]~output                                                                                                                                                                           ; Top       ; Output Buffer ; Unplaced ; Synthesized                                ;
;                                                                                                                                                                                                      ;           ;               ;          ;                                            ;
; DRAM_ADDR[7]                                                                                                                                                                                         ; Top       ; Output Port   ; n/a      ;                                            ;
;     -- DRAM_ADDR[7]                                                                                                                                                                                  ; Top       ; Output Pad    ; Unplaced ; Synthesized                                ;
;     -- DRAM_ADDR[7]~output                                                                                                                                                                           ; Top       ; Output Buffer ; Unplaced ; Synthesized                                ;
;                                                                                                                                                                                                      ;           ;               ;          ;                                            ;
; DRAM_ADDR[8]                                                                                                                                                                                         ; Top       ; Output Port   ; n/a      ;                                            ;
;     -- DRAM_ADDR[8]                                                                                                                                                                                  ; Top       ; Output Pad    ; Unplaced ; Synthesized                                ;
;     -- DRAM_ADDR[8]~output                                                                                                                                                                           ; Top       ; Output Buffer ; Unplaced ; Synthesized                                ;
;                                                                                                                                                                                                      ;           ;               ;          ;                                            ;
; DRAM_ADDR[9]                                                                                                                                                                                         ; Top       ; Output Port   ; n/a      ;                                            ;
;     -- DRAM_ADDR[9]                                                                                                                                                                                  ; Top       ; Output Pad    ; Unplaced ; Synthesized                                ;
;     -- DRAM_ADDR[9]~output                                                                                                                                                                           ; Top       ; Output Buffer ; Unplaced ; Synthesized                                ;
;                                                                                                                                                                                                      ;           ;               ;          ;                                            ;
; DRAM_BA[0]                                                                                                                                                                                           ; Top       ; Output Port   ; n/a      ;                                            ;
;     -- DRAM_BA[0]                                                                                                                                                                                    ; Top       ; Output Pad    ; Unplaced ; Synthesized                                ;
;     -- DRAM_BA[0]~output                                                                                                                                                                             ; Top       ; Output Buffer ; Unplaced ; Synthesized                                ;
;                                                                                                                                                                                                      ;           ;               ;          ;                                            ;
; DRAM_BA[1]                                                                                                                                                                                           ; Top       ; Output Port   ; n/a      ;                                            ;
;     -- DRAM_BA[1]                                                                                                                                                                                    ; Top       ; Output Pad    ; Unplaced ; Synthesized                                ;
;     -- DRAM_BA[1]~output                                                                                                                                                                             ; Top       ; Output Buffer ; Unplaced ; Synthesized                                ;
;                                                                                                                                                                                                      ;           ;               ;          ;                                            ;
; DRAM_CAS_N                                                                                                                                                                                           ; Top       ; Output Port   ; n/a      ;                                            ;
;     -- DRAM_CAS_N                                                                                                                                                                                    ; Top       ; Output Pad    ; Unplaced ; Synthesized                                ;
;     -- DRAM_CAS_N~output                                                                                                                                                                             ; Top       ; Output Buffer ; Unplaced ; Synthesized                                ;
;                                                                                                                                                                                                      ;           ;               ;          ;                                            ;
; DRAM_CKE                                                                                                                                                                                             ; Top       ; Output Port   ; n/a      ;                                            ;
;     -- DRAM_CKE                                                                                                                                                                                      ; Top       ; Output Pad    ; Unplaced ; Synthesized                                ;
;     -- DRAM_CKE~output                                                                                                                                                                               ; Top       ; Output Buffer ; Unplaced ; Synthesized                                ;
;                                                                                                                                                                                                      ;           ;               ;          ;                                            ;
; DRAM_CLK                                                                                                                                                                                             ; Top       ; Output Port   ; n/a      ;                                            ;
;     -- DRAM_CLK                                                                                                                                                                                      ; Top       ; Output Pad    ; Unplaced ; Synthesized                                ;
;     -- DRAM_CLK~output                                                                                                                                                                               ; Top       ; Output Buffer ; Unplaced ; Synthesized                                ;
;                                                                                                                                                                                                      ;           ;               ;          ;                                            ;
; DRAM_CS_N                                                                                                                                                                                            ; Top       ; Output Port   ; n/a      ;                                            ;
;     -- DRAM_CS_N                                                                                                                                                                                     ; Top       ; Output Pad    ; Unplaced ; Synthesized                                ;
;     -- DRAM_CS_N~output                                                                                                                                                                              ; Top       ; Output Buffer ; Unplaced ; Synthesized                                ;
;                                                                                                                                                                                                      ;           ;               ;          ;                                            ;
; DRAM_DQ[0]                                                                                                                                                                                           ; Top       ; Bidir Port    ; n/a      ;                                            ;
;     -- DRAM_DQ[0]                                                                                                                                                                                    ; Top       ; Bidir Pad     ; Unplaced ; Synthesized                                ;
;     -- DRAM_DQ[0]~output                                                                                                                                                                             ; Top       ; Output Buffer ; Unplaced ; Preserved from Synthesis Netlist (WYSIWYG) ;
;                                                                                                                                                                                                      ;           ;               ;          ;                                            ;
; DRAM_DQ[10]                                                                                                                                                                                          ; Top       ; Bidir Port    ; n/a      ;                                            ;
;     -- DRAM_DQ[10]                                                                                                                                                                                   ; Top       ; Bidir Pad     ; Unplaced ; Synthesized                                ;
;     -- DRAM_DQ[10]~output                                                                                                                                                                            ; Top       ; Output Buffer ; Unplaced ; Preserved from Synthesis Netlist (WYSIWYG) ;
;                                                                                                                                                                                                      ;           ;               ;          ;                                            ;
; DRAM_DQ[11]                                                                                                                                                                                          ; Top       ; Bidir Port    ; n/a      ;                                            ;
;     -- DRAM_DQ[11]                                                                                                                                                                                   ; Top       ; Bidir Pad     ; Unplaced ; Synthesized                                ;
;     -- DRAM_DQ[11]~output                                                                                                                                                                            ; Top       ; Output Buffer ; Unplaced ; Preserved from Synthesis Netlist (WYSIWYG) ;
;                                                                                                                                                                                                      ;           ;               ;          ;                                            ;
; DRAM_DQ[12]                                                                                                                                                                                          ; Top       ; Bidir Port    ; n/a      ;                                            ;
;     -- DRAM_DQ[12]                                                                                                                                                                                   ; Top       ; Bidir Pad     ; Unplaced ; Synthesized                                ;
;     -- DRAM_DQ[12]~output                                                                                                                                                                            ; Top       ; Output Buffer ; Unplaced ; Preserved from Synthesis Netlist (WYSIWYG) ;
;                                                                                                                                                                                                      ;           ;               ;          ;                                            ;
; DRAM_DQ[13]                                                                                                                                                                                          ; Top       ; Bidir Port    ; n/a      ;                                            ;
;     -- DRAM_DQ[13]                                                                                                                                                                                   ; Top       ; Bidir Pad     ; Unplaced ; Synthesized                                ;
;     -- DRAM_DQ[13]~output                                                                                                                                                                            ; Top       ; Output Buffer ; Unplaced ; Preserved from Synthesis Netlist (WYSIWYG) ;
;                                                                                                                                                                                                      ;           ;               ;          ;                                            ;
; DRAM_DQ[14]                                                                                                                                                                                          ; Top       ; Bidir Port    ; n/a      ;                                            ;
;     -- DRAM_DQ[14]                                                                                                                                                                                   ; Top       ; Bidir Pad     ; Unplaced ; Synthesized                                ;
;     -- DRAM_DQ[14]~output                                                                                                                                                                            ; Top       ; Output Buffer ; Unplaced ; Preserved from Synthesis Netlist (WYSIWYG) ;
;                                                                                                                                                                                                      ;           ;               ;          ;                                            ;
; DRAM_DQ[15]                                                                                                                                                                                          ; Top       ; Bidir Port    ; n/a      ;                                            ;
;     -- DRAM_DQ[15]                                                                                                                                                                                   ; Top       ; Bidir Pad     ; Unplaced ; Synthesized                                ;
;     -- DRAM_DQ[15]~output                                                                                                                                                                            ; Top       ; Output Buffer ; Unplaced ; Preserved from Synthesis Netlist (WYSIWYG) ;
;                                                                                                                                                                                                      ;           ;               ;          ;                                            ;
; DRAM_DQ[1]                                                                                                                                                                                           ; Top       ; Bidir Port    ; n/a      ;                                            ;
;     -- DRAM_DQ[1]                                                                                                                                                                                    ; Top       ; Bidir Pad     ; Unplaced ; Synthesized                                ;
;     -- DRAM_DQ[1]~output                                                                                                                                                                             ; Top       ; Output Buffer ; Unplaced ; Preserved from Synthesis Netlist (WYSIWYG) ;
;                                                                                                                                                                                                      ;           ;               ;          ;                                            ;
; DRAM_DQ[2]                                                                                                                                                                                           ; Top       ; Bidir Port    ; n/a      ;                                            ;
;     -- DRAM_DQ[2]                                                                                                                                                                                    ; Top       ; Bidir Pad     ; Unplaced ; Synthesized                                ;
;     -- DRAM_DQ[2]~output                                                                                                                                                                             ; Top       ; Output Buffer ; Unplaced ; Preserved from Synthesis Netlist (WYSIWYG) ;
;                                                                                                                                                                                                      ;           ;               ;          ;                                            ;
; DRAM_DQ[3]                                                                                                                                                                                           ; Top       ; Bidir Port    ; n/a      ;                                            ;
;     -- DRAM_DQ[3]                                                                                                                                                                                    ; Top       ; Bidir Pad     ; Unplaced ; Synthesized                                ;
;     -- DRAM_DQ[3]~output                                                                                                                                                                             ; Top       ; Output Buffer ; Unplaced ; Preserved from Synthesis Netlist (WYSIWYG) ;
;                                                                                                                                                                                                      ;           ;               ;          ;                                            ;
; DRAM_DQ[4]                                                                                                                                                                                           ; Top       ; Bidir Port    ; n/a      ;                                            ;
;     -- DRAM_DQ[4]                                                                                                                                                                                    ; Top       ; Bidir Pad     ; Unplaced ; Synthesized                                ;
;     -- DRAM_DQ[4]~output                                                                                                                                                                             ; Top       ; Output Buffer ; Unplaced ; Preserved from Synthesis Netlist (WYSIWYG) ;
;                                                                                                                                                                                                      ;           ;               ;          ;                                            ;
; DRAM_DQ[5]                                                                                                                                                                                           ; Top       ; Bidir Port    ; n/a      ;                                            ;
;     -- DRAM_DQ[5]                                                                                                                                                                                    ; Top       ; Bidir Pad     ; Unplaced ; Synthesized                                ;
;     -- DRAM_DQ[5]~output                                                                                                                                                                             ; Top       ; Output Buffer ; Unplaced ; Preserved from Synthesis Netlist (WYSIWYG) ;
;                                                                                                                                                                                                      ;           ;               ;          ;                                            ;
; DRAM_DQ[6]                                                                                                                                                                                           ; Top       ; Bidir Port    ; n/a      ;                                            ;
;     -- DRAM_DQ[6]                                                                                                                                                                                    ; Top       ; Bidir Pad     ; Unplaced ; Synthesized                                ;
;     -- DRAM_DQ[6]~output                                                                                                                                                                             ; Top       ; Output Buffer ; Unplaced ; Preserved from Synthesis Netlist (WYSIWYG) ;
;                                                                                                                                                                                                      ;           ;               ;          ;                                            ;
; DRAM_DQ[7]                                                                                                                                                                                           ; Top       ; Bidir Port    ; n/a      ;                                            ;
;     -- DRAM_DQ[7]                                                                                                                                                                                    ; Top       ; Bidir Pad     ; Unplaced ; Synthesized                                ;
;     -- DRAM_DQ[7]~output                                                                                                                                                                             ; Top       ; Output Buffer ; Unplaced ; Preserved from Synthesis Netlist (WYSIWYG) ;
;                                                                                                                                                                                                      ;           ;               ;          ;                                            ;
; DRAM_DQ[8]                                                                                                                                                                                           ; Top       ; Bidir Port    ; n/a      ;                                            ;
;     -- DRAM_DQ[8]                                                                                                                                                                                    ; Top       ; Bidir Pad     ; Unplaced ; Synthesized                                ;
;     -- DRAM_DQ[8]~output                                                                                                                                                                             ; Top       ; Output Buffer ; Unplaced ; Preserved from Synthesis Netlist (WYSIWYG) ;
;                                                                                                                                                                                                      ;           ;               ;          ;                                            ;
; DRAM_DQ[9]                                                                                                                                                                                           ; Top       ; Bidir Port    ; n/a      ;                                            ;
;     -- DRAM_DQ[9]                                                                                                                                                                                    ; Top       ; Bidir Pad     ; Unplaced ; Synthesized                                ;
;     -- DRAM_DQ[9]~output                                                                                                                                                                             ; Top       ; Output Buffer ; Unplaced ; Preserved from Synthesis Netlist (WYSIWYG) ;
;                                                                                                                                                                                                      ;           ;               ;          ;                                            ;
; DRAM_LDQM                                                                                                                                                                                            ; Top       ; Output Port   ; n/a      ;                                            ;
;     -- DRAM_LDQM                                                                                                                                                                                     ; Top       ; Output Pad    ; Unplaced ; Synthesized                                ;
;     -- DRAM_LDQM~output                                                                                                                                                                              ; Top       ; Output Buffer ; Unplaced ; Synthesized                                ;
;                                                                                                                                                                                                      ;           ;               ;          ;                                            ;
; DRAM_RAS_N                                                                                                                                                                                           ; Top       ; Output Port   ; n/a      ;                                            ;
;     -- DRAM_RAS_N                                                                                                                                                                                    ; Top       ; Output Pad    ; Unplaced ; Synthesized                                ;
;     -- DRAM_RAS_N~output                                                                                                                                                                             ; Top       ; Output Buffer ; Unplaced ; Synthesized                                ;
;                                                                                                                                                                                                      ;           ;               ;          ;                                            ;
; DRAM_UDQM                                                                                                                                                                                            ; Top       ; Output Port   ; n/a      ;                                            ;
;     -- DRAM_UDQM                                                                                                                                                                                     ; Top       ; Output Pad    ; Unplaced ; Synthesized                                ;
;     -- DRAM_UDQM~output                                                                                                                                                                              ; Top       ; Output Buffer ; Unplaced ; Synthesized                                ;
;                                                                                                                                                                                                      ;           ;               ;          ;                                            ;
; DRAM_WE_N                                                                                                                                                                                            ; Top       ; Output Port   ; n/a      ;                                            ;
;     -- DRAM_WE_N                                                                                                                                                                                     ; Top       ; Output Pad    ; Unplaced ; Synthesized                                ;
;     -- DRAM_WE_N~output                                                                                                                                                                              ; Top       ; Output Buffer ; Unplaced ; Synthesized                                ;
;                                                                                                                                                                                                      ;           ;               ;          ;                                            ;
; KEY[0]                                                                                                                                                                                               ; Top       ; Input Port    ; n/a      ;                                            ;
;     -- KEY[0]                                                                                                                                                                                        ; Top       ; Input Pad     ; Unplaced ; Synthesized                                ;
;     -- KEY[0]~input                                                                                                                                                                                  ; Top       ; Input Buffer  ; Unplaced ; Synthesized                                ;
;                                                                                                                                                                                                      ;           ;               ;          ;                                            ;
; KEY[1]                                                                                                                                                                                               ; Top       ; Input Port    ; n/a      ;                                            ;
;     -- KEY[1]                                                                                                                                                                                        ; Top       ; Input Pad     ; Unplaced ; Synthesized                                ;
;     -- KEY[1]~input                                                                                                                                                                                  ; Top       ; Input Buffer  ; Unplaced ; Synthesized                                ;
;                                                                                                                                                                                                      ;           ;               ;          ;                                            ;
; KEY[2]                                                                                                                                                                                               ; Top       ; Input Port    ; n/a      ;                                            ;
;     -- KEY[2]                                                                                                                                                                                        ; Top       ; Input Pad     ; Unplaced ; Synthesized                                ;
;     -- KEY[2]~input                                                                                                                                                                                  ; Top       ; Input Buffer  ; Unplaced ; Synthesized                                ;
;                                                                                                                                                                                                      ;           ;               ;          ;                                            ;
; KEY[3]                                                                                                                                                                                               ; Top       ; Input Port    ; n/a      ;                                            ;
;     -- KEY[3]                                                                                                                                                                                        ; Top       ; Input Pad     ; Unplaced ; Synthesized                                ;
;     -- KEY[3]~input                                                                                                                                                                                  ; Top       ; Input Buffer  ; Unplaced ; Synthesized                                ;
;                                                                                                                                                                                                      ;           ;               ;          ;                                            ;
; LEDR[0]                                                                                                                                                                                              ; Top       ; Output Port   ; n/a      ;                                            ;
;     -- LEDR[0]                                                                                                                                                                                       ; Top       ; Output Pad    ; Unplaced ; Synthesized                                ;
;     -- LEDR[0]~output                                                                                                                                                                                ; Top       ; Output Buffer ; Unplaced ; Synthesized                                ;
;                                                                                                                                                                                                      ;           ;               ;          ;                                            ;
; LEDR[1]                                                                                                                                                                                              ; Top       ; Output Port   ; n/a      ;                                            ;
;     -- LEDR[1]                                                                                                                                                                                       ; Top       ; Output Pad    ; Unplaced ; Synthesized                                ;
;     -- LEDR[1]~output                                                                                                                                                                                ; Top       ; Output Buffer ; Unplaced ; Synthesized                                ;
;                                                                                                                                                                                                      ;           ;               ;          ;                                            ;
; LEDR[2]                                                                                                                                                                                              ; Top       ; Output Port   ; n/a      ;                                            ;
;     -- LEDR[2]                                                                                                                                                                                       ; Top       ; Output Pad    ; Unplaced ; Synthesized                                ;
;     -- LEDR[2]~output                                                                                                                                                                                ; Top       ; Output Buffer ; Unplaced ; Synthesized                                ;
;                                                                                                                                                                                                      ;           ;               ;          ;                                            ;
; LEDR[3]                                                                                                                                                                                              ; Top       ; Output Port   ; n/a      ;                                            ;
;     -- LEDR[3]                                                                                                                                                                                       ; Top       ; Output Pad    ; Unplaced ; Synthesized                                ;
;     -- LEDR[3]~output                                                                                                                                                                                ; Top       ; Output Buffer ; Unplaced ; Synthesized                                ;
;                                                                                                                                                                                                      ;           ;               ;          ;                                            ;
; LEDR[4]                                                                                                                                                                                              ; Top       ; Output Port   ; n/a      ;                                            ;
;     -- LEDR[4]                                                                                                                                                                                       ; Top       ; Output Pad    ; Unplaced ; Synthesized                                ;
;     -- LEDR[4]~output                                                                                                                                                                                ; Top       ; Output Buffer ; Unplaced ; Synthesized                                ;
;                                                                                                                                                                                                      ;           ;               ;          ;                                            ;
; LEDR[5]                                                                                                                                                                                              ; Top       ; Output Port   ; n/a      ;                                            ;
;     -- LEDR[5]                                                                                                                                                                                       ; Top       ; Output Pad    ; Unplaced ; Synthesized                                ;
;     -- LEDR[5]~output                                                                                                                                                                                ; Top       ; Output Buffer ; Unplaced ; Synthesized                                ;
;                                                                                                                                                                                                      ;           ;               ;          ;                                            ;
; LEDR[6]                                                                                                                                                                                              ; Top       ; Output Port   ; n/a      ;                                            ;
;     -- LEDR[6]                                                                                                                                                                                       ; Top       ; Output Pad    ; Unplaced ; Synthesized                                ;
;     -- LEDR[6]~output                                                                                                                                                                                ; Top       ; Output Buffer ; Unplaced ; Synthesized                                ;
;                                                                                                                                                                                                      ;           ;               ;          ;                                            ;
; LEDR[7]                                                                                                                                                                                              ; Top       ; Output Port   ; n/a      ;                                            ;
;     -- LEDR[7]                                                                                                                                                                                       ; Top       ; Output Pad    ; Unplaced ; Synthesized                                ;
;     -- LEDR[7]~output                                                                                                                                                                                ; Top       ; Output Buffer ; Unplaced ; Synthesized                                ;
;                                                                                                                                                                                                      ;           ;               ;          ;                                            ;
; LEDR[8]                                                                                                                                                                                              ; Top       ; Output Port   ; n/a      ;                                            ;
;     -- LEDR[8]                                                                                                                                                                                       ; Top       ; Output Pad    ; Unplaced ; Synthesized                                ;
;     -- LEDR[8]~output                                                                                                                                                                                ; Top       ; Output Buffer ; Unplaced ; Synthesized                                ;
;                                                                                                                                                                                                      ;           ;               ;          ;                                            ;
; LEDR[9]                                                                                                                                                                                              ; Top       ; Output Port   ; n/a      ;                                            ;
;     -- LEDR[9]                                                                                                                                                                                       ; Top       ; Output Pad    ; Unplaced ; Synthesized                                ;
;     -- LEDR[9]~output                                                                                                                                                                                ; Top       ; Output Buffer ; Unplaced ; Synthesized                                ;
;                                                                                                                                                                                                      ;           ;               ;          ;                                            ;
; SW[0]                                                                                                                                                                                                ; Top       ; Input Port    ; n/a      ;                                            ;
;     -- SW[0]                                                                                                                                                                                         ; Top       ; Input Pad     ; Unplaced ; Synthesized                                ;
;     -- SW[0]~input                                                                                                                                                                                   ; Top       ; Input Buffer  ; Unplaced ; Synthesized                                ;
;                                                                                                                                                                                                      ;           ;               ;          ;                                            ;
; SW[1]                                                                                                                                                                                                ; Top       ; Input Port    ; n/a      ;                                            ;
;     -- SW[1]                                                                                                                                                                                         ; Top       ; Input Pad     ; Unplaced ; Synthesized                                ;
;     -- SW[1]~input                                                                                                                                                                                   ; Top       ; Input Buffer  ; Unplaced ; Synthesized                                ;
;                                                                                                                                                                                                      ;           ;               ;          ;                                            ;
; SW[2]                                                                                                                                                                                                ; Top       ; Input Port    ; n/a      ;                                            ;
;     -- SW[2]                                                                                                                                                                                         ; Top       ; Input Pad     ; Unplaced ; Synthesized                                ;
;     -- SW[2]~input                                                                                                                                                                                   ; Top       ; Input Buffer  ; Unplaced ; Synthesized                                ;
;                                                                                                                                                                                                      ;           ;               ;          ;                                            ;
; SW[3]                                                                                                                                                                                                ; Top       ; Input Port    ; n/a      ;                                            ;
;     -- SW[3]                                                                                                                                                                                         ; Top       ; Input Pad     ; Unplaced ; Synthesized                                ;
;     -- SW[3]~input                                                                                                                                                                                   ; Top       ; Input Buffer  ; Unplaced ; Synthesized                                ;
;                                                                                                                                                                                                      ;           ;               ;          ;                                            ;
; SW[4]                                                                                                                                                                                                ; Top       ; Input Port    ; n/a      ;                                            ;
;     -- SW[4]                                                                                                                                                                                         ; Top       ; Input Pad     ; Unplaced ; Synthesized                                ;
;     -- SW[4]~input                                                                                                                                                                                   ; Top       ; Input Buffer  ; Unplaced ; Synthesized                                ;
;                                                                                                                                                                                                      ;           ;               ;          ;                                            ;
; SW[5]                                                                                                                                                                                                ; Top       ; Input Port    ; n/a      ;                                            ;
;     -- SW[5]                                                                                                                                                                                         ; Top       ; Input Pad     ; Unplaced ; Synthesized                                ;
;     -- SW[5]~input                                                                                                                                                                                   ; Top       ; Input Buffer  ; Unplaced ; Synthesized                                ;
;                                                                                                                                                                                                      ;           ;               ;          ;                                            ;
; SW[6]                                                                                                                                                                                                ; Top       ; Input Port    ; n/a      ;                                            ;
;     -- SW[6]                                                                                                                                                                                         ; Top       ; Input Pad     ; Unplaced ; Synthesized                                ;
;     -- SW[6]~input                                                                                                                                                                                   ; Top       ; Input Buffer  ; Unplaced ; Synthesized                                ;
;                                                                                                                                                                                                      ;           ;               ;          ;                                            ;
; SW[7]                                                                                                                                                                                                ; Top       ; Input Port    ; n/a      ;                                            ;
;     -- SW[7]                                                                                                                                                                                         ; Top       ; Input Pad     ; Unplaced ; Synthesized                                ;
;     -- SW[7]~input                                                                                                                                                                                   ; Top       ; Input Buffer  ; Unplaced ; Synthesized                                ;
;                                                                                                                                                                                                      ;           ;               ;          ;                                            ;
; SW[8]                                                                                                                                                                                                ; Top       ; Input Port    ; n/a      ;                                            ;
;     -- SW[8]                                                                                                                                                                                         ; Top       ; Input Pad     ; Unplaced ; Synthesized                                ;
;     -- SW[8]~input                                                                                                                                                                                   ; Top       ; Input Buffer  ; Unplaced ; Synthesized                                ;
;                                                                                                                                                                                                      ;           ;               ;          ;                                            ;
; SW[9]                                                                                                                                                                                                ; Top       ; Input Port    ; n/a      ;                                            ;
;     -- SW[9]                                                                                                                                                                                         ; Top       ; Input Pad     ; Unplaced ; Synthesized                                ;
;     -- SW[9]~input                                                                                                                                                                                   ; Top       ; Input Buffer  ; Unplaced ; Synthesized                                ;
;                                                                                                                                                                                                      ;           ;               ;          ;                                            ;
; VGA_BLANK_N                                                                                                                                                                                          ; Top       ; Output Port   ; n/a      ;                                            ;
;     -- VGA_BLANK_N                                                                                                                                                                                   ; Top       ; Output Pad    ; Unplaced ; Synthesized                                ;
;     -- VGA_BLANK_N~output                                                                                                                                                                            ; Top       ; Output Buffer ; Unplaced ; Synthesized                                ;
;                                                                                                                                                                                                      ;           ;               ;          ;                                            ;
; VGA_B[0]                                                                                                                                                                                             ; Top       ; Output Port   ; n/a      ;                                            ;
;     -- VGA_B[0]                                                                                                                                                                                      ; Top       ; Output Pad    ; Unplaced ; Synthesized                                ;
;     -- VGA_B[0]~output                                                                                                                                                                               ; Top       ; Output Buffer ; Unplaced ; Synthesized                                ;
;                                                                                                                                                                                                      ;           ;               ;          ;                                            ;
; VGA_B[1]                                                                                                                                                                                             ; Top       ; Output Port   ; n/a      ;                                            ;
;     -- VGA_B[1]                                                                                                                                                                                      ; Top       ; Output Pad    ; Unplaced ; Synthesized                                ;
;     -- VGA_B[1]~output                                                                                                                                                                               ; Top       ; Output Buffer ; Unplaced ; Synthesized                                ;
;                                                                                                                                                                                                      ;           ;               ;          ;                                            ;
; VGA_B[2]                                                                                                                                                                                             ; Top       ; Output Port   ; n/a      ;                                            ;
;     -- VGA_B[2]                                                                                                                                                                                      ; Top       ; Output Pad    ; Unplaced ; Synthesized                                ;
;     -- VGA_B[2]~output                                                                                                                                                                               ; Top       ; Output Buffer ; Unplaced ; Synthesized                                ;
;                                                                                                                                                                                                      ;           ;               ;          ;                                            ;
; VGA_B[3]                                                                                                                                                                                             ; Top       ; Output Port   ; n/a      ;                                            ;
;     -- VGA_B[3]                                                                                                                                                                                      ; Top       ; Output Pad    ; Unplaced ; Synthesized                                ;
;     -- VGA_B[3]~output                                                                                                                                                                               ; Top       ; Output Buffer ; Unplaced ; Synthesized                                ;
;                                                                                                                                                                                                      ;           ;               ;          ;                                            ;
; VGA_B[4]                                                                                                                                                                                             ; Top       ; Output Port   ; n/a      ;                                            ;
;     -- VGA_B[4]                                                                                                                                                                                      ; Top       ; Output Pad    ; Unplaced ; Synthesized                                ;
;     -- VGA_B[4]~output                                                                                                                                                                               ; Top       ; Output Buffer ; Unplaced ; Synthesized                                ;
;                                                                                                                                                                                                      ;           ;               ;          ;                                            ;
; VGA_B[5]                                                                                                                                                                                             ; Top       ; Output Port   ; n/a      ;                                            ;
;     -- VGA_B[5]                                                                                                                                                                                      ; Top       ; Output Pad    ; Unplaced ; Synthesized                                ;
;     -- VGA_B[5]~output                                                                                                                                                                               ; Top       ; Output Buffer ; Unplaced ; Synthesized                                ;
;                                                                                                                                                                                                      ;           ;               ;          ;                                            ;
; VGA_B[6]                                                                                                                                                                                             ; Top       ; Output Port   ; n/a      ;                                            ;
;     -- VGA_B[6]                                                                                                                                                                                      ; Top       ; Output Pad    ; Unplaced ; Synthesized                                ;
;     -- VGA_B[6]~output                                                                                                                                                                               ; Top       ; Output Buffer ; Unplaced ; Synthesized                                ;
;                                                                                                                                                                                                      ;           ;               ;          ;                                            ;
; VGA_B[7]                                                                                                                                                                                             ; Top       ; Output Port   ; n/a      ;                                            ;
;     -- VGA_B[7]                                                                                                                                                                                      ; Top       ; Output Pad    ; Unplaced ; Synthesized                                ;
;     -- VGA_B[7]~output                                                                                                                                                                               ; Top       ; Output Buffer ; Unplaced ; Synthesized                                ;
;                                                                                                                                                                                                      ;           ;               ;          ;                                            ;
; VGA_B[8]                                                                                                                                                                                             ; Top       ; Output Port   ; n/a      ;                                            ;
;     -- VGA_B[8]                                                                                                                                                                                      ; Top       ; Output Pad    ; Unplaced ; Synthesized                                ;
;     -- VGA_B[8]~output                                                                                                                                                                               ; Top       ; Output Buffer ; Unplaced ; Synthesized                                ;
;                                                                                                                                                                                                      ;           ;               ;          ;                                            ;
; VGA_B[9]                                                                                                                                                                                             ; Top       ; Output Port   ; n/a      ;                                            ;
;     -- VGA_B[9]                                                                                                                                                                                      ; Top       ; Output Pad    ; Unplaced ; Synthesized                                ;
;     -- VGA_B[9]~output                                                                                                                                                                               ; Top       ; Output Buffer ; Unplaced ; Synthesized                                ;
;                                                                                                                                                                                                      ;           ;               ;          ;                                            ;
; VGA_CLK                                                                                                                                                                                              ; Top       ; Output Port   ; n/a      ;                                            ;
;     -- VGA_CLK                                                                                                                                                                                       ; Top       ; Output Pad    ; Unplaced ; Synthesized                                ;
;     -- VGA_CLK~output                                                                                                                                                                                ; Top       ; Output Buffer ; Unplaced ; Synthesized                                ;
;                                                                                                                                                                                                      ;           ;               ;          ;                                            ;
; VGA_G[0]                                                                                                                                                                                             ; Top       ; Output Port   ; n/a      ;                                            ;
;     -- VGA_G[0]                                                                                                                                                                                      ; Top       ; Output Pad    ; Unplaced ; Synthesized                                ;
;     -- VGA_G[0]~output                                                                                                                                                                               ; Top       ; Output Buffer ; Unplaced ; Synthesized                                ;
;                                                                                                                                                                                                      ;           ;               ;          ;                                            ;
; VGA_G[1]                                                                                                                                                                                             ; Top       ; Output Port   ; n/a      ;                                            ;
;     -- VGA_G[1]                                                                                                                                                                                      ; Top       ; Output Pad    ; Unplaced ; Synthesized                                ;
;     -- VGA_G[1]~output                                                                                                                                                                               ; Top       ; Output Buffer ; Unplaced ; Synthesized                                ;
;                                                                                                                                                                                                      ;           ;               ;          ;                                            ;
; VGA_G[2]                                                                                                                                                                                             ; Top       ; Output Port   ; n/a      ;                                            ;
;     -- VGA_G[2]                                                                                                                                                                                      ; Top       ; Output Pad    ; Unplaced ; Synthesized                                ;
;     -- VGA_G[2]~output                                                                                                                                                                               ; Top       ; Output Buffer ; Unplaced ; Synthesized                                ;
;                                                                                                                                                                                                      ;           ;               ;          ;                                            ;
; VGA_G[3]                                                                                                                                                                                             ; Top       ; Output Port   ; n/a      ;                                            ;
;     -- VGA_G[3]                                                                                                                                                                                      ; Top       ; Output Pad    ; Unplaced ; Synthesized                                ;
;     -- VGA_G[3]~output                                                                                                                                                                               ; Top       ; Output Buffer ; Unplaced ; Synthesized                                ;
;                                                                                                                                                                                                      ;           ;               ;          ;                                            ;
; VGA_G[4]                                                                                                                                                                                             ; Top       ; Output Port   ; n/a      ;                                            ;
;     -- VGA_G[4]                                                                                                                                                                                      ; Top       ; Output Pad    ; Unplaced ; Synthesized                                ;
;     -- VGA_G[4]~output                                                                                                                                                                               ; Top       ; Output Buffer ; Unplaced ; Synthesized                                ;
;                                                                                                                                                                                                      ;           ;               ;          ;                                            ;
; VGA_G[5]                                                                                                                                                                                             ; Top       ; Output Port   ; n/a      ;                                            ;
;     -- VGA_G[5]                                                                                                                                                                                      ; Top       ; Output Pad    ; Unplaced ; Synthesized                                ;
;     -- VGA_G[5]~output                                                                                                                                                                               ; Top       ; Output Buffer ; Unplaced ; Synthesized                                ;
;                                                                                                                                                                                                      ;           ;               ;          ;                                            ;
; VGA_G[6]                                                                                                                                                                                             ; Top       ; Output Port   ; n/a      ;                                            ;
;     -- VGA_G[6]                                                                                                                                                                                      ; Top       ; Output Pad    ; Unplaced ; Synthesized                                ;
;     -- VGA_G[6]~output                                                                                                                                                                               ; Top       ; Output Buffer ; Unplaced ; Synthesized                                ;
;                                                                                                                                                                                                      ;           ;               ;          ;                                            ;
; VGA_G[7]                                                                                                                                                                                             ; Top       ; Output Port   ; n/a      ;                                            ;
;     -- VGA_G[7]                                                                                                                                                                                      ; Top       ; Output Pad    ; Unplaced ; Synthesized                                ;
;     -- VGA_G[7]~output                                                                                                                                                                               ; Top       ; Output Buffer ; Unplaced ; Synthesized                                ;
;                                                                                                                                                                                                      ;           ;               ;          ;                                            ;
; VGA_G[8]                                                                                                                                                                                             ; Top       ; Output Port   ; n/a      ;                                            ;
;     -- VGA_G[8]                                                                                                                                                                                      ; Top       ; Output Pad    ; Unplaced ; Synthesized                                ;
;     -- VGA_G[8]~output                                                                                                                                                                               ; Top       ; Output Buffer ; Unplaced ; Synthesized                                ;
;                                                                                                                                                                                                      ;           ;               ;          ;                                            ;
; VGA_G[9]                                                                                                                                                                                             ; Top       ; Output Port   ; n/a      ;                                            ;
;     -- VGA_G[9]                                                                                                                                                                                      ; Top       ; Output Pad    ; Unplaced ; Synthesized                                ;
;     -- VGA_G[9]~output                                                                                                                                                                               ; Top       ; Output Buffer ; Unplaced ; Synthesized                                ;
;                                                                                                                                                                                                      ;           ;               ;          ;                                            ;
; VGA_HS                                                                                                                                                                                               ; Top       ; Output Port   ; n/a      ;                                            ;
;     -- VGA_HS                                                                                                                                                                                        ; Top       ; Output Pad    ; Unplaced ; Synthesized                                ;
;     -- VGA_HS~output                                                                                                                                                                                 ; Top       ; Output Buffer ; Unplaced ; Synthesized                                ;
;                                                                                                                                                                                                      ;           ;               ;          ;                                            ;
; VGA_R[0]                                                                                                                                                                                             ; Top       ; Output Port   ; n/a      ;                                            ;
;     -- VGA_R[0]                                                                                                                                                                                      ; Top       ; Output Pad    ; Unplaced ; Synthesized                                ;
;     -- VGA_R[0]~output                                                                                                                                                                               ; Top       ; Output Buffer ; Unplaced ; Synthesized                                ;
;                                                                                                                                                                                                      ;           ;               ;          ;                                            ;
; VGA_R[1]                                                                                                                                                                                             ; Top       ; Output Port   ; n/a      ;                                            ;
;     -- VGA_R[1]                                                                                                                                                                                      ; Top       ; Output Pad    ; Unplaced ; Synthesized                                ;
;     -- VGA_R[1]~output                                                                                                                                                                               ; Top       ; Output Buffer ; Unplaced ; Synthesized                                ;
;                                                                                                                                                                                                      ;           ;               ;          ;                                            ;
; VGA_R[2]                                                                                                                                                                                             ; Top       ; Output Port   ; n/a      ;                                            ;
;     -- VGA_R[2]                                                                                                                                                                                      ; Top       ; Output Pad    ; Unplaced ; Synthesized                                ;
;     -- VGA_R[2]~output                                                                                                                                                                               ; Top       ; Output Buffer ; Unplaced ; Synthesized                                ;
;                                                                                                                                                                                                      ;           ;               ;          ;                                            ;
; VGA_R[3]                                                                                                                                                                                             ; Top       ; Output Port   ; n/a      ;                                            ;
;     -- VGA_R[3]                                                                                                                                                                                      ; Top       ; Output Pad    ; Unplaced ; Synthesized                                ;
;     -- VGA_R[3]~output                                                                                                                                                                               ; Top       ; Output Buffer ; Unplaced ; Synthesized                                ;
;                                                                                                                                                                                                      ;           ;               ;          ;                                            ;
; VGA_R[4]                                                                                                                                                                                             ; Top       ; Output Port   ; n/a      ;                                            ;
;     -- VGA_R[4]                                                                                                                                                                                      ; Top       ; Output Pad    ; Unplaced ; Synthesized                                ;
;     -- VGA_R[4]~output                                                                                                                                                                               ; Top       ; Output Buffer ; Unplaced ; Synthesized                                ;
;                                                                                                                                                                                                      ;           ;               ;          ;                                            ;
; VGA_R[5]                                                                                                                                                                                             ; Top       ; Output Port   ; n/a      ;                                            ;
;     -- VGA_R[5]                                                                                                                                                                                      ; Top       ; Output Pad    ; Unplaced ; Synthesized                                ;
;     -- VGA_R[5]~output                                                                                                                                                                               ; Top       ; Output Buffer ; Unplaced ; Synthesized                                ;
;                                                                                                                                                                                                      ;           ;               ;          ;                                            ;
; VGA_R[6]                                                                                                                                                                                             ; Top       ; Output Port   ; n/a      ;                                            ;
;     -- VGA_R[6]                                                                                                                                                                                      ; Top       ; Output Pad    ; Unplaced ; Synthesized                                ;
;     -- VGA_R[6]~output                                                                                                                                                                               ; Top       ; Output Buffer ; Unplaced ; Synthesized                                ;
;                                                                                                                                                                                                      ;           ;               ;          ;                                            ;
; VGA_R[7]                                                                                                                                                                                             ; Top       ; Output Port   ; n/a      ;                                            ;
;     -- VGA_R[7]                                                                                                                                                                                      ; Top       ; Output Pad    ; Unplaced ; Synthesized                                ;
;     -- VGA_R[7]~output                                                                                                                                                                               ; Top       ; Output Buffer ; Unplaced ; Synthesized                                ;
;                                                                                                                                                                                                      ;           ;               ;          ;                                            ;
; VGA_R[8]                                                                                                                                                                                             ; Top       ; Output Port   ; n/a      ;                                            ;
;     -- VGA_R[8]                                                                                                                                                                                      ; Top       ; Output Pad    ; Unplaced ; Synthesized                                ;
;     -- VGA_R[8]~output                                                                                                                                                                               ; Top       ; Output Buffer ; Unplaced ; Synthesized                                ;
;                                                                                                                                                                                                      ;           ;               ;          ;                                            ;
; VGA_R[9]                                                                                                                                                                                             ; Top       ; Output Port   ; n/a      ;                                            ;
;     -- VGA_R[9]                                                                                                                                                                                      ; Top       ; Output Pad    ; Unplaced ; Synthesized                                ;
;     -- VGA_R[9]~output                                                                                                                                                                               ; Top       ; Output Buffer ; Unplaced ; Synthesized                                ;
;                                                                                                                                                                                                      ;           ;               ;          ;                                            ;
; VGA_SYNC_N                                                                                                                                                                                           ; Top       ; Output Port   ; n/a      ;                                            ;
;     -- VGA_SYNC_N                                                                                                                                                                                    ; Top       ; Output Pad    ; Unplaced ; Synthesized                                ;
;     -- VGA_SYNC_N~output                                                                                                                                                                             ; Top       ; Output Buffer ; Unplaced ; Synthesized                                ;
;                                                                                                                                                                                                      ;           ;               ;          ;                                            ;
; VGA_VS                                                                                                                                                                                               ; Top       ; Output Port   ; n/a      ;                                            ;
;     -- VGA_VS                                                                                                                                                                                        ; Top       ; Output Pad    ; Unplaced ; Synthesized                                ;
;     -- VGA_VS~output                                                                                                                                                                                 ; Top       ; Output Buffer ; Unplaced ; Synthesized                                ;
;                                                                                                                                                                                                      ;           ;               ;          ;                                            ;
; altera_reserved_tck                                                                                                                                                                                  ; Top       ; Input Port    ; n/a      ;                                            ;
;     -- altera_reserved_tck                                                                                                                                                                           ; Top       ; Input Pad     ; Unplaced ; Synthesized                                ;
;     -- altera_reserved_tck~input                                                                                                                                                                     ; Top       ; Input Buffer  ; Unplaced ; Synthesized                                ;
;                                                                                                                                                                                                      ;           ;               ;          ;                                            ;
; altera_reserved_tdi                                                                                                                                                                                  ; Top       ; Input Port    ; n/a      ;                                            ;
;     -- altera_reserved_tdi                                                                                                                                                                           ; Top       ; Input Pad     ; Unplaced ; Synthesized                                ;
;     -- altera_reserved_tdi~input                                                                                                                                                                     ; Top       ; Input Buffer  ; Unplaced ; Synthesized                                ;
;                                                                                                                                                                                                      ;           ;               ;          ;                                            ;
; altera_reserved_tdo                                                                                                                                                                                  ; Top       ; Output Port   ; n/a      ;                                            ;
;     -- altera_reserved_tdo                                                                                                                                                                           ; Top       ; Output Pad    ; Unplaced ; Synthesized                                ;
;     -- altera_reserved_tdo~output                                                                                                                                                                    ; Top       ; Output Buffer ; Unplaced ; Synthesized                                ;
;                                                                                                                                                                                                      ;           ;               ;          ;                                            ;
; altera_reserved_tms                                                                                                                                                                                  ; Top       ; Input Port    ; n/a      ;                                            ;
;     -- altera_reserved_tms                                                                                                                                                                           ; Top       ; Input Pad     ; Unplaced ; Synthesized                                ;
;     -- altera_reserved_tms~input                                                                                                                                                                     ; Top       ; Input Buffer  ; Unplaced ; Synthesized                                ;
;                                                                                                                                                                                                      ;           ;               ;          ;                                            ;
; jtag.bp.u0_jtag_uart_0_system_jtag_uart_0_alt_jtag_atlantic_clr                                                                                                                                      ; Top       ; Input Port    ; n/a      ;                                            ;
;                                                                                                                                                                                                      ;           ;               ;          ;                                            ;
; jtag.bp.u0_jtag_uart_0_system_jtag_uart_0_alt_jtag_atlantic_ena                                                                                                                                      ; Top       ; Input Port    ; n/a      ;                                            ;
;                                                                                                                                                                                                      ;           ;               ;          ;                                            ;
; jtag.bp.u0_jtag_uart_0_system_jtag_uart_0_alt_jtag_atlantic_ir_in_0_                                                                                                                                 ; Top       ; Input Port    ; n/a      ;                                            ;
;                                                                                                                                                                                                      ;           ;               ;          ;                                            ;
; jtag.bp.u0_jtag_uart_0_system_jtag_uart_0_alt_jtag_atlantic_ir_out_0_                                                                                                                                ; Top       ; Output Port   ; n/a      ;                                            ;
;                                                                                                                                                                                                      ;           ;               ;          ;                                            ;
; jtag.bp.u0_jtag_uart_0_system_jtag_uart_0_alt_jtag_atlantic_jtag_state_cdr                                                                                                                           ; Top       ; Input Port    ; n/a      ;                                            ;
;                                                                                                                                                                                                      ;           ;               ;          ;                                            ;
; jtag.bp.u0_jtag_uart_0_system_jtag_uart_0_alt_jtag_atlantic_jtag_state_rti                                                                                                                           ; Top       ; Input Port    ; n/a      ;                                            ;
;                                                                                                                                                                                                      ;           ;               ;          ;                                            ;
; jtag.bp.u0_jtag_uart_0_system_jtag_uart_0_alt_jtag_atlantic_jtag_state_sdr                                                                                                                           ; Top       ; Input Port    ; n/a      ;                                            ;
;                                                                                                                                                                                                      ;           ;               ;          ;                                            ;
; jtag.bp.u0_jtag_uart_0_system_jtag_uart_0_alt_jtag_atlantic_jtag_state_udr                                                                                                                           ; Top       ; Input Port    ; n/a      ;                                            ;
;                                                                                                                                                                                                      ;           ;               ;          ;                                            ;
; jtag.bp.u0_jtag_uart_0_system_jtag_uart_0_alt_jtag_atlantic_raw_tck                                                                                                                                  ; Top       ; Input Port    ; n/a      ;                                            ;
;                                                                                                                                                                                                      ;           ;               ;          ;                                            ;
; jtag.bp.u0_jtag_uart_0_system_jtag_uart_0_alt_jtag_atlantic_tdi                                                                                                                                      ; Top       ; Input Port    ; n/a      ;                                            ;
;                                                                                                                                                                                                      ;           ;               ;          ;                                            ;
; jtag.bp.u0_jtag_uart_0_system_jtag_uart_0_alt_jtag_atlantic_tdo                                                                                                                                      ; Top       ; Output Port   ; n/a      ;                                            ;
;                                                                                                                                                                                                      ;           ;               ;          ;                                            ;
; jtag.bp.u0_jtag_uart_0_system_jtag_uart_0_alt_jtag_atlantic_usr1                                                                                                                                     ; Top       ; Input Port    ; n/a      ;                                            ;
;                                                                                                                                                                                                      ;           ;               ;          ;                                            ;
; jtag.bp.u0_nios2_gen2_0_cpu_the_system_nios2_gen2_0_cpu_nios2_oci_the_system_nios2_gen2_0_cpu_debug_slave_wrapper_system_nios2_gen2_0_cpu_debug_slave_phy_sld_virtual_jtag_impl_inst_clr             ; Top       ; Input Port    ; n/a      ;                                            ;
;                                                                                                                                                                                                      ;           ;               ;          ;                                            ;
; jtag.bp.u0_nios2_gen2_0_cpu_the_system_nios2_gen2_0_cpu_nios2_oci_the_system_nios2_gen2_0_cpu_debug_slave_wrapper_system_nios2_gen2_0_cpu_debug_slave_phy_sld_virtual_jtag_impl_inst_ena             ; Top       ; Input Port    ; n/a      ;                                            ;
;                                                                                                                                                                                                      ;           ;               ;          ;                                            ;
; jtag.bp.u0_nios2_gen2_0_cpu_the_system_nios2_gen2_0_cpu_nios2_oci_the_system_nios2_gen2_0_cpu_debug_slave_wrapper_system_nios2_gen2_0_cpu_debug_slave_phy_sld_virtual_jtag_impl_inst_ir_in_0_        ; Top       ; Input Port    ; n/a      ;                                            ;
;                                                                                                                                                                                                      ;           ;               ;          ;                                            ;
; jtag.bp.u0_nios2_gen2_0_cpu_the_system_nios2_gen2_0_cpu_nios2_oci_the_system_nios2_gen2_0_cpu_debug_slave_wrapper_system_nios2_gen2_0_cpu_debug_slave_phy_sld_virtual_jtag_impl_inst_ir_in_1_        ; Top       ; Input Port    ; n/a      ;                                            ;
;                                                                                                                                                                                                      ;           ;               ;          ;                                            ;
; jtag.bp.u0_nios2_gen2_0_cpu_the_system_nios2_gen2_0_cpu_nios2_oci_the_system_nios2_gen2_0_cpu_debug_slave_wrapper_system_nios2_gen2_0_cpu_debug_slave_phy_sld_virtual_jtag_impl_inst_ir_out_0_       ; Top       ; Output Port   ; n/a      ;                                            ;
;                                                                                                                                                                                                      ;           ;               ;          ;                                            ;
; jtag.bp.u0_nios2_gen2_0_cpu_the_system_nios2_gen2_0_cpu_nios2_oci_the_system_nios2_gen2_0_cpu_debug_slave_wrapper_system_nios2_gen2_0_cpu_debug_slave_phy_sld_virtual_jtag_impl_inst_ir_out_1_       ; Top       ; Output Port   ; n/a      ;                                            ;
;                                                                                                                                                                                                      ;           ;               ;          ;                                            ;
; jtag.bp.u0_nios2_gen2_0_cpu_the_system_nios2_gen2_0_cpu_nios2_oci_the_system_nios2_gen2_0_cpu_debug_slave_wrapper_system_nios2_gen2_0_cpu_debug_slave_phy_sld_virtual_jtag_impl_inst_jtag_state_cdr  ; Top       ; Input Port    ; n/a      ;                                            ;
;                                                                                                                                                                                                      ;           ;               ;          ;                                            ;
; jtag.bp.u0_nios2_gen2_0_cpu_the_system_nios2_gen2_0_cpu_nios2_oci_the_system_nios2_gen2_0_cpu_debug_slave_wrapper_system_nios2_gen2_0_cpu_debug_slave_phy_sld_virtual_jtag_impl_inst_jtag_state_cir  ; Top       ; Input Port    ; n/a      ;                                            ;
;                                                                                                                                                                                                      ;           ;               ;          ;                                            ;
; jtag.bp.u0_nios2_gen2_0_cpu_the_system_nios2_gen2_0_cpu_nios2_oci_the_system_nios2_gen2_0_cpu_debug_slave_wrapper_system_nios2_gen2_0_cpu_debug_slave_phy_sld_virtual_jtag_impl_inst_jtag_state_e1dr ; Top       ; Input Port    ; n/a      ;                                            ;
;                                                                                                                                                                                                      ;           ;               ;          ;                                            ;
; jtag.bp.u0_nios2_gen2_0_cpu_the_system_nios2_gen2_0_cpu_nios2_oci_the_system_nios2_gen2_0_cpu_debug_slave_wrapper_system_nios2_gen2_0_cpu_debug_slave_phy_sld_virtual_jtag_impl_inst_jtag_state_e1ir ; Top       ; Input Port    ; n/a      ;                                            ;
;                                                                                                                                                                                                      ;           ;               ;          ;                                            ;
; jtag.bp.u0_nios2_gen2_0_cpu_the_system_nios2_gen2_0_cpu_nios2_oci_the_system_nios2_gen2_0_cpu_debug_slave_wrapper_system_nios2_gen2_0_cpu_debug_slave_phy_sld_virtual_jtag_impl_inst_jtag_state_e2dr ; Top       ; Input Port    ; n/a      ;                                            ;
;                                                                                                                                                                                                      ;           ;               ;          ;                                            ;
; jtag.bp.u0_nios2_gen2_0_cpu_the_system_nios2_gen2_0_cpu_nios2_oci_the_system_nios2_gen2_0_cpu_debug_slave_wrapper_system_nios2_gen2_0_cpu_debug_slave_phy_sld_virtual_jtag_impl_inst_jtag_state_e2ir ; Top       ; Input Port    ; n/a      ;                                            ;
;                                                                                                                                                                                                      ;           ;               ;          ;                                            ;
; jtag.bp.u0_nios2_gen2_0_cpu_the_system_nios2_gen2_0_cpu_nios2_oci_the_system_nios2_gen2_0_cpu_debug_slave_wrapper_system_nios2_gen2_0_cpu_debug_slave_phy_sld_virtual_jtag_impl_inst_jtag_state_pdr  ; Top       ; Input Port    ; n/a      ;                                            ;
;                                                                                                                                                                                                      ;           ;               ;          ;                                            ;
; jtag.bp.u0_nios2_gen2_0_cpu_the_system_nios2_gen2_0_cpu_nios2_oci_the_system_nios2_gen2_0_cpu_debug_slave_wrapper_system_nios2_gen2_0_cpu_debug_slave_phy_sld_virtual_jtag_impl_inst_jtag_state_pir  ; Top       ; Input Port    ; n/a      ;                                            ;
;                                                                                                                                                                                                      ;           ;               ;          ;                                            ;
; jtag.bp.u0_nios2_gen2_0_cpu_the_system_nios2_gen2_0_cpu_nios2_oci_the_system_nios2_gen2_0_cpu_debug_slave_wrapper_system_nios2_gen2_0_cpu_debug_slave_phy_sld_virtual_jtag_impl_inst_jtag_state_rti  ; Top       ; Input Port    ; n/a      ;                                            ;
;                                                                                                                                                                                                      ;           ;               ;          ;                                            ;
; jtag.bp.u0_nios2_gen2_0_cpu_the_system_nios2_gen2_0_cpu_nios2_oci_the_system_nios2_gen2_0_cpu_debug_slave_wrapper_system_nios2_gen2_0_cpu_debug_slave_phy_sld_virtual_jtag_impl_inst_jtag_state_sdr  ; Top       ; Input Port    ; n/a      ;                                            ;
;                                                                                                                                                                                                      ;           ;               ;          ;                                            ;
; jtag.bp.u0_nios2_gen2_0_cpu_the_system_nios2_gen2_0_cpu_nios2_oci_the_system_nios2_gen2_0_cpu_debug_slave_wrapper_system_nios2_gen2_0_cpu_debug_slave_phy_sld_virtual_jtag_impl_inst_jtag_state_sdrs ; Top       ; Input Port    ; n/a      ;                                            ;
;                                                                                                                                                                                                      ;           ;               ;          ;                                            ;
; jtag.bp.u0_nios2_gen2_0_cpu_the_system_nios2_gen2_0_cpu_nios2_oci_the_system_nios2_gen2_0_cpu_debug_slave_wrapper_system_nios2_gen2_0_cpu_debug_slave_phy_sld_virtual_jtag_impl_inst_jtag_state_sir  ; Top       ; Input Port    ; n/a      ;                                            ;
;                                                                                                                                                                                                      ;           ;               ;          ;                                            ;
; jtag.bp.u0_nios2_gen2_0_cpu_the_system_nios2_gen2_0_cpu_nios2_oci_the_system_nios2_gen2_0_cpu_debug_slave_wrapper_system_nios2_gen2_0_cpu_debug_slave_phy_sld_virtual_jtag_impl_inst_jtag_state_sirs ; Top       ; Input Port    ; n/a      ;                                            ;
;                                                                                                                                                                                                      ;           ;               ;          ;                                            ;
; jtag.bp.u0_nios2_gen2_0_cpu_the_system_nios2_gen2_0_cpu_nios2_oci_the_system_nios2_gen2_0_cpu_debug_slave_wrapper_system_nios2_gen2_0_cpu_debug_slave_phy_sld_virtual_jtag_impl_inst_jtag_state_tlr  ; Top       ; Input Port    ; n/a      ;                                            ;
;                                                                                                                                                                                                      ;           ;               ;          ;                                            ;
; jtag.bp.u0_nios2_gen2_0_cpu_the_system_nios2_gen2_0_cpu_nios2_oci_the_system_nios2_gen2_0_cpu_debug_slave_wrapper_system_nios2_gen2_0_cpu_debug_slave_phy_sld_virtual_jtag_impl_inst_jtag_state_udr  ; Top       ; Input Port    ; n/a      ;                                            ;
;                                                                                                                                                                                                      ;           ;               ;          ;                                            ;
; jtag.bp.u0_nios2_gen2_0_cpu_the_system_nios2_gen2_0_cpu_nios2_oci_the_system_nios2_gen2_0_cpu_debug_slave_wrapper_system_nios2_gen2_0_cpu_debug_slave_phy_sld_virtual_jtag_impl_inst_jtag_state_uir  ; Top       ; Input Port    ; n/a      ;                                            ;
;                                                                                                                                                                                                      ;           ;               ;          ;                                            ;
; jtag.bp.u0_nios2_gen2_0_cpu_the_system_nios2_gen2_0_cpu_nios2_oci_the_system_nios2_gen2_0_cpu_debug_slave_wrapper_system_nios2_gen2_0_cpu_debug_slave_phy_sld_virtual_jtag_impl_inst_raw_tck         ; Top       ; Input Port    ; n/a      ;                                            ;
;                                                                                                                                                                                                      ;           ;               ;          ;                                            ;
; jtag.bp.u0_nios2_gen2_0_cpu_the_system_nios2_gen2_0_cpu_nios2_oci_the_system_nios2_gen2_0_cpu_debug_slave_wrapper_system_nios2_gen2_0_cpu_debug_slave_phy_sld_virtual_jtag_impl_inst_raw_tms         ; Top       ; Input Port    ; n/a      ;                                            ;
;                                                                                                                                                                                                      ;           ;               ;          ;                                            ;
; jtag.bp.u0_nios2_gen2_0_cpu_the_system_nios2_gen2_0_cpu_nios2_oci_the_system_nios2_gen2_0_cpu_debug_slave_wrapper_system_nios2_gen2_0_cpu_debug_slave_phy_sld_virtual_jtag_impl_inst_tdi             ; Top       ; Input Port    ; n/a      ;                                            ;
;                                                                                                                                                                                                      ;           ;               ;          ;                                            ;
; jtag.bp.u0_nios2_gen2_0_cpu_the_system_nios2_gen2_0_cpu_nios2_oci_the_system_nios2_gen2_0_cpu_debug_slave_wrapper_system_nios2_gen2_0_cpu_debug_slave_phy_sld_virtual_jtag_impl_inst_tdo             ; Top       ; Output Port   ; n/a      ;                                            ;
;                                                                                                                                                                                                      ;           ;               ;          ;                                            ;
; jtag.bp.u0_nios2_gen2_0_cpu_the_system_nios2_gen2_0_cpu_nios2_oci_the_system_nios2_gen2_0_cpu_debug_slave_wrapper_system_nios2_gen2_0_cpu_debug_slave_phy_sld_virtual_jtag_impl_inst_usr1            ; Top       ; Input Port    ; n/a      ;                                            ;
;                                                                                                                                                                                                      ;           ;               ;          ;                                            ;
+------------------------------------------------------------------------------------------------------------------------------------------------------------------------------------------------------+-----------+---------------+----------+--------------------------------------------+


+----------------------------------------------------------------------------------------------------------------------------------+
; Partition Merge Resource Usage Summary                                                                                           ;
+---------------------------------------------+------------------------------------------------------------------------------------+
; Resource                                    ; Usage                                                                              ;
+---------------------------------------------+------------------------------------------------------------------------------------+
; Estimate of Logic utilization (ALMs needed) ; 1883                                                                               ;
;                                             ;                                                                                    ;
; Combinational ALUT usage for logic          ; 3032                                                                               ;
;     -- 7 input functions                    ; 18                                                                                 ;
;     -- 6 input functions                    ; 607                                                                                ;
;     -- 5 input functions                    ; 499                                                                                ;
;     -- 4 input functions                    ; 482                                                                                ;
;     -- <=3 input functions                  ; 1426                                                                               ;
;                                             ;                                                                                    ;
; Dedicated logic registers                   ; 2644                                                                               ;
;                                             ;                                                                                    ;
; Virtual pins                                ; 6                                                                                  ;
; I/O pins                                    ; 107                                                                                ;
; Total MLAB memory bits                      ; 0                                                                                  ;
; Total block memory bits                     ; 339584                                                                             ;
;                                             ;                                                                                    ;
; Total DSP Blocks                            ; 4                                                                                  ;
;                                             ;                                                                                    ;
; Total PLLs                                  ; 4                                                                                  ;
;     -- PLLs                                 ; 4                                                                                  ;
;                                             ;                                                                                    ;
; Maximum fan-out node                        ; sys_pll:u_sys_pll|sys_pll_0002:sys_pll_inst|altera_pll:altera_pll_i|outclk_wire[0] ;
; Maximum fan-out                             ; 1886                                                                               ;
; Total fan-out                               ; 23896                                                                              ;
; Average fan-out                             ; 3.90                                                                               ;
+---------------------------------------------+------------------------------------------------------------------------------------+


+------------------------------------------------------------------------------------------------------------------------------------------------------------------------------------------------------------------------------------------------------------------------------------------------------------------------------------------------------------------------------------------------------------------------------------------------------------------------------------------------------------------+
; Partition Merge RAM Summary                                                                                                                                                                                                                                                                                                                                                                                                                                                                                      ;
+-------------------------------------------------------------------------------------------------------------------------------------------------------------------------------------------------------------------------------------------------------------------------------------------------------------------------------------------------------------------------------------+------+------------------+--------------+--------------+--------------+--------------+--------+-----------------------------+
; Name                                                                                                                                                                                                                                                                                                                                                                                ; Type ; Mode             ; Port A Depth ; Port A Width ; Port B Depth ; Port B Width ; Size   ; MIF                         ;
+-------------------------------------------------------------------------------------------------------------------------------------------------------------------------------------------------------------------------------------------------------------------------------------------------------------------------------------------------------------------------------------+------+------------------+--------------+--------------+--------------+--------------+--------+-----------------------------+
; sld_signaltap:auto_signaltap_0|sld_signaltap_impl:sld_signaltap_body|sld_signaltap_implb:sld_signaltap_body|altsyncram:\stp_non_zero_ram_gen:stp_buffer_ram|altsyncram_e884:auto_generated|ALTSYNCRAM                                                                                                                                                                               ; AUTO ; Simple Dual Port ; 128          ; 4            ; 128          ; 4            ; 512    ; None                        ;
; system:u0|system_jtag_uart_0:jtag_uart_0|system_jtag_uart_0_scfifo_r:the_system_jtag_uart_0_scfifo_r|scfifo:rfifo|scfifo_3291:auto_generated|a_dpfifo_5771:dpfifo|altsyncram_7pu1:FIFOram|ALTSYNCRAM                                                                                                                                                                                ; AUTO ; Simple Dual Port ; 64           ; 8            ; 64           ; 8            ; 512    ; None                        ;
; system:u0|system_jtag_uart_0:jtag_uart_0|system_jtag_uart_0_scfifo_w:the_system_jtag_uart_0_scfifo_w|scfifo:wfifo|scfifo_3291:auto_generated|a_dpfifo_5771:dpfifo|altsyncram_7pu1:FIFOram|ALTSYNCRAM                                                                                                                                                                                ; AUTO ; Simple Dual Port ; 64           ; 8            ; 64           ; 8            ; 512    ; None                        ;
; system:u0|system_mm_interconnect_0:mm_interconnect_0|altera_avalon_sc_fifo:new_sdram_controller_0_s1_agent_rdata_fifo|altsyncram:mem_rtl_0|altsyncram_40n1:auto_generated|ALTSYNCRAM                                                                                                                                                                                                ; AUTO ; Simple Dual Port ; 8            ; 16           ; 8            ; 16           ; 128    ; None                        ;
; system:u0|system_nios2_gen2_0:nios2_gen2_0|system_nios2_gen2_0_cpu:cpu|system_nios2_gen2_0_cpu_nios2_oci:the_system_nios2_gen2_0_cpu_nios2_oci|system_nios2_gen2_0_cpu_nios2_ocimem:the_system_nios2_gen2_0_cpu_nios2_ocimem|system_nios2_gen2_0_cpu_ociram_sp_ram_module:system_nios2_gen2_0_cpu_ociram_sp_ram|altsyncram:the_altsyncram|altsyncram_qid1:auto_generated|ALTSYNCRAM ; AUTO ; Single Port      ; 256          ; 32           ; --           ; --           ; 8192   ; None                        ;
; system:u0|system_nios2_gen2_0:nios2_gen2_0|system_nios2_gen2_0_cpu:cpu|system_nios2_gen2_0_cpu_register_bank_a_module:system_nios2_gen2_0_cpu_register_bank_a|altsyncram:the_altsyncram|altsyncram_msi1:auto_generated|ALTSYNCRAM                                                                                                                                                   ; AUTO ; Simple Dual Port ; 32           ; 32           ; 32           ; 32           ; 1024   ; None                        ;
; system:u0|system_nios2_gen2_0:nios2_gen2_0|system_nios2_gen2_0_cpu:cpu|system_nios2_gen2_0_cpu_register_bank_b_module:system_nios2_gen2_0_cpu_register_bank_b|altsyncram:the_altsyncram|altsyncram_msi1:auto_generated|ALTSYNCRAM                                                                                                                                                   ; AUTO ; Simple Dual Port ; 32           ; 32           ; 32           ; 32           ; 1024   ; None                        ;
; system:u0|system_onchip_memory2_0:onchip_memory2_0|altsyncram:the_altsyncram|altsyncram_o9n1:auto_generated|ALTSYNCRAM                                                                                                                                                                                                                                                              ; AUTO ; Single Port      ; 8192         ; 32           ; --           ; --           ; 262144 ; system_onchip_memory2_0.hex ;
; video_dcfifo:u_cam_fifo|dcfifo:dcfifo_component|dcfifo_jqr1:auto_generated|altsyncram_h1b1:fifo_ram|ALTSYNCRAM                                                                                                                                                                                                                                                                      ; AUTO ; Simple Dual Port ; 2048         ; 16           ; 2048         ; 16           ; 32768  ; None                        ;
; video_dcfifo:u_vga_fifo|dcfifo:dcfifo_component|dcfifo_jqr1:auto_generated|altsyncram_h1b1:fifo_ram|ALTSYNCRAM                                                                                                                                                                                                                                                                      ; AUTO ; Simple Dual Port ; 2048         ; 16           ; 2048         ; 16           ; 32768  ; None                        ;
+-------------------------------------------------------------------------------------------------------------------------------------------------------------------------------------------------------------------------------------------------------------------------------------------------------------------------------------------------------------------------------------+------+------------------+--------------+--------------+--------------+--------------+--------+-----------------------------+


+-----------------------------------------------+
; Partition Merge DSP Block Usage Summary       ;
+---------------------------------+-------------+
; Statistic                       ; Number Used ;
+---------------------------------+-------------+
; Two Independent 18x18           ; 3           ;
; Independent 18x18 plus 36       ; 1           ;
; Total number of DSP blocks      ; 4           ;
;                                 ;             ;
; Fixed Point Unsigned Multiplier ; 4           ;
+---------------------------------+-------------+


+--------------------------+
; Partition Merge Messages ;
+--------------------------+
Info: *******************************************************************
Info: Running Quartus Prime Partition Merge
    Info: Version 18.1.0 Build 625 09/12/2018 SJ Lite Edition
    Info: Processing started: Mon Jun 01 15:48:55 2026
Info: Command: quartus_cdb --read_settings_files=off --write_settings_files=off doan -c doan --merge=on
Info (35007): Using synthesis netlist for partition "Top"
Info (35007): Using synthesis netlist for partition "sld_hub:auto_hub"
Info (35007): Using synthesis netlist for partition "sld_signaltap:auto_signaltap_0"
Critical Warning (35025): Partially connected in-system debug instance "auto_signaltap_0" to 39 of its 42 required data inputs, trigger inputs, acquisition clocks, and dynamic pins.  There were 0 illegal, 0 inaccessible, and 3 missing sources or connections.
Info (35002): Resolved and merged 3 partition(s)
Info (16010): Generating hard_block partition "hard_block:auto_generated_inst"
    Info (16011): Adding 23 node(s), including 0 DDIO, 4 PLL, 0 transceiver and 0 LCELL
Critical Warning (138067): Current license file does not support incremental compilation. The Quartus Prime software removes all the user-specified design partitions in the design automatically.
Info (15717): Design contains 6 virtual pins; timing numbers associated with paths containing virtual pins are estimates
    Info (15719): Pin "VGA_R[8]" is virtual output pin File: D:/E/1subject/HK6/SoC/doan/doan/doan_top.v Line: 38
    Info (15719): Pin "VGA_R[9]" is virtual output pin File: D:/E/1subject/HK6/SoC/doan/doan/doan_top.v Line: 38
    Info (15719): Pin "VGA_G[8]" is virtual output pin File: D:/E/1subject/HK6/SoC/doan/doan/doan_top.v Line: 39
    Info (15719): Pin "VGA_G[9]" is virtual output pin File: D:/E/1subject/HK6/SoC/doan/doan/doan_top.v Line: 39
    Info (15719): Pin "VGA_B[8]" is virtual output pin File: D:/E/1subject/HK6/SoC/doan/doan/doan_top.v Line: 40
    Info (15719): Pin "VGA_B[9]" is virtual output pin File: D:/E/1subject/HK6/SoC/doan/doan/doan_top.v Line: 40
Warning (21074): Design contains 13 input pin(s) that do not drive logic
    Warning (15610): No output dependent on input pin "KEY[1]" File: D:/E/1subject/HK6/SoC/doan/doan/doan_top.v Line: 11
    Warning (15610): No output dependent on input pin "KEY[2]" File: D:/E/1subject/HK6/SoC/doan/doan/doan_top.v Line: 11
    Warning (15610): No output dependent on input pin "KEY[3]" File: D:/E/1subject/HK6/SoC/doan/doan/doan_top.v Line: 11
    Warning (15610): No output dependent on input pin "CAM_PCLK" File: D:/E/1subject/HK6/SoC/doan/doan/doan_top.v Line: 30
    Warning (15610): No output dependent on input pin "CAM_VSYNC" File: D:/E/1subject/HK6/SoC/doan/doan/doan_top.v Line: 31
    Warning (15610): No output dependent on input pin "CAM_DATA[0]" File: D:/E/1subject/HK6/SoC/doan/doan/doan_top.v Line: 33
    Warning (15610): No output dependent on input pin "CAM_DATA[1]" File: D:/E/1subject/HK6/SoC/doan/doan/doan_top.v Line: 33
    Warning (15610): No output dependent on input pin "CAM_DATA[2]" File: D:/E/1subject/HK6/SoC/doan/doan/doan_top.v Line: 33
    Warning (15610): No output dependent on input pin "CAM_DATA[3]" File: D:/E/1subject/HK6/SoC/doan/doan/doan_top.v Line: 33
    Warning (15610): No output dependent on input pin "CAM_DATA[4]" File: D:/E/1subject/HK6/SoC/doan/doan/doan_top.v Line: 33
    Warning (15610): No output dependent on input pin "CAM_DATA[5]" File: D:/E/1subject/HK6/SoC/doan/doan/doan_top.v Line: 33
    Warning (15610): No output dependent on input pin "CAM_DATA[6]" File: D:/E/1subject/HK6/SoC/doan/doan/doan_top.v Line: 33
    Warning (15610): No output dependent on input pin "CAM_DATA[7]" File: D:/E/1subject/HK6/SoC/doan/doan/doan_top.v Line: 33
Info (21057): Implemented 4336 device resources after synthesis - the final resource count might be different
    Info (21058): Implemented 29 input pins
    Info (21059): Implemented 65 output pins
    Info (21060): Implemented 17 bidirectional pins
    Info (21061): Implemented 4020 logic cells
    Info (21064): Implemented 196 RAM segments
    Info (21065): Implemented 4 PLLs
    Info (21062): Implemented 4 DSP elements
Info: Quartus Prime Partition Merge was successful. 0 errors, 16 warnings
    Info: Peak virtual memory: 4809 megabytes
    Info: Processing ended: Mon Jun 01 15:48:57 2026
    Info: Elapsed time: 00:00:02
    Info: Total CPU time (on all processors): 00:00:02


