Timing Analyzer report for doan
Thu Jun 04 18:39:17 2026
Quartus Prime Version 18.1.0 Build 625 09/12/2018 SJ Lite Edition


---------------------
; Table of Contents ;
---------------------
  1. Legal Notice
  2. Timing Analyzer Summary
  3. Parallel Compilation
  4. SDC File List
  5. Clocks
  6. Slow 1100mV 85C Model Fmax Summary
  7. Timing Closure Recommendations
  8. Slow 1100mV 85C Model Setup Summary
  9. Slow 1100mV 85C Model Hold Summary
 10. Slow 1100mV 85C Model Recovery Summary
 11. Slow 1100mV 85C Model Removal Summary
 12. Slow 1100mV 85C Model Minimum Pulse Width Summary
 13. Slow 1100mV 85C Model Metastability Summary
 14. Slow 1100mV 0C Model Fmax Summary
 15. Slow 1100mV 0C Model Setup Summary
 16. Slow 1100mV 0C Model Hold Summary
 17. Slow 1100mV 0C Model Recovery Summary
 18. Slow 1100mV 0C Model Removal Summary
 19. Slow 1100mV 0C Model Minimum Pulse Width Summary
 20. Slow 1100mV 0C Model Metastability Summary
 21. Fast 1100mV 85C Model Setup Summary
 22. Fast 1100mV 85C Model Hold Summary
 23. Fast 1100mV 85C Model Recovery Summary
 24. Fast 1100mV 85C Model Removal Summary
 25. Fast 1100mV 85C Model Minimum Pulse Width Summary
 26. Fast 1100mV 85C Model Metastability Summary
 27. Fast 1100mV 0C Model Setup Summary
 28. Fast 1100mV 0C Model Hold Summary
 29. Fast 1100mV 0C Model Recovery Summary
 30. Fast 1100mV 0C Model Removal Summary
 31. Fast 1100mV 0C Model Minimum Pulse Width Summary
 32. Fast 1100mV 0C Model Metastability Summary
 33. Multicorner Timing Analysis Summary
 34. Board Trace Model Assignments
 35. Input Transition Times
 36. Signal Integrity Metrics (Slow 1100mv 0c Model)
 37. Signal Integrity Metrics (Slow 1100mv 85c Model)
 38. Signal Integrity Metrics (Fast 1100mv 0c Model)
 39. Signal Integrity Metrics (Fast 1100mv 85c Model)
 40. Setup Transfers
 41. Hold Transfers
 42. Recovery Transfers
 43. Removal Transfers
 44. Report TCCS
 45. Report RSKM
 46. Unconstrained Paths Summary
 47. Clock Status Summary
 48. Unconstrained Input Ports
 49. Unconstrained Output Ports
 50. Unconstrained Input Ports
 51. Unconstrained Output Ports
 52. Timing Analyzer Messages



----------------
; Legal Notice ;
----------------
Copyright (C) 2018  Intel Corporation. All rights reserved.
Your use of Intel Corporation's design tools, logic functions 
and other software and tools, and its AMPP partner logic 
functions, and any output files from any of the foregoing 
(including device programming or simulation files), and any 
associated documentation or information are expressly subject 
to the terms and conditions of the Intel Program License 
Subscription Agreement, the Intel Quartus Prime License Agreement,
the Intel FPGA IP License Agreement, or other applicable license
agreement, including, without limitation, that your use is for
the sole purpose of programming logic devices manufactured by
Intel and sold by Intel or its authorized distributors.  Please
refer to the applicable agreement for further details.



+-----------------------------------------------------------------------------+
; Timing Analyzer Summary                                                     ;
+-----------------------+-----------------------------------------------------+
; Quartus Prime Version ; Version 18.1.0 Build 625 09/12/2018 SJ Lite Edition ;
; Timing Analyzer       ; Legacy Timing Analyzer                              ;
; Revision Name         ; doan                                                ;
; Device Family         ; Cyclone V                                           ;
; Device Name           ; 5CSEMA5F31C6                                        ;
; Timing Models         ; Final                                               ;
; Delay Model           ; Combined                                            ;
; Rise/Fall Delays      ; Enabled                                             ;
+-----------------------+-----------------------------------------------------+


+------------------------------------------+
; Parallel Compilation                     ;
+----------------------------+-------------+
; Processors                 ; Number      ;
+----------------------------+-------------+
; Number detected on machine ; 8           ;
; Maximum allowed            ; 4           ;
;                            ;             ;
; Average used               ; 1.74        ;
; Maximum used               ; 4           ;
;                            ;             ;
; Usage by Processor         ; % Time Used ;
;     Processor 1            ; 100.0%      ;
;     Processor 2            ;  25.0%      ;
;     Processor 3            ;  24.8%      ;
;     Processor 4            ;  24.7%      ;
+----------------------------+-------------+


+---------------------------------------------------------------------------------------------+
; SDC File List                                                                               ;
+---------------------------------------------------------+--------+--------------------------+
; SDC File Path                                           ; Status ; Read at                  ;
+---------------------------------------------------------+--------+--------------------------+
; system/synthesis/submodules/altera_reset_controller.sdc ; OK     ; Thu Jun 04 18:38:57 2026 ;
; system/synthesis/submodules/system_nios2_gen2_0_cpu.sdc ; OK     ; Thu Jun 04 18:38:57 2026 ;
; doan_constraint.sdc                                     ; OK     ; Thu Jun 04 18:38:57 2026 ;
+---------------------------------------------------------+--------+--------------------------+


+-------------------------------------------------------------------------------------------------------------------------------------------------------------------------------------------------------------------------------------------------------------------------------------------------------------------------------------------------------------------------------------------------------------------------------------------------------------------------------------+
; Clocks                                                                                                                                                                                                                                                                                                                                                                                                                                                                              ;
+-------------------------------------------------------------------------------+-----------+--------+-------------+--------+--------+------------+-----------+-------------+-------+--------+-----------+------------+----------+-----------------------------------------------------------------------------+----------------------------------------------------------------------------------+-----------------------------------------------------------------------------------+
; Clock Name                                                                    ; Type      ; Period ; Frequency   ; Rise   ; Fall   ; Duty Cycle ; Divide by ; Multiply by ; Phase ; Offset ; Edge List ; Edge Shift ; Inverted ; Master                                                                      ; Source                                                                           ; Targets                                                                           ;
+-------------------------------------------------------------------------------+-----------+--------+-------------+--------+--------+------------+-----------+-------------+-------+--------+-----------+------------+----------+-----------------------------------------------------------------------------+----------------------------------------------------------------------------------+-----------------------------------------------------------------------------------+
; altera_reserved_tck                                                           ; Base      ; 33.333 ; 30.0 MHz    ; 0.000  ; 16.666 ;            ;           ;             ;       ;        ;           ;            ;          ;                                                                             ;                                                                                  ; { altera_reserved_tck }                                                           ;
; CAM_PCLK                                                                      ; Base      ; 41.666 ; 24.0 MHz    ; 0.000  ; 20.833 ;            ;           ;             ;       ;        ;           ;            ;          ;                                                                             ;                                                                                  ; { CAM_PCLK }                                                                      ;
; CLOCK_50                                                                      ; Base      ; 20.000 ; 50.0 MHz    ; 0.000  ; 10.000 ;            ;           ;             ;       ;        ;           ;            ;          ;                                                                             ;                                                                                  ; { CLOCK_50 }                                                                      ;
; u_sys_pll|sys_pll_inst|altera_pll_i|general[0].gpll~FRACTIONAL_PLL|vcoph[0]   ; Generated ; 0.833  ; 1200.48 MHz ; 0.000  ; 0.416  ; 50.00      ; 2         ; 48          ;       ;        ;           ;            ; false    ; CLOCK_50                                                                    ; u_sys_pll|sys_pll_inst|altera_pll_i|general[0].gpll~FRACTIONAL_PLL|refclkin      ; { u_sys_pll|sys_pll_inst|altera_pll_i|general[0].gpll~FRACTIONAL_PLL|vcoph[0] }   ;
; u_sys_pll|sys_pll_inst|altera_pll_i|general[2].gpll~PLL_OUTPUT_COUNTER|divclk ; Generated ; 20.000 ; 50.0 MHz    ; -3.020 ; 6.980  ; 50.00      ; 24        ; 1           ; -54.4 ;        ;           ;            ; false    ; u_sys_pll|sys_pll_inst|altera_pll_i|general[0].gpll~FRACTIONAL_PLL|vcoph[0] ; u_sys_pll|sys_pll_inst|altera_pll_i|general[2].gpll~PLL_OUTPUT_COUNTER|vco0ph[0] ; { u_sys_pll|sys_pll_inst|altera_pll_i|general[2].gpll~PLL_OUTPUT_COUNTER|divclk } ;
+-------------------------------------------------------------------------------+-----------+--------+-------------+--------+--------+------------+-----------+-------------+-------+--------+-----------+------------+----------+-----------------------------------------------------------------------------+----------------------------------------------------------------------------------+-----------------------------------------------------------------------------------+


+-----------------------------------------------------------+
; Slow 1100mV 85C Model Fmax Summary                        ;
+------------+-----------------+---------------------+------+
; Fmax       ; Restricted Fmax ; Clock Name          ; Note ;
+------------+-----------------+---------------------+------+
; 96.35 MHz  ; 96.35 MHz       ; altera_reserved_tck ;      ;
; 101.41 MHz ; 101.41 MHz      ; CLOCK_50            ;      ;
; 155.45 MHz ; 155.45 MHz      ; CAM_PCLK            ;      ;
+------------+-----------------+---------------------+------+
This panel reports FMAX for every clock in the design, regardless of the user-specified clock periods.  FMAX is only computed for paths where the source and destination registers or ports are driven by the same clock.  Paths of different clocks, including generated clocks, are ignored.  For paths between a clock and its inversion, FMAX is computed as if the rising and falling edges are scaled along with FMAX, such that the duty cycle (in terms of a percentage) is maintained. Altera recommends that you always use clock constraints and other slack reports for sign-off analysis.


----------------------------------
; Timing Closure Recommendations ;
----------------------------------
HTML report is unavailable in plain text report export.


+----------------------------------------------+
; Slow 1100mV 85C Model Setup Summary          ;
+---------------------+--------+---------------+
; Clock               ; Slack  ; End Point TNS ;
+---------------------+--------+---------------+
; CLOCK_50            ; 10.139 ; 0.000         ;
; altera_reserved_tck ; 11.477 ; 0.000         ;
; CAM_PCLK            ; 35.233 ; 0.000         ;
+---------------------+--------+---------------+


+---------------------------------------------+
; Slow 1100mV 85C Model Hold Summary          ;
+---------------------+-------+---------------+
; Clock               ; Slack ; End Point TNS ;
+---------------------+-------+---------------+
; CLOCK_50            ; 0.200 ; 0.000         ;
; altera_reserved_tck ; 0.397 ; 0.000         ;
; CAM_PCLK            ; 0.671 ; 0.000         ;
+---------------------+-------+---------------+


+----------------------------------------------+
; Slow 1100mV 85C Model Recovery Summary       ;
+---------------------+--------+---------------+
; Clock               ; Slack  ; End Point TNS ;
+---------------------+--------+---------------+
; CLOCK_50            ; 14.674 ; 0.000         ;
; altera_reserved_tck ; 14.685 ; 0.000         ;
+---------------------+--------+---------------+


+---------------------------------------------+
; Slow 1100mV 85C Model Removal Summary       ;
+---------------------+-------+---------------+
; Clock               ; Slack ; End Point TNS ;
+---------------------+-------+---------------+
; CLOCK_50            ; 0.475 ; 0.000         ;
; altera_reserved_tck ; 0.769 ; 0.000         ;
+---------------------+-------+---------------+


+------------------------------------------------------------------------------------------------------+
; Slow 1100mV 85C Model Minimum Pulse Width Summary                                                    ;
+-----------------------------------------------------------------------------+--------+---------------+
; Clock                                                                       ; Slack  ; End Point TNS ;
+-----------------------------------------------------------------------------+--------+---------------+
; u_sys_pll|sys_pll_inst|altera_pll_i|general[0].gpll~FRACTIONAL_PLL|vcoph[0] ; 0.416  ; 0.000         ;
; CLOCK_50                                                                    ; 8.869  ; 0.000         ;
; altera_reserved_tck                                                         ; 15.295 ; 0.000         ;
; CAM_PCLK                                                                    ; 19.280 ; 0.000         ;
+-----------------------------------------------------------------------------+--------+---------------+


-----------------------------------------------
; Slow 1100mV 85C Model Metastability Summary ;
-----------------------------------------------
Worst-Case MTBF of Design is 1e+09 years or 3.15e+16 seconds.
Typical MTBF of Design is 1e+09 years or 3.15e+16 seconds.

Number of Synchronizer Chains Found: 47
Shortest Synchronizer Chain: 2 Registers
Fraction of Chains for which MTBFs Could Not be Calculated: 0.128
Worst Case Available Settling Time: 18.354 ns

Worst-Case MTBF values are calculated based on the worst-case silicon characteristics, with worst-case operating conditions.
  - Under worst-case conditions, an increase of 100ps in available settling time will increase MTBF values by a factor of 79.4
Typical MTBF values are calculated based on the nominal silicon characteristics, at nominal operating conditions.
  - Under typical conditions, an increase of 100ps in available settling time will increase MTBF values by a factor of 17.8



+-----------------------------------------------------------+
; Slow 1100mV 0C Model Fmax Summary                         ;
+------------+-----------------+---------------------+------+
; Fmax       ; Restricted Fmax ; Clock Name          ; Note ;
+------------+-----------------+---------------------+------+
; 97.13 MHz  ; 97.13 MHz       ; altera_reserved_tck ;      ;
; 103.72 MHz ; 103.72 MHz      ; CLOCK_50            ;      ;
; 158.13 MHz ; 158.13 MHz      ; CAM_PCLK            ;      ;
+------------+-----------------+---------------------+------+
This panel reports FMAX for every clock in the design, regardless of the user-specified clock periods.  FMAX is only computed for paths where the source and destination registers or ports are driven by the same clock.  Paths of different clocks, including generated clocks, are ignored.  For paths between a clock and its inversion, FMAX is computed as if the rising and falling edges are scaled along with FMAX, such that the duty cycle (in terms of a percentage) is maintained. Altera recommends that you always use clock constraints and other slack reports for sign-off analysis.


+----------------------------------------------+
; Slow 1100mV 0C Model Setup Summary           ;
+---------------------+--------+---------------+
; Clock               ; Slack  ; End Point TNS ;
+---------------------+--------+---------------+
; CLOCK_50            ; 10.359 ; 0.000         ;
; altera_reserved_tck ; 11.519 ; 0.000         ;
; CAM_PCLK            ; 35.342 ; 0.000         ;
+---------------------+--------+---------------+


+---------------------------------------------+
; Slow 1100mV 0C Model Hold Summary           ;
+---------------------+-------+---------------+
; Clock               ; Slack ; End Point TNS ;
+---------------------+-------+---------------+
; CLOCK_50            ; 0.144 ; 0.000         ;
; altera_reserved_tck ; 0.423 ; 0.000         ;
; CAM_PCLK            ; 0.676 ; 0.000         ;
+---------------------+-------+---------------+


+----------------------------------------------+
; Slow 1100mV 0C Model Recovery Summary        ;
+---------------------+--------+---------------+
; Clock               ; Slack  ; End Point TNS ;
+---------------------+--------+---------------+
; altera_reserved_tck ; 14.792 ; 0.000         ;
; CLOCK_50            ; 14.890 ; 0.000         ;
+---------------------+--------+---------------+


+---------------------------------------------+
; Slow 1100mV 0C Model Removal Summary        ;
+---------------------+-------+---------------+
; Clock               ; Slack ; End Point TNS ;
+---------------------+-------+---------------+
; CLOCK_50            ; 0.351 ; 0.000         ;
; altera_reserved_tck ; 0.723 ; 0.000         ;
+---------------------+-------+---------------+


+------------------------------------------------------------------------------------------------------+
; Slow 1100mV 0C Model Minimum Pulse Width Summary                                                     ;
+-----------------------------------------------------------------------------+--------+---------------+
; Clock                                                                       ; Slack  ; End Point TNS ;
+-----------------------------------------------------------------------------+--------+---------------+
; u_sys_pll|sys_pll_inst|altera_pll_i|general[0].gpll~FRACTIONAL_PLL|vcoph[0] ; 0.416  ; 0.000         ;
; CLOCK_50                                                                    ; 8.848  ; 0.000         ;
; altera_reserved_tck                                                         ; 15.292 ; 0.000         ;
; CAM_PCLK                                                                    ; 19.219 ; 0.000         ;
+-----------------------------------------------------------------------------+--------+---------------+


----------------------------------------------
; Slow 1100mV 0C Model Metastability Summary ;
----------------------------------------------
Worst-Case MTBF of Design is 1e+09 years or 3.15e+16 seconds.
Typical MTBF of Design is 1e+09 years or 3.15e+16 seconds.

Number of Synchronizer Chains Found: 47
Shortest Synchronizer Chain: 2 Registers
Fraction of Chains for which MTBFs Could Not be Calculated: 0.128
Worst Case Available Settling Time: 18.448 ns

Worst-Case MTBF values are calculated based on the worst-case silicon characteristics, with worst-case operating conditions.
  - Under worst-case conditions, an increase of 100ps in available settling time will increase MTBF values by a factor of 5.2
Typical MTBF values are calculated based on the nominal silicon characteristics, at nominal operating conditions.
  - Under typical conditions, an increase of 100ps in available settling time will increase MTBF values by a factor of 17.8



+----------------------------------------------+
; Fast 1100mV 85C Model Setup Summary          ;
+---------------------+--------+---------------+
; Clock               ; Slack  ; End Point TNS ;
+---------------------+--------+---------------+
; CLOCK_50            ; 13.907 ; 0.000         ;
; altera_reserved_tck ; 13.977 ; 0.000         ;
; CAM_PCLK            ; 37.645 ; 0.000         ;
+---------------------+--------+---------------+


+---------------------------------------------+
; Fast 1100mV 85C Model Hold Summary          ;
+---------------------+-------+---------------+
; Clock               ; Slack ; End Point TNS ;
+---------------------+-------+---------------+
; CLOCK_50            ; 0.115 ; 0.000         ;
; altera_reserved_tck ; 0.219 ; 0.000         ;
; CAM_PCLK            ; 0.291 ; 0.000         ;
+---------------------+-------+---------------+


+----------------------------------------------+
; Fast 1100mV 85C Model Recovery Summary       ;
+---------------------+--------+---------------+
; Clock               ; Slack  ; End Point TNS ;
+---------------------+--------+---------------+
; altera_reserved_tck ; 15.821 ; 0.000         ;
; CLOCK_50            ; 16.525 ; 0.000         ;
+---------------------+--------+---------------+


+---------------------------------------------+
; Fast 1100mV 85C Model Removal Summary       ;
+---------------------+-------+---------------+
; Clock               ; Slack ; End Point TNS ;
+---------------------+-------+---------------+
; CLOCK_50            ; 0.327 ; 0.000         ;
; altera_reserved_tck ; 0.337 ; 0.000         ;
+---------------------+-------+---------------+


+------------------------------------------------------------------------------------------------------+
; Fast 1100mV 85C Model Minimum Pulse Width Summary                                                    ;
+-----------------------------------------------------------------------------+--------+---------------+
; Clock                                                                       ; Slack  ; End Point TNS ;
+-----------------------------------------------------------------------------+--------+---------------+
; u_sys_pll|sys_pll_inst|altera_pll_i|general[0].gpll~FRACTIONAL_PLL|vcoph[0] ; 0.416  ; 0.000         ;
; CLOCK_50                                                                    ; 8.476  ; 0.000         ;
; altera_reserved_tck                                                         ; 14.946 ; 0.000         ;
; CAM_PCLK                                                                    ; 18.890 ; 0.000         ;
+-----------------------------------------------------------------------------+--------+---------------+


-----------------------------------------------
; Fast 1100mV 85C Model Metastability Summary ;
-----------------------------------------------
Worst-Case MTBF of Design is 1e+09 years or 3.15e+16 seconds.
Typical MTBF of Design is 1e+09 years or 3.15e+16 seconds.

Number of Synchronizer Chains Found: 47
Shortest Synchronizer Chain: 2 Registers
Fraction of Chains for which MTBFs Could Not be Calculated: 0.128
Worst Case Available Settling Time: 18.875 ns

Worst-Case MTBF values are calculated based on the worst-case silicon characteristics, with worst-case operating conditions.
  - Under worst-case conditions, an increase of 100ps in available settling time will increase MTBF values by a factor of 79.4
Typical MTBF values are calculated based on the nominal silicon characteristics, at nominal operating conditions.
  - Under typical conditions, an increase of 100ps in available settling time will increase MTBF values by a factor of 17.8



+----------------------------------------------+
; Fast 1100mV 0C Model Setup Summary           ;
+---------------------+--------+---------------+
; Clock               ; Slack  ; End Point TNS ;
+---------------------+--------+---------------+
; altera_reserved_tck ; 14.301 ; 0.000         ;
; CLOCK_50            ; 14.499 ; 0.000         ;
; CAM_PCLK            ; 38.001 ; 0.000         ;
+---------------------+--------+---------------+


+---------------------------------------------+
; Fast 1100mV 0C Model Hold Summary           ;
+---------------------+-------+---------------+
; Clock               ; Slack ; End Point TNS ;
+---------------------+-------+---------------+
; CLOCK_50            ; 0.074 ; 0.000         ;
; altera_reserved_tck ; 0.201 ; 0.000         ;
; CAM_PCLK            ; 0.265 ; 0.000         ;
+---------------------+-------+---------------+


+----------------------------------------------+
; Fast 1100mV 0C Model Recovery Summary        ;
+---------------------+--------+---------------+
; Clock               ; Slack  ; End Point TNS ;
+---------------------+--------+---------------+
; altera_reserved_tck ; 16.018 ; 0.000         ;
; CLOCK_50            ; 16.842 ; 0.000         ;
+---------------------+--------+---------------+


+---------------------------------------------+
; Fast 1100mV 0C Model Removal Summary        ;
+---------------------+-------+---------------+
; Clock               ; Slack ; End Point TNS ;
+---------------------+-------+---------------+
; CLOCK_50            ; 0.272 ; 0.000         ;
; altera_reserved_tck ; 0.292 ; 0.000         ;
+---------------------+-------+---------------+


+------------------------------------------------------------------------------------------------------+
; Fast 1100mV 0C Model Minimum Pulse Width Summary                                                     ;
+-----------------------------------------------------------------------------+--------+---------------+
; Clock                                                                       ; Slack  ; End Point TNS ;
+-----------------------------------------------------------------------------+--------+---------------+
; u_sys_pll|sys_pll_inst|altera_pll_i|general[0].gpll~FRACTIONAL_PLL|vcoph[0] ; 0.416  ; 0.000         ;
; CLOCK_50                                                                    ; 8.432  ; 0.000         ;
; altera_reserved_tck                                                         ; 14.911 ; 0.000         ;
; CAM_PCLK                                                                    ; 18.843 ; 0.000         ;
+-----------------------------------------------------------------------------+--------+---------------+


----------------------------------------------
; Fast 1100mV 0C Model Metastability Summary ;
----------------------------------------------
Worst-Case MTBF of Design is 1e+09 years or 3.15e+16 seconds.
Typical MTBF of Design is 1e+09 years or 3.15e+16 seconds.

Number of Synchronizer Chains Found: 47
Shortest Synchronizer Chain: 2 Registers
Fraction of Chains for which MTBFs Could Not be Calculated: 0.128
Worst Case Available Settling Time: 18.993 ns

Worst-Case MTBF values are calculated based on the worst-case silicon characteristics, with worst-case operating conditions.
  - Under worst-case conditions, an increase of 100ps in available settling time will increase MTBF values by a factor of 5.2
Typical MTBF values are calculated based on the nominal silicon characteristics, at nominal operating conditions.
  - Under typical conditions, an increase of 100ps in available settling time will increase MTBF values by a factor of 17.8



+------------------------------------------------------------------------------------------------------------------------------------------+
; Multicorner Timing Analysis Summary                                                                                                      ;
+------------------------------------------------------------------------------+--------+-------+----------+---------+---------------------+
; Clock                                                                        ; Setup  ; Hold  ; Recovery ; Removal ; Minimum Pulse Width ;
+------------------------------------------------------------------------------+--------+-------+----------+---------+---------------------+
; Worst-case Slack                                                             ; 10.139 ; 0.074 ; 14.674   ; 0.272   ; 0.416               ;
;  CAM_PCLK                                                                    ; 35.233 ; 0.265 ; N/A      ; N/A     ; 18.843              ;
;  CLOCK_50                                                                    ; 10.139 ; 0.074 ; 14.674   ; 0.272   ; 8.432               ;
;  altera_reserved_tck                                                         ; 11.477 ; 0.201 ; 14.685   ; 0.292   ; 14.911              ;
;  u_sys_pll|sys_pll_inst|altera_pll_i|general[0].gpll~FRACTIONAL_PLL|vcoph[0] ; N/A    ; N/A   ; N/A      ; N/A     ; 0.416               ;
; Design-wide TNS                                                              ; 0.0    ; 0.0   ; 0.0      ; 0.0     ; 0.0                 ;
;  CAM_PCLK                                                                    ; 0.000  ; 0.000 ; N/A      ; N/A     ; 0.000               ;
;  CLOCK_50                                                                    ; 0.000  ; 0.000 ; 0.000    ; 0.000   ; 0.000               ;
;  altera_reserved_tck                                                         ; 0.000  ; 0.000 ; 0.000    ; 0.000   ; 0.000               ;
;  u_sys_pll|sys_pll_inst|altera_pll_i|general[0].gpll~FRACTIONAL_PLL|vcoph[0] ; N/A    ; N/A   ; N/A      ; N/A     ; 0.000               ;
+------------------------------------------------------------------------------+--------+-------+----------+---------+---------------------+


+------------------------------------------------------------------------------------------------------------------------------------------------------------------------------------------------------------------------------------------------------------------------------------------------------------------------------------------------------------------------------------------------------------------------+
; Board Trace Model Assignments                                                                                                                                                                                                                                                                                                                                                                                          ;
+---------------------+--------------+-------------------+-------------------------+-------------------------+---------------+---------------------+----------------+------------------+--------+------------------+------------------------+------------------------+--------------+---------------+-----------------+-------+---------------------+--------------------+---------------+-----------------+-------------+
; Pin                 ; I/O Standard ; Near Tline Length ; Near Tline L per Length ; Near Tline C per Length ; Near Series R ; Near Differential R ; Near Pull-up R ; Near Pull-down R ; Near C ; Far Tline Length ; Far Tline L per Length ; Far Tline C per Length ; Far Series R ; Far Pull-up R ; Far Pull-down R ; Far C ; Termination Voltage ; Far Differential R ; EBD File Name ; EBD Signal Name ; EBD Far-end ;
+---------------------+--------------+-------------------+-------------------------+-------------------------+---------------+---------------------+----------------+------------------+--------+------------------+------------------------+------------------------+--------------+---------------+-----------------+-------+---------------------+--------------------+---------------+-----------------+-------------+
; LEDR[0]             ; 3.3-V LVTTL  ; 0 in              ; 0 H/in                  ; 0 F/in                  ; short         ; -                   ; open           ; open             ; open   ; 0 in             ; 0 H/in                 ; 0 F/in                 ; short        ; open          ; open            ; open  ; 0 V                 ; -                  ; n/a           ; n/a             ; n/a         ;
; LEDR[1]             ; 3.3-V LVTTL  ; 0 in              ; 0 H/in                  ; 0 F/in                  ; short         ; -                   ; open           ; open             ; open   ; 0 in             ; 0 H/in                 ; 0 F/in                 ; short        ; open          ; open            ; open  ; 0 V                 ; -                  ; n/a           ; n/a             ; n/a         ;
; LEDR[2]             ; 3.3-V LVTTL  ; 0 in              ; 0 H/in                  ; 0 F/in                  ; short         ; -                   ; open           ; open             ; open   ; 0 in             ; 0 H/in                 ; 0 F/in                 ; short        ; open          ; open            ; open  ; 0 V                 ; -                  ; n/a           ; n/a             ; n/a         ;
; LEDR[3]             ; 3.3-V LVTTL  ; 0 in              ; 0 H/in                  ; 0 F/in                  ; short         ; -                   ; open           ; open             ; open   ; 0 in             ; 0 H/in                 ; 0 F/in                 ; short        ; open          ; open            ; open  ; 0 V                 ; -                  ; n/a           ; n/a             ; n/a         ;
; LEDR[4]             ; 3.3-V LVTTL  ; 0 in              ; 0 H/in                  ; 0 F/in                  ; short         ; -                   ; open           ; open             ; open   ; 0 in             ; 0 H/in                 ; 0 F/in                 ; short        ; open          ; open            ; open  ; 0 V                 ; -                  ; n/a           ; n/a             ; n/a         ;
; LEDR[5]             ; 3.3-V LVTTL  ; 0 in              ; 0 H/in                  ; 0 F/in                  ; short         ; -                   ; open           ; open             ; open   ; 0 in             ; 0 H/in                 ; 0 F/in                 ; short        ; open          ; open            ; open  ; 0 V                 ; -                  ; n/a           ; n/a             ; n/a         ;
; LEDR[6]             ; 3.3-V LVTTL  ; 0 in              ; 0 H/in                  ; 0 F/in                  ; short         ; -                   ; open           ; open             ; open   ; 0 in             ; 0 H/in                 ; 0 F/in                 ; short        ; open          ; open            ; open  ; 0 V                 ; -                  ; n/a           ; n/a             ; n/a         ;
; LEDR[7]             ; 3.3-V LVTTL  ; 0 in              ; 0 H/in                  ; 0 F/in                  ; short         ; -                   ; open           ; open             ; open   ; 0 in             ; 0 H/in                 ; 0 F/in                 ; short        ; open          ; open            ; open  ; 0 V                 ; -                  ; n/a           ; n/a             ; n/a         ;
; LEDR[8]             ; 3.3-V LVTTL  ; 0 in              ; 0 H/in                  ; 0 F/in                  ; short         ; -                   ; open           ; open             ; open   ; 0 in             ; 0 H/in                 ; 0 F/in                 ; short        ; open          ; open            ; open  ; 0 V                 ; -                  ; n/a           ; n/a             ; n/a         ;
; LEDR[9]             ; 3.3-V LVTTL  ; 0 in              ; 0 H/in                  ; 0 F/in                  ; short         ; -                   ; open           ; open             ; open   ; 0 in             ; 0 H/in                 ; 0 F/in                 ; short        ; open          ; open            ; open  ; 0 V                 ; -                  ; n/a           ; n/a             ; n/a         ;
; DRAM_ADDR[0]        ; 3.3-V LVTTL  ; 0 in              ; 0 H/in                  ; 0 F/in                  ; short         ; -                   ; open           ; open             ; open   ; 0 in             ; 0 H/in                 ; 0 F/in                 ; short        ; open          ; open            ; open  ; 0 V                 ; -                  ; n/a           ; n/a             ; n/a         ;
; DRAM_ADDR[1]        ; 3.3-V LVTTL  ; 0 in              ; 0 H/in                  ; 0 F/in                  ; short         ; -                   ; open           ; open             ; open   ; 0 in             ; 0 H/in                 ; 0 F/in                 ; short        ; open          ; open            ; open  ; 0 V                 ; -                  ; n/a           ; n/a             ; n/a         ;
; DRAM_ADDR[2]        ; 3.3-V LVTTL  ; 0 in              ; 0 H/in                  ; 0 F/in                  ; short         ; -                   ; open           ; open             ; open   ; 0 in             ; 0 H/in                 ; 0 F/in                 ; short        ; open          ; open            ; open  ; 0 V                 ; -                  ; n/a           ; n/a             ; n/a         ;
; DRAM_ADDR[3]        ; 3.3-V LVTTL  ; 0 in              ; 0 H/in                  ; 0 F/in                  ; short         ; -                   ; open           ; open             ; open   ; 0 in             ; 0 H/in                 ; 0 F/in                 ; short        ; open          ; open            ; open  ; 0 V                 ; -                  ; n/a           ; n/a             ; n/a         ;
; DRAM_ADDR[4]        ; 3.3-V LVTTL  ; 0 in              ; 0 H/in                  ; 0 F/in                  ; short         ; -                   ; open           ; open             ; open   ; 0 in             ; 0 H/in                 ; 0 F/in                 ; short        ; open          ; open            ; open  ; 0 V                 ; -                  ; n/a           ; n/a             ; n/a         ;
; DRAM_ADDR[5]        ; 3.3-V LVTTL  ; 0 in              ; 0 H/in                  ; 0 F/in                  ; short         ; -                   ; open           ; open             ; open   ; 0 in             ; 0 H/in                 ; 0 F/in                 ; short        ; open          ; open            ; open  ; 0 V                 ; -                  ; n/a           ; n/a             ; n/a         ;
; DRAM_ADDR[6]        ; 3.3-V LVTTL  ; 0 in              ; 0 H/in                  ; 0 F/in                  ; short         ; -                   ; open           ; open             ; open   ; 0 in             ; 0 H/in                 ; 0 F/in                 ; short        ; open          ; open            ; open  ; 0 V                 ; -                  ; n/a           ; n/a             ; n/a         ;
; DRAM_ADDR[7]        ; 3.3-V LVTTL  ; 0 in              ; 0 H/in                  ; 0 F/in                  ; short         ; -                   ; open           ; open             ; open   ; 0 in             ; 0 H/in                 ; 0 F/in                 ; short        ; open          ; open            ; open  ; 0 V                 ; -                  ; n/a           ; n/a             ; n/a         ;
; DRAM_ADDR[8]        ; 3.3-V LVTTL  ; 0 in              ; 0 H/in                  ; 0 F/in                  ; short         ; -                   ; open           ; open             ; open   ; 0 in             ; 0 H/in                 ; 0 F/in                 ; short        ; open          ; open            ; open  ; 0 V                 ; -                  ; n/a           ; n/a             ; n/a         ;
; DRAM_ADDR[9]        ; 3.3-V LVTTL  ; 0 in              ; 0 H/in                  ; 0 F/in                  ; short         ; -                   ; open           ; open             ; open   ; 0 in             ; 0 H/in                 ; 0 F/in                 ; short        ; open          ; open            ; open  ; 0 V                 ; -                  ; n/a           ; n/a             ; n/a         ;
; DRAM_ADDR[10]       ; 3.3-V LVTTL  ; 0 in              ; 0 H/in                  ; 0 F/in                  ; short         ; -                   ; open           ; open             ; open   ; 0 in             ; 0 H/in                 ; 0 F/in                 ; short        ; open          ; open            ; open  ; 0 V                 ; -                  ; n/a           ; n/a             ; n/a         ;
; DRAM_ADDR[11]       ; 3.3-V LVTTL  ; 0 in              ; 0 H/in                  ; 0 F/in                  ; short         ; -                   ; open           ; open             ; open   ; 0 in             ; 0 H/in                 ; 0 F/in                 ; short        ; open          ; open            ; open  ; 0 V                 ; -                  ; n/a           ; n/a             ; n/a         ;
; DRAM_ADDR[12]       ; 3.3-V LVTTL  ; 0 in              ; 0 H/in                  ; 0 F/in                  ; short         ; -                   ; open           ; open             ; open   ; 0 in             ; 0 H/in                 ; 0 F/in                 ; short        ; open          ; open            ; open  ; 0 V                 ; -                  ; n/a           ; n/a             ; n/a         ;
; DRAM_BA[0]          ; 3.3-V LVTTL  ; 0 in              ; 0 H/in                  ; 0 F/in                  ; short         ; -                   ; open           ; open             ; open   ; 0 in             ; 0 H/in                 ; 0 F/in                 ; short        ; open          ; open            ; open  ; 0 V                 ; -                  ; n/a           ; n/a             ; n/a         ;
; DRAM_BA[1]          ; 3.3-V LVTTL  ; 0 in              ; 0 H/in                  ; 0 F/in                  ; short         ; -                   ; open           ; open             ; open   ; 0 in             ; 0 H/in                 ; 0 F/in                 ; short        ; open          ; open            ; open  ; 0 V                 ; -                  ; n/a           ; n/a             ; n/a         ;
; DRAM_CAS_N          ; 3.3-V LVTTL  ; 0 in              ; 0 H/in                  ; 0 F/in                  ; short         ; -                   ; open           ; open             ; open   ; 0 in             ; 0 H/in                 ; 0 F/in                 ; short        ; open          ; open            ; open  ; 0 V                 ; -                  ; n/a           ; n/a             ; n/a         ;
; DRAM_CKE            ; 3.3-V LVTTL  ; 0 in              ; 0 H/in                  ; 0 F/in                  ; short         ; -                   ; open           ; open             ; open   ; 0 in             ; 0 H/in                 ; 0 F/in                 ; short        ; open          ; open            ; open  ; 0 V                 ; -                  ; n/a           ; n/a             ; n/a         ;
; DRAM_CLK            ; 3.3-V LVTTL  ; 0 in              ; 0 H/in                  ; 0 F/in                  ; short         ; -                   ; open           ; open             ; open   ; 0 in             ; 0 H/in                 ; 0 F/in                 ; short        ; open          ; open            ; open  ; 0 V                 ; -                  ; n/a           ; n/a             ; n/a         ;
; DRAM_CS_N           ; 3.3-V LVTTL  ; 0 in              ; 0 H/in                  ; 0 F/in                  ; short         ; -                   ; open           ; open             ; open   ; 0 in             ; 0 H/in                 ; 0 F/in                 ; short        ; open          ; open            ; open  ; 0 V                 ; -                  ; n/a           ; n/a             ; n/a         ;
; DRAM_LDQM           ; 3.3-V LVTTL  ; 0 in              ; 0 H/in                  ; 0 F/in                  ; short         ; -                   ; open           ; open             ; open   ; 0 in             ; 0 H/in                 ; 0 F/in                 ; short        ; open          ; open            ; open  ; 0 V                 ; -                  ; n/a           ; n/a             ; n/a         ;
; DRAM_RAS_N          ; 3.3-V LVTTL  ; 0 in              ; 0 H/in                  ; 0 F/in                  ; short         ; -                   ; open           ; open             ; open   ; 0 in             ; 0 H/in                 ; 0 F/in                 ; short        ; open          ; open            ; open  ; 0 V                 ; -                  ; n/a           ; n/a             ; n/a         ;
; DRAM_UDQM           ; 3.3-V LVTTL  ; 0 in              ; 0 H/in                  ; 0 F/in                  ; short         ; -                   ; open           ; open             ; open   ; 0 in             ; 0 H/in                 ; 0 F/in                 ; short        ; open          ; open            ; open  ; 0 V                 ; -                  ; n/a           ; n/a             ; n/a         ;
; DRAM_WE_N           ; 3.3-V LVTTL  ; 0 in              ; 0 H/in                  ; 0 F/in                  ; short         ; -                   ; open           ; open             ; open   ; 0 in             ; 0 H/in                 ; 0 F/in                 ; short        ; open          ; open            ; open  ; 0 V                 ; -                  ; n/a           ; n/a             ; n/a         ;
; DRAM_DQ[0]          ; 3.3-V LVTTL  ; 0 in              ; 0 H/in                  ; 0 F/in                  ; short         ; -                   ; open           ; open             ; open   ; 0 in             ; 0 H/in                 ; 0 F/in                 ; short        ; open          ; open            ; open  ; 0 V                 ; -                  ; n/a           ; n/a             ; n/a         ;
; DRAM_DQ[1]          ; 3.3-V LVTTL  ; 0 in              ; 0 H/in                  ; 0 F/in                  ; short         ; -                   ; open           ; open             ; open   ; 0 in             ; 0 H/in                 ; 0 F/in                 ; short        ; open          ; open            ; open  ; 0 V                 ; -                  ; n/a           ; n/a             ; n/a         ;
; DRAM_DQ[2]          ; 3.3-V LVTTL  ; 0 in              ; 0 H/in                  ; 0 F/in                  ; short         ; -                   ; open           ; open             ; open   ; 0 in             ; 0 H/in                 ; 0 F/in                 ; short        ; open          ; open            ; open  ; 0 V                 ; -                  ; n/a           ; n/a             ; n/a         ;
; DRAM_DQ[3]          ; 3.3-V LVTTL  ; 0 in              ; 0 H/in                  ; 0 F/in                  ; short         ; -                   ; open           ; open             ; open   ; 0 in             ; 0 H/in                 ; 0 F/in                 ; short        ; open          ; open            ; open  ; 0 V                 ; -                  ; n/a           ; n/a             ; n/a         ;
; DRAM_DQ[4]          ; 3.3-V LVTTL  ; 0 in              ; 0 H/in                  ; 0 F/in                  ; short         ; -                   ; open           ; open             ; open   ; 0 in             ; 0 H/in                 ; 0 F/in                 ; short        ; open          ; open            ; open  ; 0 V                 ; -                  ; n/a           ; n/a             ; n/a         ;
; DRAM_DQ[5]          ; 3.3-V LVTTL  ; 0 in              ; 0 H/in                  ; 0 F/in                  ; short         ; -                   ; open           ; open             ; open   ; 0 in             ; 0 H/in                 ; 0 F/in                 ; short        ; open          ; open            ; open  ; 0 V                 ; -                  ; n/a           ; n/a             ; n/a         ;
; DRAM_DQ[6]          ; 3.3-V LVTTL  ; 0 in              ; 0 H/in                  ; 0 F/in                  ; short         ; -                   ; open           ; open             ; open   ; 0 in             ; 0 H/in                 ; 0 F/in                 ; short        ; open          ; open            ; open  ; 0 V                 ; -                  ; n/a           ; n/a             ; n/a         ;
; DRAM_DQ[7]          ; 3.3-V LVTTL  ; 0 in              ; 0 H/in                  ; 0 F/in                  ; short         ; -                   ; open           ; open             ; open   ; 0 in             ; 0 H/in                 ; 0 F/in                 ; short        ; open          ; open            ; open  ; 0 V                 ; -                  ; n/a           ; n/a             ; n/a         ;
; DRAM_DQ[8]          ; 3.3-V LVTTL  ; 0 in              ; 0 H/in                  ; 0 F/in                  ; short         ; -                   ; open           ; open             ; open   ; 0 in             ; 0 H/in                 ; 0 F/in                 ; short        ; open          ; open            ; open  ; 0 V                 ; -                  ; n/a           ; n/a             ; n/a         ;
; DRAM_DQ[9]          ; 3.3-V LVTTL  ; 0 in              ; 0 H/in                  ; 0 F/in                  ; short         ; -                   ; open           ; open             ; open   ; 0 in             ; 0 H/in                 ; 0 F/in                 ; short        ; open          ; open            ; open  ; 0 V                 ; -                  ; n/a           ; n/a             ; n/a         ;
; DRAM_DQ[10]         ; 3.3-V LVTTL  ; 0 in              ; 0 H/in                  ; 0 F/in                  ; short         ; -                   ; open           ; open             ; open   ; 0 in             ; 0 H/in                 ; 0 F/in                 ; short        ; open          ; open            ; open  ; 0 V                 ; -                  ; n/a           ; n/a             ; n/a         ;
; DRAM_DQ[11]         ; 3.3-V LVTTL  ; 0 in              ; 0 H/in                  ; 0 F/in                  ; short         ; -                   ; open           ; open             ; open   ; 0 in             ; 0 H/in                 ; 0 F/in                 ; short        ; open          ; open            ; open  ; 0 V                 ; -                  ; n/a           ; n/a             ; n/a         ;
; DRAM_DQ[12]         ; 3.3-V LVTTL  ; 0 in              ; 0 H/in                  ; 0 F/in                  ; short         ; -                   ; open           ; open             ; open   ; 0 in             ; 0 H/in                 ; 0 F/in                 ; short        ; open          ; open            ; open  ; 0 V                 ; -                  ; n/a           ; n/a             ; n/a         ;
; DRAM_DQ[13]         ; 3.3-V LVTTL  ; 0 in              ; 0 H/in                  ; 0 F/in                  ; short         ; -                   ; open           ; open             ; open   ; 0 in             ; 0 H/in                 ; 0 F/in                 ; short        ; open          ; open            ; open  ; 0 V                 ; -                  ; n/a           ; n/a             ; n/a         ;
; DRAM_DQ[14]         ; 3.3-V LVTTL  ; 0 in              ; 0 H/in                  ; 0 F/in                  ; short         ; -                   ; open           ; open             ; open   ; 0 in             ; 0 H/in                 ; 0 F/in                 ; short        ; open          ; open            ; open  ; 0 V                 ; -                  ; n/a           ; n/a             ; n/a         ;
; DRAM_DQ[15]         ; 3.3-V LVTTL  ; 0 in              ; 0 H/in                  ; 0 F/in                  ; short         ; -                   ; open           ; open             ; open   ; 0 in             ; 0 H/in                 ; 0 F/in                 ; short        ; open          ; open            ; open  ; 0 V                 ; -                  ; n/a           ; n/a             ; n/a         ;
; altera_reserved_tdo ; 3.3-V LVTTL  ; 0 in              ; 0 H/in                  ; 0 F/in                  ; short         ; -                   ; open           ; open             ; open   ; 0 in             ; 0 H/in                 ; 0 F/in                 ; short        ; open          ; open            ; open  ; 0 V                 ; -                  ; n/a           ; n/a             ; n/a         ;
+---------------------+--------------+-------------------+-------------------------+-------------------------+---------------+---------------------+----------------+------------------+--------+------------------+------------------------+------------------------+--------------+---------------+-----------------+-------+---------------------+--------------------+---------------+-----------------+-------------+


+------------------------------------------------------------------------+
; Input Transition Times                                                 ;
+---------------------+--------------+-----------------+-----------------+
; Pin                 ; I/O Standard ; 10-90 Rise Time ; 90-10 Fall Time ;
+---------------------+--------------+-----------------+-----------------+
; KEY[1]              ; 3.3-V LVTTL  ; 2640 ps         ; 2640 ps         ;
; KEY[2]              ; 3.3-V LVTTL  ; 2640 ps         ; 2640 ps         ;
; KEY[3]              ; 3.3-V LVTTL  ; 2640 ps         ; 2640 ps         ;
; SW[1]               ; 3.3-V LVTTL  ; 2640 ps         ; 2640 ps         ;
; SW[2]               ; 3.3-V LVTTL  ; 2640 ps         ; 2640 ps         ;
; SW[3]               ; 3.3-V LVTTL  ; 2640 ps         ; 2640 ps         ;
; SW[4]               ; 3.3-V LVTTL  ; 2640 ps         ; 2640 ps         ;
; SW[5]               ; 3.3-V LVTTL  ; 2640 ps         ; 2640 ps         ;
; SW[6]               ; 3.3-V LVTTL  ; 2640 ps         ; 2640 ps         ;
; SW[7]               ; 3.3-V LVTTL  ; 2640 ps         ; 2640 ps         ;
; SW[8]               ; 3.3-V LVTTL  ; 2640 ps         ; 2640 ps         ;
; SW[9]               ; 3.3-V LVTTL  ; 2640 ps         ; 2640 ps         ;
; DRAM_DQ[0]          ; 3.3-V LVTTL  ; 2640 ps         ; 2640 ps         ;
; DRAM_DQ[1]          ; 3.3-V LVTTL  ; 2640 ps         ; 2640 ps         ;
; DRAM_DQ[2]          ; 3.3-V LVTTL  ; 2640 ps         ; 2640 ps         ;
; DRAM_DQ[3]          ; 3.3-V LVTTL  ; 2640 ps         ; 2640 ps         ;
; DRAM_DQ[4]          ; 3.3-V LVTTL  ; 2640 ps         ; 2640 ps         ;
; DRAM_DQ[5]          ; 3.3-V LVTTL  ; 2640 ps         ; 2640 ps         ;
; DRAM_DQ[6]          ; 3.3-V LVTTL  ; 2640 ps         ; 2640 ps         ;
; DRAM_DQ[7]          ; 3.3-V LVTTL  ; 2640 ps         ; 2640 ps         ;
; DRAM_DQ[8]          ; 3.3-V LVTTL  ; 2640 ps         ; 2640 ps         ;
; DRAM_DQ[9]          ; 3.3-V LVTTL  ; 2640 ps         ; 2640 ps         ;
; DRAM_DQ[10]         ; 3.3-V LVTTL  ; 2640 ps         ; 2640 ps         ;
; DRAM_DQ[11]         ; 3.3-V LVTTL  ; 2640 ps         ; 2640 ps         ;
; DRAM_DQ[12]         ; 3.3-V LVTTL  ; 2640 ps         ; 2640 ps         ;
; DRAM_DQ[13]         ; 3.3-V LVTTL  ; 2640 ps         ; 2640 ps         ;
; DRAM_DQ[14]         ; 3.3-V LVTTL  ; 2640 ps         ; 2640 ps         ;
; DRAM_DQ[15]         ; 3.3-V LVTTL  ; 2640 ps         ; 2640 ps         ;
; SW[0]               ; 3.3-V LVTTL  ; 2640 ps         ; 2640 ps         ;
; KEY[0]              ; 3.3-V LVTTL  ; 2640 ps         ; 2640 ps         ;
; CLOCK_50            ; 3.3-V LVTTL  ; 2640 ps         ; 2640 ps         ;
; CAM_VSYNC           ; 3.3-V LVTTL  ; 2640 ps         ; 2640 ps         ;
; CAM_PCLK            ; 3.3-V LVTTL  ; 2640 ps         ; 2640 ps         ;
; CAM_HREF            ; 3.3-V LVTTL  ; 2640 ps         ; 2640 ps         ;
; CAM_DATA[0]         ; 3.3-V LVTTL  ; 2640 ps         ; 2640 ps         ;
; CAM_DATA[1]         ; 3.3-V LVTTL  ; 2640 ps         ; 2640 ps         ;
; CAM_DATA[2]         ; 3.3-V LVTTL  ; 2640 ps         ; 2640 ps         ;
; CAM_DATA[3]         ; 3.3-V LVTTL  ; 2640 ps         ; 2640 ps         ;
; CAM_DATA[4]         ; 3.3-V LVTTL  ; 2640 ps         ; 2640 ps         ;
; CAM_DATA[5]         ; 3.3-V LVTTL  ; 2640 ps         ; 2640 ps         ;
; CAM_DATA[6]         ; 3.3-V LVTTL  ; 2640 ps         ; 2640 ps         ;
; CAM_DATA[7]         ; 3.3-V LVTTL  ; 2640 ps         ; 2640 ps         ;
; altera_reserved_tms ; 3.3-V LVTTL  ; 2640 ps         ; 2640 ps         ;
; altera_reserved_tck ; 3.3-V LVTTL  ; 2640 ps         ; 2640 ps         ;
; altera_reserved_tdi ; 3.3-V LVTTL  ; 2640 ps         ; 2640 ps         ;
+---------------------+--------------+-----------------+-----------------+


+--------------------------------------------------------------------------------------------------------------------------------------------------------------------------------------------------------------------------------------------------------------------------------------------------------------------------------------------------------------------------------------------------------------------------------------------------------------------------------------------------------------------------------------------------------------------------------------------------------------------------------------------------------------------------------------------------+
; Signal Integrity Metrics (Slow 1100mv 0c Model)                                                                                                                                                                                                                                                                                                                                                                                                                                                                                                                                                                                                                                                  ;
+---------------------+--------------+---------------------+---------------------+------------------------------+------------------------------+---------------------+---------------------+--------------------------------------+--------------------------------------+-----------------------------+-----------------------------+----------------------------+----------------------------+-----------------------------+-----------------------------+--------------------+--------------------+-------------------------------------+-------------------------------------+----------------------------+----------------------------+---------------------------+---------------------------+
; Pin                 ; I/O Standard ; Board Delay on Rise ; Board Delay on Fall ; Steady State Voh at FPGA Pin ; Steady State Vol at FPGA Pin ; Voh Max at FPGA Pin ; Vol Min at FPGA Pin ; Ringback Voltage on Rise at FPGA Pin ; Ringback Voltage on Fall at FPGA Pin ; 10-90 Rise Time at FPGA Pin ; 90-10 Fall Time at FPGA Pin ; Monotonic Rise at FPGA Pin ; Monotonic Fall at FPGA Pin ; Steady State Voh at Far-end ; Steady State Vol at Far-end ; Voh Max at Far-end ; Vol Min at Far-end ; Ringback Voltage on Rise at Far-end ; Ringback Voltage on Fall at Far-end ; 10-90 Rise Time at Far-end ; 90-10 Fall Time at Far-end ; Monotonic Rise at Far-end ; Monotonic Fall at Far-end ;
+---------------------+--------------+---------------------+---------------------+------------------------------+------------------------------+---------------------+---------------------+--------------------------------------+--------------------------------------+-----------------------------+-----------------------------+----------------------------+----------------------------+-----------------------------+-----------------------------+--------------------+--------------------+-------------------------------------+-------------------------------------+----------------------------+----------------------------+---------------------------+---------------------------+
; LEDR[0]             ; 3.3-V LVTTL  ; 0 s                 ; 0 s                 ; 3.08 V                       ; 3.5e-07 V                    ; 3.14 V              ; -0.195 V            ; 0.158 V                              ; 0.394 V                              ; 4.46e-10 s                  ; 1.64e-10 s                  ; Yes                        ; No                         ; 3.08 V                      ; 3.5e-07 V                   ; 3.14 V             ; -0.195 V           ; 0.158 V                             ; 0.394 V                             ; 4.46e-10 s                 ; 1.64e-10 s                 ; Yes                       ; No                        ;
; LEDR[1]             ; 3.3-V LVTTL  ; 0 s                 ; 0 s                 ; 3.08 V                       ; 2.62e-07 V                   ; 3.1 V               ; -0.153 V            ; 0.035 V                              ; 0.31 V                               ; 4.23e-10 s                  ; 1.59e-10 s                  ; Yes                        ; No                         ; 3.08 V                      ; 2.62e-07 V                  ; 3.1 V              ; -0.153 V           ; 0.035 V                             ; 0.31 V                              ; 4.23e-10 s                 ; 1.59e-10 s                 ; Yes                       ; No                        ;
; LEDR[2]             ; 3.3-V LVTTL  ; 0 s                 ; 0 s                 ; 3.08 V                       ; 3.5e-07 V                    ; 3.14 V              ; -0.195 V            ; 0.158 V                              ; 0.394 V                              ; 4.46e-10 s                  ; 1.64e-10 s                  ; Yes                        ; No                         ; 3.08 V                      ; 3.5e-07 V                   ; 3.14 V             ; -0.195 V           ; 0.158 V                             ; 0.394 V                             ; 4.46e-10 s                 ; 1.64e-10 s                 ; Yes                       ; No                        ;
; LEDR[3]             ; 3.3-V LVTTL  ; 0 s                 ; 0 s                 ; 3.08 V                       ; 3.5e-07 V                    ; 3.14 V              ; -0.195 V            ; 0.158 V                              ; 0.394 V                              ; 4.46e-10 s                  ; 1.64e-10 s                  ; Yes                        ; No                         ; 3.08 V                      ; 3.5e-07 V                   ; 3.14 V             ; -0.195 V           ; 0.158 V                             ; 0.394 V                             ; 4.46e-10 s                 ; 1.64e-10 s                 ; Yes                       ; No                        ;
; LEDR[4]             ; 3.3-V LVTTL  ; 0 s                 ; 0 s                 ; 3.08 V                       ; 2.62e-07 V                   ; 3.1 V               ; -0.153 V            ; 0.035 V                              ; 0.31 V                               ; 4.23e-10 s                  ; 1.59e-10 s                  ; Yes                        ; No                         ; 3.08 V                      ; 2.62e-07 V                  ; 3.1 V              ; -0.153 V           ; 0.035 V                             ; 0.31 V                              ; 4.23e-10 s                 ; 1.59e-10 s                 ; Yes                       ; No                        ;
; LEDR[5]             ; 3.3-V LVTTL  ; 0 s                 ; 0 s                 ; 3.08 V                       ; 2.62e-07 V                   ; 3.1 V               ; -0.153 V            ; 0.035 V                              ; 0.31 V                               ; 4.23e-10 s                  ; 1.59e-10 s                  ; Yes                        ; No                         ; 3.08 V                      ; 2.62e-07 V                  ; 3.1 V              ; -0.153 V           ; 0.035 V                             ; 0.31 V                              ; 4.23e-10 s                 ; 1.59e-10 s                 ; Yes                       ; No                        ;
; LEDR[6]             ; 3.3-V LVTTL  ; 0 s                 ; 0 s                 ; 3.08 V                       ; 3.5e-07 V                    ; 3.14 V              ; -0.195 V            ; 0.158 V                              ; 0.394 V                              ; 4.46e-10 s                  ; 1.64e-10 s                  ; Yes                        ; No                         ; 3.08 V                      ; 3.5e-07 V                   ; 3.14 V             ; -0.195 V           ; 0.158 V                             ; 0.394 V                             ; 4.46e-10 s                 ; 1.64e-10 s                 ; Yes                       ; No                        ;
; LEDR[7]             ; 3.3-V LVTTL  ; 0 s                 ; 0 s                 ; 3.08 V                       ; 3.5e-07 V                    ; 3.14 V              ; -0.195 V            ; 0.158 V                              ; 0.394 V                              ; 4.46e-10 s                  ; 1.64e-10 s                  ; Yes                        ; No                         ; 3.08 V                      ; 3.5e-07 V                   ; 3.14 V             ; -0.195 V           ; 0.158 V                             ; 0.394 V                             ; 4.46e-10 s                 ; 1.64e-10 s                 ; Yes                       ; No                        ;
; LEDR[8]             ; 3.3-V LVTTL  ; 0 s                 ; 0 s                 ; 3.08 V                       ; 3.5e-07 V                    ; 3.14 V              ; -0.195 V            ; 0.158 V                              ; 0.394 V                              ; 4.46e-10 s                  ; 1.64e-10 s                  ; Yes                        ; No                         ; 3.08 V                      ; 3.5e-07 V                   ; 3.14 V             ; -0.195 V           ; 0.158 V                             ; 0.394 V                             ; 4.46e-10 s                 ; 1.64e-10 s                 ; Yes                       ; No                        ;
; LEDR[9]             ; 3.3-V LVTTL  ; 0 s                 ; 0 s                 ; 3.08 V                       ; 2.62e-07 V                   ; 3.1 V               ; -0.153 V            ; 0.035 V                              ; 0.31 V                               ; 4.23e-10 s                  ; 1.59e-10 s                  ; Yes                        ; No                         ; 3.08 V                      ; 2.62e-07 V                  ; 3.1 V              ; -0.153 V           ; 0.035 V                             ; 0.31 V                              ; 4.23e-10 s                 ; 1.59e-10 s                 ; Yes                       ; No                        ;
; DRAM_ADDR[0]        ; 3.3-V LVTTL  ; 0 s                 ; 0 s                 ; 3.08 V                       ; 3.35e-07 V                   ; 3.14 V              ; -0.257 V            ; 0.13 V                               ; 0.399 V                              ; 4.27e-10 s                  ; 1.5e-10 s                   ; Yes                        ; No                         ; 3.08 V                      ; 3.35e-07 V                  ; 3.14 V             ; -0.257 V           ; 0.13 V                              ; 0.399 V                             ; 4.27e-10 s                 ; 1.5e-10 s                  ; Yes                       ; No                        ;
; DRAM_ADDR[1]        ; 3.3-V LVTTL  ; 0 s                 ; 0 s                 ; 3.08 V                       ; 2.62e-07 V                   ; 3.1 V               ; -0.153 V            ; 0.035 V                              ; 0.31 V                               ; 4.23e-10 s                  ; 1.59e-10 s                  ; Yes                        ; No                         ; 3.08 V                      ; 2.62e-07 V                  ; 3.1 V              ; -0.153 V           ; 0.035 V                             ; 0.31 V                              ; 4.23e-10 s                 ; 1.59e-10 s                 ; Yes                       ; No                        ;
; DRAM_ADDR[2]        ; 3.3-V LVTTL  ; 0 s                 ; 0 s                 ; 3.08 V                       ; 3.5e-07 V                    ; 3.14 V              ; -0.195 V            ; 0.158 V                              ; 0.394 V                              ; 4.46e-10 s                  ; 1.64e-10 s                  ; Yes                        ; No                         ; 3.08 V                      ; 3.5e-07 V                   ; 3.14 V             ; -0.195 V           ; 0.158 V                             ; 0.394 V                             ; 4.46e-10 s                 ; 1.64e-10 s                 ; Yes                       ; No                        ;
; DRAM_ADDR[3]        ; 3.3-V LVTTL  ; 0 s                 ; 0 s                 ; 3.08 V                       ; 2.62e-07 V                   ; 3.1 V               ; -0.153 V            ; 0.035 V                              ; 0.31 V                               ; 4.23e-10 s                  ; 1.59e-10 s                  ; Yes                        ; No                         ; 3.08 V                      ; 2.62e-07 V                  ; 3.1 V              ; -0.153 V           ; 0.035 V                             ; 0.31 V                              ; 4.23e-10 s                 ; 1.59e-10 s                 ; Yes                       ; No                        ;
; DRAM_ADDR[4]        ; 3.3-V LVTTL  ; 0 s                 ; 0 s                 ; 3.08 V                       ; 3.5e-07 V                    ; 3.14 V              ; -0.195 V            ; 0.158 V                              ; 0.394 V                              ; 4.46e-10 s                  ; 1.64e-10 s                  ; Yes                        ; No                         ; 3.08 V                      ; 3.5e-07 V                   ; 3.14 V             ; -0.195 V           ; 0.158 V                             ; 0.394 V                             ; 4.46e-10 s                 ; 1.64e-10 s                 ; Yes                       ; No                        ;
; DRAM_ADDR[5]        ; 3.3-V LVTTL  ; 0 s                 ; 0 s                 ; 3.08 V                       ; 2.62e-07 V                   ; 3.1 V               ; -0.153 V            ; 0.035 V                              ; 0.31 V                               ; 4.23e-10 s                  ; 1.59e-10 s                  ; Yes                        ; No                         ; 3.08 V                      ; 2.62e-07 V                  ; 3.1 V              ; -0.153 V           ; 0.035 V                             ; 0.31 V                              ; 4.23e-10 s                 ; 1.59e-10 s                 ; Yes                       ; No                        ;
; DRAM_ADDR[6]        ; 3.3-V LVTTL  ; 0 s                 ; 0 s                 ; 3.08 V                       ; 3.5e-07 V                    ; 3.14 V              ; -0.195 V            ; 0.158 V                              ; 0.394 V                              ; 4.46e-10 s                  ; 1.64e-10 s                  ; Yes                        ; No                         ; 3.08 V                      ; 3.5e-07 V                   ; 3.14 V             ; -0.195 V           ; 0.158 V                             ; 0.394 V                             ; 4.46e-10 s                 ; 1.64e-10 s                 ; Yes                       ; No                        ;
; DRAM_ADDR[7]        ; 3.3-V LVTTL  ; 0 s                 ; 0 s                 ; 3.08 V                       ; 2.62e-07 V                   ; 3.1 V               ; -0.153 V            ; 0.035 V                              ; 0.31 V                               ; 4.23e-10 s                  ; 1.59e-10 s                  ; Yes                        ; No                         ; 3.08 V                      ; 2.62e-07 V                  ; 3.1 V              ; -0.153 V           ; 0.035 V                             ; 0.31 V                              ; 4.23e-10 s                 ; 1.59e-10 s                 ; Yes                       ; No                        ;
; DRAM_ADDR[8]        ; 3.3-V LVTTL  ; 0 s                 ; 0 s                 ; 3.08 V                       ; 2.62e-07 V                   ; 3.1 V               ; -0.153 V            ; 0.035 V                              ; 0.31 V                               ; 4.23e-10 s                  ; 1.59e-10 s                  ; Yes                        ; No                         ; 3.08 V                      ; 2.62e-07 V                  ; 3.1 V              ; -0.153 V           ; 0.035 V                             ; 0.31 V                              ; 4.23e-10 s                 ; 1.59e-10 s                 ; Yes                       ; No                        ;
; DRAM_ADDR[9]        ; 3.3-V LVTTL  ; 0 s                 ; 0 s                 ; 3.08 V                       ; 2.62e-07 V                   ; 3.1 V               ; -0.153 V            ; 0.035 V                              ; 0.31 V                               ; 4.23e-10 s                  ; 1.59e-10 s                  ; Yes                        ; No                         ; 3.08 V                      ; 2.62e-07 V                  ; 3.1 V              ; -0.153 V           ; 0.035 V                             ; 0.31 V                              ; 4.23e-10 s                 ; 1.59e-10 s                 ; Yes                       ; No                        ;
; DRAM_ADDR[10]       ; 3.3-V LVTTL  ; 0 s                 ; 0 s                 ; 3.08 V                       ; 3.5e-07 V                    ; 3.14 V              ; -0.195 V            ; 0.158 V                              ; 0.394 V                              ; 4.46e-10 s                  ; 1.64e-10 s                  ; Yes                        ; No                         ; 3.08 V                      ; 3.5e-07 V                   ; 3.14 V             ; -0.195 V           ; 0.158 V                             ; 0.394 V                             ; 4.46e-10 s                 ; 1.64e-10 s                 ; Yes                       ; No                        ;
; DRAM_ADDR[11]       ; 3.3-V LVTTL  ; 0 s                 ; 0 s                 ; 3.08 V                       ; 3.5e-07 V                    ; 3.14 V              ; -0.195 V            ; 0.158 V                              ; 0.394 V                              ; 4.46e-10 s                  ; 1.64e-10 s                  ; Yes                        ; No                         ; 3.08 V                      ; 3.5e-07 V                   ; 3.14 V             ; -0.195 V           ; 0.158 V                             ; 0.394 V                             ; 4.46e-10 s                 ; 1.64e-10 s                 ; Yes                       ; No                        ;
; DRAM_ADDR[12]       ; 3.3-V LVTTL  ; 0 s                 ; 0 s                 ; 3.08 V                       ; 3.35e-07 V                   ; 3.14 V              ; -0.258 V            ; 0.13 V                               ; 0.399 V                              ; 4.27e-10 s                  ; 1.5e-10 s                   ; Yes                        ; No                         ; 3.08 V                      ; 3.35e-07 V                  ; 3.14 V             ; -0.258 V           ; 0.13 V                              ; 0.399 V                             ; 4.27e-10 s                 ; 1.5e-10 s                  ; Yes                       ; No                        ;
; DRAM_BA[0]          ; 3.3-V LVTTL  ; 0 s                 ; 0 s                 ; 3.08 V                       ; 2.62e-07 V                   ; 3.1 V               ; -0.153 V            ; 0.035 V                              ; 0.31 V                               ; 4.23e-10 s                  ; 1.59e-10 s                  ; Yes                        ; No                         ; 3.08 V                      ; 2.62e-07 V                  ; 3.1 V              ; -0.153 V           ; 0.035 V                             ; 0.31 V                              ; 4.23e-10 s                 ; 1.59e-10 s                 ; Yes                       ; No                        ;
; DRAM_BA[1]          ; 3.3-V LVTTL  ; 0 s                 ; 0 s                 ; 3.08 V                       ; 3.35e-07 V                   ; 3.14 V              ; -0.257 V            ; 0.13 V                               ; 0.399 V                              ; 4.27e-10 s                  ; 1.5e-10 s                   ; Yes                        ; No                         ; 3.08 V                      ; 3.35e-07 V                  ; 3.14 V             ; -0.257 V           ; 0.13 V                              ; 0.399 V                             ; 4.27e-10 s                 ; 1.5e-10 s                  ; Yes                       ; No                        ;
; DRAM_CAS_N          ; 3.3-V LVTTL  ; 0 s                 ; 0 s                 ; 3.08 V                       ; 3.5e-07 V                    ; 3.14 V              ; -0.195 V            ; 0.158 V                              ; 0.394 V                              ; 4.46e-10 s                  ; 1.64e-10 s                  ; Yes                        ; No                         ; 3.08 V                      ; 3.5e-07 V                   ; 3.14 V             ; -0.195 V           ; 0.158 V                             ; 0.394 V                             ; 4.46e-10 s                 ; 1.64e-10 s                 ; Yes                       ; No                        ;
; DRAM_CKE            ; 3.3-V LVTTL  ; 0 s                 ; 0 s                 ; 3.08 V                       ; 3.35e-07 V                   ; 3.14 V              ; -0.257 V            ; 0.13 V                               ; 0.399 V                              ; 4.27e-10 s                  ; 1.5e-10 s                   ; Yes                        ; No                         ; 3.08 V                      ; 3.35e-07 V                  ; 3.14 V             ; -0.257 V           ; 0.13 V                              ; 0.399 V                             ; 4.27e-10 s                 ; 1.5e-10 s                  ; Yes                       ; No                        ;
; DRAM_CLK            ; 3.3-V LVTTL  ; 0 s                 ; 0 s                 ; 3.08 V                       ; 3.35e-07 V                   ; 3.14 V              ; -0.258 V            ; 0.13 V                               ; 0.399 V                              ; 4.27e-10 s                  ; 1.5e-10 s                   ; Yes                        ; No                         ; 3.08 V                      ; 3.35e-07 V                  ; 3.14 V             ; -0.258 V           ; 0.13 V                              ; 0.399 V                             ; 4.27e-10 s                 ; 1.5e-10 s                  ; Yes                       ; No                        ;
; DRAM_CS_N           ; 3.3-V LVTTL  ; 0 s                 ; 0 s                 ; 3.08 V                       ; 2.62e-07 V                   ; 3.1 V               ; -0.153 V            ; 0.035 V                              ; 0.31 V                               ; 4.23e-10 s                  ; 1.59e-10 s                  ; Yes                        ; No                         ; 3.08 V                      ; 2.62e-07 V                  ; 3.1 V              ; -0.153 V           ; 0.035 V                             ; 0.31 V                              ; 4.23e-10 s                 ; 1.59e-10 s                 ; Yes                       ; No                        ;
; DRAM_LDQM           ; 3.3-V LVTTL  ; 0 s                 ; 0 s                 ; 3.08 V                       ; 2.62e-07 V                   ; 3.1 V               ; -0.153 V            ; 0.035 V                              ; 0.31 V                               ; 4.23e-10 s                  ; 1.59e-10 s                  ; Yes                        ; No                         ; 3.08 V                      ; 2.62e-07 V                  ; 3.1 V              ; -0.153 V           ; 0.035 V                             ; 0.31 V                              ; 4.23e-10 s                 ; 1.59e-10 s                 ; Yes                       ; No                        ;
; DRAM_RAS_N          ; 3.3-V LVTTL  ; 0 s                 ; 0 s                 ; 3.08 V                       ; 3.5e-07 V                    ; 3.14 V              ; -0.195 V            ; 0.158 V                              ; 0.394 V                              ; 4.46e-10 s                  ; 1.64e-10 s                  ; Yes                        ; No                         ; 3.08 V                      ; 3.5e-07 V                   ; 3.14 V             ; -0.195 V           ; 0.158 V                             ; 0.394 V                             ; 4.46e-10 s                 ; 1.64e-10 s                 ; Yes                       ; No                        ;
; DRAM_UDQM           ; 3.3-V LVTTL  ; 0 s                 ; 0 s                 ; 3.08 V                       ; 3.35e-07 V                   ; 3.14 V              ; -0.258 V            ; 0.13 V                               ; 0.399 V                              ; 4.27e-10 s                  ; 1.5e-10 s                   ; Yes                        ; No                         ; 3.08 V                      ; 3.35e-07 V                  ; 3.14 V             ; -0.258 V           ; 0.13 V                              ; 0.399 V                             ; 4.27e-10 s                 ; 1.5e-10 s                  ; Yes                       ; No                        ;
; DRAM_WE_N           ; 3.3-V LVTTL  ; 0 s                 ; 0 s                 ; 3.08 V                       ; 3.5e-07 V                    ; 3.14 V              ; -0.195 V            ; 0.158 V                              ; 0.394 V                              ; 4.46e-10 s                  ; 1.64e-10 s                  ; Yes                        ; No                         ; 3.08 V                      ; 3.5e-07 V                   ; 3.14 V             ; -0.195 V           ; 0.158 V                             ; 0.394 V                             ; 4.46e-10 s                 ; 1.64e-10 s                 ; Yes                       ; No                        ;
; DRAM_DQ[0]          ; 3.3-V LVTTL  ; 0 s                 ; 0 s                 ; 3.08 V                       ; 3.35e-07 V                   ; 3.14 V              ; -0.257 V            ; 0.13 V                               ; 0.399 V                              ; 4.27e-10 s                  ; 1.5e-10 s                   ; Yes                        ; No                         ; 3.08 V                      ; 3.35e-07 V                  ; 3.14 V             ; -0.257 V           ; 0.13 V                              ; 0.399 V                             ; 4.27e-10 s                 ; 1.5e-10 s                  ; Yes                       ; No                        ;
; DRAM_DQ[1]          ; 3.3-V LVTTL  ; 0 s                 ; 0 s                 ; 3.08 V                       ; 3.35e-07 V                   ; 3.14 V              ; -0.257 V            ; 0.13 V                               ; 0.399 V                              ; 4.27e-10 s                  ; 1.5e-10 s                   ; Yes                        ; No                         ; 3.08 V                      ; 3.35e-07 V                  ; 3.14 V             ; -0.257 V           ; 0.13 V                              ; 0.399 V                             ; 4.27e-10 s                 ; 1.5e-10 s                  ; Yes                       ; No                        ;
; DRAM_DQ[2]          ; 3.3-V LVTTL  ; 0 s                 ; 0 s                 ; 3.08 V                       ; 3.35e-07 V                   ; 3.14 V              ; -0.258 V            ; 0.13 V                               ; 0.399 V                              ; 4.27e-10 s                  ; 1.5e-10 s                   ; Yes                        ; No                         ; 3.08 V                      ; 3.35e-07 V                  ; 3.14 V             ; -0.258 V           ; 0.13 V                              ; 0.399 V                             ; 4.27e-10 s                 ; 1.5e-10 s                  ; Yes                       ; No                        ;
; DRAM_DQ[3]          ; 3.3-V LVTTL  ; 0 s                 ; 0 s                 ; 3.08 V                       ; 3.35e-07 V                   ; 3.14 V              ; -0.257 V            ; 0.13 V                               ; 0.399 V                              ; 4.27e-10 s                  ; 1.5e-10 s                   ; Yes                        ; No                         ; 3.08 V                      ; 3.35e-07 V                  ; 3.14 V             ; -0.257 V           ; 0.13 V                              ; 0.399 V                             ; 4.27e-10 s                 ; 1.5e-10 s                  ; Yes                       ; No                        ;
; DRAM_DQ[4]          ; 3.3-V LVTTL  ; 0 s                 ; 0 s                 ; 3.08 V                       ; 3.35e-07 V                   ; 3.14 V              ; -0.257 V            ; 0.13 V                               ; 0.399 V                              ; 4.27e-10 s                  ; 1.5e-10 s                   ; Yes                        ; No                         ; 3.08 V                      ; 3.35e-07 V                  ; 3.14 V             ; -0.257 V           ; 0.13 V                              ; 0.399 V                             ; 4.27e-10 s                 ; 1.5e-10 s                  ; Yes                       ; No                        ;
; DRAM_DQ[5]          ; 3.3-V LVTTL  ; 0 s                 ; 0 s                 ; 3.08 V                       ; 3.35e-07 V                   ; 3.14 V              ; -0.258 V            ; 0.13 V                               ; 0.399 V                              ; 4.27e-10 s                  ; 1.5e-10 s                   ; Yes                        ; No                         ; 3.08 V                      ; 3.35e-07 V                  ; 3.14 V             ; -0.258 V           ; 0.13 V                              ; 0.399 V                             ; 4.27e-10 s                 ; 1.5e-10 s                  ; Yes                       ; No                        ;
; DRAM_DQ[6]          ; 3.3-V LVTTL  ; 0 s                 ; 0 s                 ; 3.08 V                       ; 2.62e-07 V                   ; 3.1 V               ; -0.153 V            ; 0.035 V                              ; 0.31 V                               ; 4.23e-10 s                  ; 1.59e-10 s                  ; Yes                        ; No                         ; 3.08 V                      ; 2.62e-07 V                  ; 3.1 V              ; -0.153 V           ; 0.035 V                             ; 0.31 V                              ; 4.23e-10 s                 ; 1.59e-10 s                 ; Yes                       ; No                        ;
; DRAM_DQ[7]          ; 3.3-V LVTTL  ; 0 s                 ; 0 s                 ; 3.08 V                       ; 3.5e-07 V                    ; 3.14 V              ; -0.195 V            ; 0.158 V                              ; 0.394 V                              ; 4.46e-10 s                  ; 1.64e-10 s                  ; Yes                        ; No                         ; 3.08 V                      ; 3.5e-07 V                   ; 3.14 V             ; -0.195 V           ; 0.158 V                             ; 0.394 V                             ; 4.46e-10 s                 ; 1.64e-10 s                 ; Yes                       ; No                        ;
; DRAM_DQ[8]          ; 3.3-V LVTTL  ; 0 s                 ; 0 s                 ; 3.08 V                       ; 3.35e-07 V                   ; 3.14 V              ; -0.258 V            ; 0.13 V                               ; 0.399 V                              ; 4.27e-10 s                  ; 1.5e-10 s                   ; Yes                        ; No                         ; 3.08 V                      ; 3.35e-07 V                  ; 3.14 V             ; -0.258 V           ; 0.13 V                              ; 0.399 V                             ; 4.27e-10 s                 ; 1.5e-10 s                  ; Yes                       ; No                        ;
; DRAM_DQ[9]          ; 3.3-V LVTTL  ; 0 s                 ; 0 s                 ; 3.08 V                       ; 3.35e-07 V                   ; 3.14 V              ; -0.257 V            ; 0.13 V                               ; 0.399 V                              ; 4.27e-10 s                  ; 1.5e-10 s                   ; Yes                        ; No                         ; 3.08 V                      ; 3.35e-07 V                  ; 3.14 V             ; -0.257 V           ; 0.13 V                              ; 0.399 V                             ; 4.27e-10 s                 ; 1.5e-10 s                  ; Yes                       ; No                        ;
; DRAM_DQ[10]         ; 3.3-V LVTTL  ; 0 s                 ; 0 s                 ; 3.08 V                       ; 3.35e-07 V                   ; 3.14 V              ; -0.258 V            ; 0.13 V                               ; 0.399 V                              ; 4.27e-10 s                  ; 1.5e-10 s                   ; Yes                        ; No                         ; 3.08 V                      ; 3.35e-07 V                  ; 3.14 V             ; -0.258 V           ; 0.13 V                              ; 0.399 V                             ; 4.27e-10 s                 ; 1.5e-10 s                  ; Yes                       ; No                        ;
; DRAM_DQ[11]         ; 3.3-V LVTTL  ; 0 s                 ; 0 s                 ; 3.08 V                       ; 3.35e-07 V                   ; 3.14 V              ; -0.257 V            ; 0.13 V                               ; 0.399 V                              ; 4.27e-10 s                  ; 1.5e-10 s                   ; Yes                        ; No                         ; 3.08 V                      ; 3.35e-07 V                  ; 3.14 V             ; -0.257 V           ; 0.13 V                              ; 0.399 V                             ; 4.27e-10 s                 ; 1.5e-10 s                  ; Yes                       ; No                        ;
; DRAM_DQ[12]         ; 3.3-V LVTTL  ; 0 s                 ; 0 s                 ; 3.08 V                       ; 3.35e-07 V                   ; 3.14 V              ; -0.257 V            ; 0.13 V                               ; 0.399 V                              ; 4.27e-10 s                  ; 1.5e-10 s                   ; Yes                        ; No                         ; 3.08 V                      ; 3.35e-07 V                  ; 3.14 V             ; -0.257 V           ; 0.13 V                              ; 0.399 V                             ; 4.27e-10 s                 ; 1.5e-10 s                  ; Yes                       ; No                        ;
; DRAM_DQ[13]         ; 3.3-V LVTTL  ; 0 s                 ; 0 s                 ; 3.08 V                       ; 3.35e-07 V                   ; 3.14 V              ; -0.258 V            ; 0.13 V                               ; 0.399 V                              ; 4.27e-10 s                  ; 1.5e-10 s                   ; Yes                        ; No                         ; 3.08 V                      ; 3.35e-07 V                  ; 3.14 V             ; -0.258 V           ; 0.13 V                              ; 0.399 V                             ; 4.27e-10 s                 ; 1.5e-10 s                  ; Yes                       ; No                        ;
; DRAM_DQ[14]         ; 3.3-V LVTTL  ; 0 s                 ; 0 s                 ; 3.08 V                       ; 3.35e-07 V                   ; 3.14 V              ; -0.258 V            ; 0.13 V                               ; 0.399 V                              ; 4.27e-10 s                  ; 1.5e-10 s                   ; Yes                        ; No                         ; 3.08 V                      ; 3.35e-07 V                  ; 3.14 V             ; -0.258 V           ; 0.13 V                              ; 0.399 V                             ; 4.27e-10 s                 ; 1.5e-10 s                  ; Yes                       ; No                        ;
; DRAM_DQ[15]         ; 3.3-V LVTTL  ; 0 s                 ; 0 s                 ; 3.08 V                       ; 3.35e-07 V                   ; 3.14 V              ; -0.258 V            ; 0.13 V                               ; 0.399 V                              ; 4.27e-10 s                  ; 1.5e-10 s                   ; Yes                        ; No                         ; 3.08 V                      ; 3.35e-07 V                  ; 3.14 V             ; -0.258 V           ; 0.13 V                              ; 0.399 V                             ; 4.27e-10 s                 ; 1.5e-10 s                  ; Yes                       ; No                        ;
; altera_reserved_tdo ; 3.3-V LVTTL  ; 0 s                 ; 0 s                 ; 3.08 V                       ; 4.54e-07 V                   ; 3.11 V              ; -0.0675 V           ; 0.176 V                              ; 0.182 V                              ; 5.82e-10 s                  ; 2.68e-10 s                  ; Yes                        ; Yes                        ; 3.08 V                      ; 4.54e-07 V                  ; 3.11 V             ; -0.0675 V          ; 0.176 V                             ; 0.182 V                             ; 5.82e-10 s                 ; 2.68e-10 s                 ; Yes                       ; Yes                       ;
+---------------------+--------------+---------------------+---------------------+------------------------------+------------------------------+---------------------+---------------------+--------------------------------------+--------------------------------------+-----------------------------+-----------------------------+----------------------------+----------------------------+-----------------------------+-----------------------------+--------------------+--------------------+-------------------------------------+-------------------------------------+----------------------------+----------------------------+---------------------------+---------------------------+


+--------------------------------------------------------------------------------------------------------------------------------------------------------------------------------------------------------------------------------------------------------------------------------------------------------------------------------------------------------------------------------------------------------------------------------------------------------------------------------------------------------------------------------------------------------------------------------------------------------------------------------------------------------------------------------------------------+
; Signal Integrity Metrics (Slow 1100mv 85c Model)                                                                                                                                                                                                                                                                                                                                                                                                                                                                                                                                                                                                                                                 ;
+---------------------+--------------+---------------------+---------------------+------------------------------+------------------------------+---------------------+---------------------+--------------------------------------+--------------------------------------+-----------------------------+-----------------------------+----------------------------+----------------------------+-----------------------------+-----------------------------+--------------------+--------------------+-------------------------------------+-------------------------------------+----------------------------+----------------------------+---------------------------+---------------------------+
; Pin                 ; I/O Standard ; Board Delay on Rise ; Board Delay on Fall ; Steady State Voh at FPGA Pin ; Steady State Vol at FPGA Pin ; Voh Max at FPGA Pin ; Vol Min at FPGA Pin ; Ringback Voltage on Rise at FPGA Pin ; Ringback Voltage on Fall at FPGA Pin ; 10-90 Rise Time at FPGA Pin ; 90-10 Fall Time at FPGA Pin ; Monotonic Rise at FPGA Pin ; Monotonic Fall at FPGA Pin ; Steady State Voh at Far-end ; Steady State Vol at Far-end ; Voh Max at Far-end ; Vol Min at Far-end ; Ringback Voltage on Rise at Far-end ; Ringback Voltage on Fall at Far-end ; 10-90 Rise Time at Far-end ; 90-10 Fall Time at Far-end ; Monotonic Rise at Far-end ; Monotonic Fall at Far-end ;
+---------------------+--------------+---------------------+---------------------+------------------------------+------------------------------+---------------------+---------------------+--------------------------------------+--------------------------------------+-----------------------------+-----------------------------+----------------------------+----------------------------+-----------------------------+-----------------------------+--------------------+--------------------+-------------------------------------+-------------------------------------+----------------------------+----------------------------+---------------------------+---------------------------+
; LEDR[0]             ; 3.3-V LVTTL  ; 0 s                 ; 0 s                 ; 3.08 V                       ; 3.32e-05 V                   ; 3.09 V              ; -0.11 V             ; 0.031 V                              ; 0.155 V                              ; 5.43e-10 s                  ; 3.14e-10 s                  ; Yes                        ; Yes                        ; 3.08 V                      ; 3.32e-05 V                  ; 3.09 V             ; -0.11 V            ; 0.031 V                             ; 0.155 V                             ; 5.43e-10 s                 ; 3.14e-10 s                 ; Yes                       ; Yes                       ;
; LEDR[1]             ; 3.3-V LVTTL  ; 0 s                 ; 0 s                 ; 3.08 V                       ; 2.61e-05 V                   ; 3.09 V              ; -0.0638 V           ; 0.034 V                              ; 0.099 V                              ; 5.12e-10 s                  ; 2.97e-10 s                  ; Yes                        ; Yes                        ; 3.08 V                      ; 2.61e-05 V                  ; 3.09 V             ; -0.0638 V          ; 0.034 V                             ; 0.099 V                             ; 5.12e-10 s                 ; 2.97e-10 s                 ; Yes                       ; Yes                       ;
; LEDR[2]             ; 3.3-V LVTTL  ; 0 s                 ; 0 s                 ; 3.08 V                       ; 3.32e-05 V                   ; 3.09 V              ; -0.11 V             ; 0.031 V                              ; 0.155 V                              ; 5.43e-10 s                  ; 3.14e-10 s                  ; Yes                        ; Yes                        ; 3.08 V                      ; 3.32e-05 V                  ; 3.09 V             ; -0.11 V            ; 0.031 V                             ; 0.155 V                             ; 5.43e-10 s                 ; 3.14e-10 s                 ; Yes                       ; Yes                       ;
; LEDR[3]             ; 3.3-V LVTTL  ; 0 s                 ; 0 s                 ; 3.08 V                       ; 3.32e-05 V                   ; 3.09 V              ; -0.11 V             ; 0.031 V                              ; 0.155 V                              ; 5.43e-10 s                  ; 3.14e-10 s                  ; Yes                        ; Yes                        ; 3.08 V                      ; 3.32e-05 V                  ; 3.09 V             ; -0.11 V            ; 0.031 V                             ; 0.155 V                             ; 5.43e-10 s                 ; 3.14e-10 s                 ; Yes                       ; Yes                       ;
; LEDR[4]             ; 3.3-V LVTTL  ; 0 s                 ; 0 s                 ; 3.08 V                       ; 2.61e-05 V                   ; 3.09 V              ; -0.0638 V           ; 0.034 V                              ; 0.099 V                              ; 5.12e-10 s                  ; 2.97e-10 s                  ; Yes                        ; Yes                        ; 3.08 V                      ; 2.61e-05 V                  ; 3.09 V             ; -0.0638 V          ; 0.034 V                             ; 0.099 V                             ; 5.12e-10 s                 ; 2.97e-10 s                 ; Yes                       ; Yes                       ;
; LEDR[5]             ; 3.3-V LVTTL  ; 0 s                 ; 0 s                 ; 3.08 V                       ; 2.61e-05 V                   ; 3.09 V              ; -0.0638 V           ; 0.034 V                              ; 0.099 V                              ; 5.12e-10 s                  ; 2.97e-10 s                  ; Yes                        ; Yes                        ; 3.08 V                      ; 2.61e-05 V                  ; 3.09 V             ; -0.0638 V          ; 0.034 V                             ; 0.099 V                             ; 5.12e-10 s                 ; 2.97e-10 s                 ; Yes                       ; Yes                       ;
; LEDR[6]             ; 3.3-V LVTTL  ; 0 s                 ; 0 s                 ; 3.08 V                       ; 3.32e-05 V                   ; 3.09 V              ; -0.11 V             ; 0.031 V                              ; 0.155 V                              ; 5.43e-10 s                  ; 3.14e-10 s                  ; Yes                        ; Yes                        ; 3.08 V                      ; 3.32e-05 V                  ; 3.09 V             ; -0.11 V            ; 0.031 V                             ; 0.155 V                             ; 5.43e-10 s                 ; 3.14e-10 s                 ; Yes                       ; Yes                       ;
; LEDR[7]             ; 3.3-V LVTTL  ; 0 s                 ; 0 s                 ; 3.08 V                       ; 3.32e-05 V                   ; 3.09 V              ; -0.11 V             ; 0.031 V                              ; 0.155 V                              ; 5.43e-10 s                  ; 3.14e-10 s                  ; Yes                        ; Yes                        ; 3.08 V                      ; 3.32e-05 V                  ; 3.09 V             ; -0.11 V            ; 0.031 V                             ; 0.155 V                             ; 5.43e-10 s                 ; 3.14e-10 s                 ; Yes                       ; Yes                       ;
; LEDR[8]             ; 3.3-V LVTTL  ; 0 s                 ; 0 s                 ; 3.08 V                       ; 3.32e-05 V                   ; 3.09 V              ; -0.11 V             ; 0.031 V                              ; 0.155 V                              ; 5.43e-10 s                  ; 3.14e-10 s                  ; Yes                        ; Yes                        ; 3.08 V                      ; 3.32e-05 V                  ; 3.09 V             ; -0.11 V            ; 0.031 V                             ; 0.155 V                             ; 5.43e-10 s                 ; 3.14e-10 s                 ; Yes                       ; Yes                       ;
; LEDR[9]             ; 3.3-V LVTTL  ; 0 s                 ; 0 s                 ; 3.08 V                       ; 2.61e-05 V                   ; 3.09 V              ; -0.0638 V           ; 0.034 V                              ; 0.099 V                              ; 5.12e-10 s                  ; 2.97e-10 s                  ; Yes                        ; Yes                        ; 3.08 V                      ; 2.61e-05 V                  ; 3.09 V             ; -0.0638 V          ; 0.034 V                             ; 0.099 V                             ; 5.12e-10 s                 ; 2.97e-10 s                 ; Yes                       ; Yes                       ;
; DRAM_ADDR[0]        ; 3.3-V LVTTL  ; 0 s                 ; 0 s                 ; 3.08 V                       ; 3.19e-05 V                   ; 3.1 V               ; -0.136 V            ; 0.025 V                              ; 0.167 V                              ; 4.92e-10 s                  ; 3.12e-10 s                  ; Yes                        ; No                         ; 3.08 V                      ; 3.19e-05 V                  ; 3.1 V              ; -0.136 V           ; 0.025 V                             ; 0.167 V                             ; 4.92e-10 s                 ; 3.12e-10 s                 ; Yes                       ; No                        ;
; DRAM_ADDR[1]        ; 3.3-V LVTTL  ; 0 s                 ; 0 s                 ; 3.08 V                       ; 2.61e-05 V                   ; 3.09 V              ; -0.0638 V           ; 0.034 V                              ; 0.099 V                              ; 5.12e-10 s                  ; 2.97e-10 s                  ; Yes                        ; Yes                        ; 3.08 V                      ; 2.61e-05 V                  ; 3.09 V             ; -0.0638 V          ; 0.034 V                             ; 0.099 V                             ; 5.12e-10 s                 ; 2.97e-10 s                 ; Yes                       ; Yes                       ;
; DRAM_ADDR[2]        ; 3.3-V LVTTL  ; 0 s                 ; 0 s                 ; 3.08 V                       ; 3.32e-05 V                   ; 3.09 V              ; -0.11 V             ; 0.031 V                              ; 0.155 V                              ; 5.43e-10 s                  ; 3.14e-10 s                  ; Yes                        ; Yes                        ; 3.08 V                      ; 3.32e-05 V                  ; 3.09 V             ; -0.11 V            ; 0.031 V                             ; 0.155 V                             ; 5.43e-10 s                 ; 3.14e-10 s                 ; Yes                       ; Yes                       ;
; DRAM_ADDR[3]        ; 3.3-V LVTTL  ; 0 s                 ; 0 s                 ; 3.08 V                       ; 2.61e-05 V                   ; 3.09 V              ; -0.0638 V           ; 0.034 V                              ; 0.099 V                              ; 5.12e-10 s                  ; 2.97e-10 s                  ; Yes                        ; Yes                        ; 3.08 V                      ; 2.61e-05 V                  ; 3.09 V             ; -0.0638 V          ; 0.034 V                             ; 0.099 V                             ; 5.12e-10 s                 ; 2.97e-10 s                 ; Yes                       ; Yes                       ;
; DRAM_ADDR[4]        ; 3.3-V LVTTL  ; 0 s                 ; 0 s                 ; 3.08 V                       ; 3.32e-05 V                   ; 3.09 V              ; -0.11 V             ; 0.031 V                              ; 0.155 V                              ; 5.43e-10 s                  ; 3.14e-10 s                  ; Yes                        ; Yes                        ; 3.08 V                      ; 3.32e-05 V                  ; 3.09 V             ; -0.11 V            ; 0.031 V                             ; 0.155 V                             ; 5.43e-10 s                 ; 3.14e-10 s                 ; Yes                       ; Yes                       ;
; DRAM_ADDR[5]        ; 3.3-V LVTTL  ; 0 s                 ; 0 s                 ; 3.08 V                       ; 2.61e-05 V                   ; 3.09 V              ; -0.0638 V           ; 0.034 V                              ; 0.099 V                              ; 5.12e-10 s                  ; 2.97e-10 s                  ; Yes                        ; Yes                        ; 3.08 V                      ; 2.61e-05 V                  ; 3.09 V             ; -0.0638 V          ; 0.034 V                             ; 0.099 V                             ; 5.12e-10 s                 ; 2.97e-10 s                 ; Yes                       ; Yes                       ;
; DRAM_ADDR[6]        ; 3.3-V LVTTL  ; 0 s                 ; 0 s                 ; 3.08 V                       ; 3.32e-05 V                   ; 3.09 V              ; -0.11 V             ; 0.031 V                              ; 0.155 V                              ; 5.43e-10 s                  ; 3.14e-10 s                  ; Yes                        ; Yes                        ; 3.08 V                      ; 3.32e-05 V                  ; 3.09 V             ; -0.11 V            ; 0.031 V                             ; 0.155 V                             ; 5.43e-10 s                 ; 3.14e-10 s                 ; Yes                       ; Yes                       ;
; DRAM_ADDR[7]        ; 3.3-V LVTTL  ; 0 s                 ; 0 s                 ; 3.08 V                       ; 2.61e-05 V                   ; 3.09 V              ; -0.0638 V           ; 0.034 V                              ; 0.099 V                              ; 5.12e-10 s                  ; 2.97e-10 s                  ; Yes                        ; Yes                        ; 3.08 V                      ; 2.61e-05 V                  ; 3.09 V             ; -0.0638 V          ; 0.034 V                             ; 0.099 V                             ; 5.12e-10 s                 ; 2.97e-10 s                 ; Yes                       ; Yes                       ;
; DRAM_ADDR[8]        ; 3.3-V LVTTL  ; 0 s                 ; 0 s                 ; 3.08 V                       ; 2.61e-05 V                   ; 3.09 V              ; -0.0638 V           ; 0.034 V                              ; 0.099 V                              ; 5.12e-10 s                  ; 2.97e-10 s                  ; Yes                        ; Yes                        ; 3.08 V                      ; 2.61e-05 V                  ; 3.09 V             ; -0.0638 V          ; 0.034 V                             ; 0.099 V                             ; 5.12e-10 s                 ; 2.97e-10 s                 ; Yes                       ; Yes                       ;
; DRAM_ADDR[9]        ; 3.3-V LVTTL  ; 0 s                 ; 0 s                 ; 3.08 V                       ; 2.61e-05 V                   ; 3.09 V              ; -0.0638 V           ; 0.034 V                              ; 0.099 V                              ; 5.12e-10 s                  ; 2.97e-10 s                  ; Yes                        ; Yes                        ; 3.08 V                      ; 2.61e-05 V                  ; 3.09 V             ; -0.0638 V          ; 0.034 V                             ; 0.099 V                             ; 5.12e-10 s                 ; 2.97e-10 s                 ; Yes                       ; Yes                       ;
; DRAM_ADDR[10]       ; 3.3-V LVTTL  ; 0 s                 ; 0 s                 ; 3.08 V                       ; 3.32e-05 V                   ; 3.09 V              ; -0.11 V             ; 0.031 V                              ; 0.155 V                              ; 5.43e-10 s                  ; 3.14e-10 s                  ; Yes                        ; Yes                        ; 3.08 V                      ; 3.32e-05 V                  ; 3.09 V             ; -0.11 V            ; 0.031 V                             ; 0.155 V                             ; 5.43e-10 s                 ; 3.14e-10 s                 ; Yes                       ; Yes                       ;
; DRAM_ADDR[11]       ; 3.3-V LVTTL  ; 0 s                 ; 0 s                 ; 3.08 V                       ; 3.32e-05 V                   ; 3.09 V              ; -0.11 V             ; 0.031 V                              ; 0.155 V                              ; 5.43e-10 s                  ; 3.14e-10 s                  ; Yes                        ; Yes                        ; 3.08 V                      ; 3.32e-05 V                  ; 3.09 V             ; -0.11 V            ; 0.031 V                             ; 0.155 V                             ; 5.43e-10 s                 ; 3.14e-10 s                 ; Yes                       ; Yes                       ;
; DRAM_ADDR[12]       ; 3.3-V LVTTL  ; 0 s                 ; 0 s                 ; 3.08 V                       ; 3.19e-05 V                   ; 3.1 V               ; -0.133 V            ; 0.025 V                              ; 0.169 V                              ; 4.92e-10 s                  ; 3.13e-10 s                  ; Yes                        ; No                         ; 3.08 V                      ; 3.19e-05 V                  ; 3.1 V              ; -0.133 V           ; 0.025 V                             ; 0.169 V                             ; 4.92e-10 s                 ; 3.13e-10 s                 ; Yes                       ; No                        ;
; DRAM_BA[0]          ; 3.3-V LVTTL  ; 0 s                 ; 0 s                 ; 3.08 V                       ; 2.61e-05 V                   ; 3.09 V              ; -0.0638 V           ; 0.034 V                              ; 0.099 V                              ; 5.12e-10 s                  ; 2.97e-10 s                  ; Yes                        ; Yes                        ; 3.08 V                      ; 2.61e-05 V                  ; 3.09 V             ; -0.0638 V          ; 0.034 V                             ; 0.099 V                             ; 5.12e-10 s                 ; 2.97e-10 s                 ; Yes                       ; Yes                       ;
; DRAM_BA[1]          ; 3.3-V LVTTL  ; 0 s                 ; 0 s                 ; 3.08 V                       ; 3.19e-05 V                   ; 3.1 V               ; -0.136 V            ; 0.025 V                              ; 0.167 V                              ; 4.92e-10 s                  ; 3.12e-10 s                  ; Yes                        ; No                         ; 3.08 V                      ; 3.19e-05 V                  ; 3.1 V              ; -0.136 V           ; 0.025 V                             ; 0.167 V                             ; 4.92e-10 s                 ; 3.12e-10 s                 ; Yes                       ; No                        ;
; DRAM_CAS_N          ; 3.3-V LVTTL  ; 0 s                 ; 0 s                 ; 3.08 V                       ; 3.32e-05 V                   ; 3.09 V              ; -0.11 V             ; 0.031 V                              ; 0.155 V                              ; 5.43e-10 s                  ; 3.14e-10 s                  ; Yes                        ; Yes                        ; 3.08 V                      ; 3.32e-05 V                  ; 3.09 V             ; -0.11 V            ; 0.031 V                             ; 0.155 V                             ; 5.43e-10 s                 ; 3.14e-10 s                 ; Yes                       ; Yes                       ;
; DRAM_CKE            ; 3.3-V LVTTL  ; 0 s                 ; 0 s                 ; 3.08 V                       ; 3.19e-05 V                   ; 3.1 V               ; -0.136 V            ; 0.025 V                              ; 0.167 V                              ; 4.92e-10 s                  ; 3.12e-10 s                  ; Yes                        ; No                         ; 3.08 V                      ; 3.19e-05 V                  ; 3.1 V              ; -0.136 V           ; 0.025 V                             ; 0.167 V                             ; 4.92e-10 s                 ; 3.12e-10 s                 ; Yes                       ; No                        ;
; DRAM_CLK            ; 3.3-V LVTTL  ; 0 s                 ; 0 s                 ; 3.08 V                       ; 3.19e-05 V                   ; 3.1 V               ; -0.133 V            ; 0.025 V                              ; 0.169 V                              ; 4.92e-10 s                  ; 3.13e-10 s                  ; Yes                        ; No                         ; 3.08 V                      ; 3.19e-05 V                  ; 3.1 V              ; -0.133 V           ; 0.025 V                             ; 0.169 V                             ; 4.92e-10 s                 ; 3.13e-10 s                 ; Yes                       ; No                        ;
; DRAM_CS_N           ; 3.3-V LVTTL  ; 0 s                 ; 0 s                 ; 3.08 V                       ; 2.61e-05 V                   ; 3.09 V              ; -0.0638 V           ; 0.034 V                              ; 0.099 V                              ; 5.12e-10 s                  ; 2.97e-10 s                  ; Yes                        ; Yes                        ; 3.08 V                      ; 2.61e-05 V                  ; 3.09 V             ; -0.0638 V          ; 0.034 V                             ; 0.099 V                             ; 5.12e-10 s                 ; 2.97e-10 s                 ; Yes                       ; Yes                       ;
; DRAM_LDQM           ; 3.3-V LVTTL  ; 0 s                 ; 0 s                 ; 3.08 V                       ; 2.61e-05 V                   ; 3.09 V              ; -0.0638 V           ; 0.034 V                              ; 0.099 V                              ; 5.12e-10 s                  ; 2.97e-10 s                  ; Yes                        ; Yes                        ; 3.08 V                      ; 2.61e-05 V                  ; 3.09 V             ; -0.0638 V          ; 0.034 V                             ; 0.099 V                             ; 5.12e-10 s                 ; 2.97e-10 s                 ; Yes                       ; Yes                       ;
; DRAM_RAS_N          ; 3.3-V LVTTL  ; 0 s                 ; 0 s                 ; 3.08 V                       ; 3.32e-05 V                   ; 3.09 V              ; -0.11 V             ; 0.031 V                              ; 0.155 V                              ; 5.43e-10 s                  ; 3.14e-10 s                  ; Yes                        ; Yes                        ; 3.08 V                      ; 3.32e-05 V                  ; 3.09 V             ; -0.11 V            ; 0.031 V                             ; 0.155 V                             ; 5.43e-10 s                 ; 3.14e-10 s                 ; Yes                       ; Yes                       ;
; DRAM_UDQM           ; 3.3-V LVTTL  ; 0 s                 ; 0 s                 ; 3.08 V                       ; 3.19e-05 V                   ; 3.1 V               ; -0.133 V            ; 0.025 V                              ; 0.169 V                              ; 4.92e-10 s                  ; 3.13e-10 s                  ; Yes                        ; No                         ; 3.08 V                      ; 3.19e-05 V                  ; 3.1 V              ; -0.133 V           ; 0.025 V                             ; 0.169 V                             ; 4.92e-10 s                 ; 3.13e-10 s                 ; Yes                       ; No                        ;
; DRAM_WE_N           ; 3.3-V LVTTL  ; 0 s                 ; 0 s                 ; 3.08 V                       ; 3.32e-05 V                   ; 3.09 V              ; -0.11 V             ; 0.031 V                              ; 0.155 V                              ; 5.43e-10 s                  ; 3.14e-10 s                  ; Yes                        ; Yes                        ; 3.08 V                      ; 3.32e-05 V                  ; 3.09 V             ; -0.11 V            ; 0.031 V                             ; 0.155 V                             ; 5.43e-10 s                 ; 3.14e-10 s                 ; Yes                       ; Yes                       ;
; DRAM_DQ[0]          ; 3.3-V LVTTL  ; 0 s                 ; 0 s                 ; 3.08 V                       ; 3.19e-05 V                   ; 3.1 V               ; -0.136 V            ; 0.025 V                              ; 0.167 V                              ; 4.92e-10 s                  ; 3.12e-10 s                  ; Yes                        ; No                         ; 3.08 V                      ; 3.19e-05 V                  ; 3.1 V              ; -0.136 V           ; 0.025 V                             ; 0.167 V                             ; 4.92e-10 s                 ; 3.12e-10 s                 ; Yes                       ; No                        ;
; DRAM_DQ[1]          ; 3.3-V LVTTL  ; 0 s                 ; 0 s                 ; 3.08 V                       ; 3.19e-05 V                   ; 3.1 V               ; -0.136 V            ; 0.025 V                              ; 0.167 V                              ; 4.92e-10 s                  ; 3.12e-10 s                  ; Yes                        ; No                         ; 3.08 V                      ; 3.19e-05 V                  ; 3.1 V              ; -0.136 V           ; 0.025 V                             ; 0.167 V                             ; 4.92e-10 s                 ; 3.12e-10 s                 ; Yes                       ; No                        ;
; DRAM_DQ[2]          ; 3.3-V LVTTL  ; 0 s                 ; 0 s                 ; 3.08 V                       ; 3.19e-05 V                   ; 3.1 V               ; -0.133 V            ; 0.025 V                              ; 0.169 V                              ; 4.92e-10 s                  ; 3.13e-10 s                  ; Yes                        ; No                         ; 3.08 V                      ; 3.19e-05 V                  ; 3.1 V              ; -0.133 V           ; 0.025 V                             ; 0.169 V                             ; 4.92e-10 s                 ; 3.13e-10 s                 ; Yes                       ; No                        ;
; DRAM_DQ[3]          ; 3.3-V LVTTL  ; 0 s                 ; 0 s                 ; 3.08 V                       ; 3.19e-05 V                   ; 3.1 V               ; -0.136 V            ; 0.025 V                              ; 0.167 V                              ; 4.92e-10 s                  ; 3.12e-10 s                  ; Yes                        ; No                         ; 3.08 V                      ; 3.19e-05 V                  ; 3.1 V              ; -0.136 V           ; 0.025 V                             ; 0.167 V                             ; 4.92e-10 s                 ; 3.12e-10 s                 ; Yes                       ; No                        ;
; DRAM_DQ[4]          ; 3.3-V LVTTL  ; 0 s                 ; 0 s                 ; 3.08 V                       ; 3.19e-05 V                   ; 3.1 V               ; -0.136 V            ; 0.025 V                              ; 0.167 V                              ; 4.92e-10 s                  ; 3.12e-10 s                  ; Yes                        ; No                         ; 3.08 V                      ; 3.19e-05 V                  ; 3.1 V              ; -0.136 V           ; 0.025 V                             ; 0.167 V                             ; 4.92e-10 s                 ; 3.12e-10 s                 ; Yes                       ; No                        ;
; DRAM_DQ[5]          ; 3.3-V LVTTL  ; 0 s                 ; 0 s                 ; 3.08 V                       ; 3.19e-05 V                   ; 3.1 V               ; -0.133 V            ; 0.025 V                              ; 0.169 V                              ; 4.92e-10 s                  ; 3.13e-10 s                  ; Yes                        ; No                         ; 3.08 V                      ; 3.19e-05 V                  ; 3.1 V              ; -0.133 V           ; 0.025 V                             ; 0.169 V                             ; 4.92e-10 s                 ; 3.13e-10 s                 ; Yes                       ; No                        ;
; DRAM_DQ[6]          ; 3.3-V LVTTL  ; 0 s                 ; 0 s                 ; 3.08 V                       ; 2.61e-05 V                   ; 3.09 V              ; -0.0638 V           ; 0.034 V                              ; 0.099 V                              ; 5.12e-10 s                  ; 2.97e-10 s                  ; Yes                        ; Yes                        ; 3.08 V                      ; 2.61e-05 V                  ; 3.09 V             ; -0.0638 V          ; 0.034 V                             ; 0.099 V                             ; 5.12e-10 s                 ; 2.97e-10 s                 ; Yes                       ; Yes                       ;
; DRAM_DQ[7]          ; 3.3-V LVTTL  ; 0 s                 ; 0 s                 ; 3.08 V                       ; 3.32e-05 V                   ; 3.09 V              ; -0.11 V             ; 0.031 V                              ; 0.155 V                              ; 5.43e-10 s                  ; 3.14e-10 s                  ; Yes                        ; Yes                        ; 3.08 V                      ; 3.32e-05 V                  ; 3.09 V             ; -0.11 V            ; 0.031 V                             ; 0.155 V                             ; 5.43e-10 s                 ; 3.14e-10 s                 ; Yes                       ; Yes                       ;
; DRAM_DQ[8]          ; 3.3-V LVTTL  ; 0 s                 ; 0 s                 ; 3.08 V                       ; 3.19e-05 V                   ; 3.1 V               ; -0.133 V            ; 0.025 V                              ; 0.169 V                              ; 4.92e-10 s                  ; 3.13e-10 s                  ; Yes                        ; No                         ; 3.08 V                      ; 3.19e-05 V                  ; 3.1 V              ; -0.133 V           ; 0.025 V                             ; 0.169 V                             ; 4.92e-10 s                 ; 3.13e-10 s                 ; Yes                       ; No                        ;
; DRAM_DQ[9]          ; 3.3-V LVTTL  ; 0 s                 ; 0 s                 ; 3.08 V                       ; 3.19e-05 V                   ; 3.1 V               ; -0.136 V            ; 0.025 V                              ; 0.167 V                              ; 4.92e-10 s                  ; 3.12e-10 s                  ; Yes                        ; No                         ; 3.08 V                      ; 3.19e-05 V                  ; 3.1 V              ; -0.136 V           ; 0.025 V                             ; 0.167 V                             ; 4.92e-10 s                 ; 3.12e-10 s                 ; Yes                       ; No                        ;
; DRAM_DQ[10]         ; 3.3-V LVTTL  ; 0 s                 ; 0 s                 ; 3.08 V                       ; 3.19e-05 V                   ; 3.1 V               ; -0.133 V            ; 0.025 V                              ; 0.169 V                              ; 4.92e-10 s                  ; 3.13e-10 s                  ; Yes                        ; No                         ; 3.08 V                      ; 3.19e-05 V                  ; 3.1 V              ; -0.133 V           ; 0.025 V                             ; 0.169 V                             ; 4.92e-10 s                 ; 3.13e-10 s                 ; Yes                       ; No                        ;
; DRAM_DQ[11]         ; 3.3-V LVTTL  ; 0 s                 ; 0 s                 ; 3.08 V                       ; 3.19e-05 V                   ; 3.1 V               ; -0.136 V            ; 0.025 V                              ; 0.167 V                              ; 4.92e-10 s                  ; 3.12e-10 s                  ; Yes                        ; No                         ; 3.08 V                      ; 3.19e-05 V                  ; 3.1 V              ; -0.136 V           ; 0.025 V                             ; 0.167 V                             ; 4.92e-10 s                 ; 3.12e-10 s                 ; Yes                       ; No                        ;
; DRAM_DQ[12]         ; 3.3-V LVTTL  ; 0 s                 ; 0 s                 ; 3.08 V                       ; 3.19e-05 V                   ; 3.1 V               ; -0.136 V            ; 0.025 V                              ; 0.167 V                              ; 4.92e-10 s                  ; 3.12e-10 s                  ; Yes                        ; No                         ; 3.08 V                      ; 3.19e-05 V                  ; 3.1 V              ; -0.136 V           ; 0.025 V                             ; 0.167 V                             ; 4.92e-10 s                 ; 3.12e-10 s                 ; Yes                       ; No                        ;
; DRAM_DQ[13]         ; 3.3-V LVTTL  ; 0 s                 ; 0 s                 ; 3.08 V                       ; 3.19e-05 V                   ; 3.1 V               ; -0.133 V            ; 0.025 V                              ; 0.169 V                              ; 4.92e-10 s                  ; 3.13e-10 s                  ; Yes                        ; No                         ; 3.08 V                      ; 3.19e-05 V                  ; 3.1 V              ; -0.133 V           ; 0.025 V                             ; 0.169 V                             ; 4.92e-10 s                 ; 3.13e-10 s                 ; Yes                       ; No                        ;
; DRAM_DQ[14]         ; 3.3-V LVTTL  ; 0 s                 ; 0 s                 ; 3.08 V                       ; 3.19e-05 V                   ; 3.1 V               ; -0.133 V            ; 0.025 V                              ; 0.169 V                              ; 4.92e-10 s                  ; 3.13e-10 s                  ; Yes                        ; No                         ; 3.08 V                      ; 3.19e-05 V                  ; 3.1 V              ; -0.133 V           ; 0.025 V                             ; 0.169 V                             ; 4.92e-10 s                 ; 3.13e-10 s                 ; Yes                       ; No                        ;
; DRAM_DQ[15]         ; 3.3-V LVTTL  ; 0 s                 ; 0 s                 ; 3.08 V                       ; 3.19e-05 V                   ; 3.1 V               ; -0.133 V            ; 0.025 V                              ; 0.169 V                              ; 4.92e-10 s                  ; 3.13e-10 s                  ; Yes                        ; No                         ; 3.08 V                      ; 3.19e-05 V                  ; 3.1 V              ; -0.133 V           ; 0.025 V                             ; 0.169 V                             ; 4.92e-10 s                 ; 3.13e-10 s                 ; Yes                       ; No                        ;
; altera_reserved_tdo ; 3.3-V LVTTL  ; 0 s                 ; 0 s                 ; 3.08 V                       ; 4.39e-05 V                   ; 3.12 V              ; -0.0432 V           ; 0.292 V                              ; 0.097 V                              ; 6.42e-10 s                  ; 3.87e-10 s                  ; Yes                        ; Yes                        ; 3.08 V                      ; 4.39e-05 V                  ; 3.12 V             ; -0.0432 V          ; 0.292 V                             ; 0.097 V                             ; 6.42e-10 s                 ; 3.87e-10 s                 ; Yes                       ; Yes                       ;
+---------------------+--------------+---------------------+---------------------+------------------------------+------------------------------+---------------------+---------------------+--------------------------------------+--------------------------------------+-----------------------------+-----------------------------+----------------------------+----------------------------+-----------------------------+-----------------------------+--------------------+--------------------+-------------------------------------+-------------------------------------+----------------------------+----------------------------+---------------------------+---------------------------+


+--------------------------------------------------------------------------------------------------------------------------------------------------------------------------------------------------------------------------------------------------------------------------------------------------------------------------------------------------------------------------------------------------------------------------------------------------------------------------------------------------------------------------------------------------------------------------------------------------------------------------------------------------------------------------------------------------+
; Signal Integrity Metrics (Fast 1100mv 0c Model)                                                                                                                                                                                                                                                                                                                                                                                                                                                                                                                                                                                                                                                  ;
+---------------------+--------------+---------------------+---------------------+------------------------------+------------------------------+---------------------+---------------------+--------------------------------------+--------------------------------------+-----------------------------+-----------------------------+----------------------------+----------------------------+-----------------------------+-----------------------------+--------------------+--------------------+-------------------------------------+-------------------------------------+----------------------------+----------------------------+---------------------------+---------------------------+
; Pin                 ; I/O Standard ; Board Delay on Rise ; Board Delay on Fall ; Steady State Voh at FPGA Pin ; Steady State Vol at FPGA Pin ; Voh Max at FPGA Pin ; Vol Min at FPGA Pin ; Ringback Voltage on Rise at FPGA Pin ; Ringback Voltage on Fall at FPGA Pin ; 10-90 Rise Time at FPGA Pin ; 90-10 Fall Time at FPGA Pin ; Monotonic Rise at FPGA Pin ; Monotonic Fall at FPGA Pin ; Steady State Voh at Far-end ; Steady State Vol at Far-end ; Voh Max at Far-end ; Vol Min at Far-end ; Ringback Voltage on Rise at Far-end ; Ringback Voltage on Fall at Far-end ; 10-90 Rise Time at Far-end ; 90-10 Fall Time at Far-end ; Monotonic Rise at Far-end ; Monotonic Fall at Far-end ;
+---------------------+--------------+---------------------+---------------------+------------------------------+------------------------------+---------------------+---------------------+--------------------------------------+--------------------------------------+-----------------------------+-----------------------------+----------------------------+----------------------------+-----------------------------+-----------------------------+--------------------+--------------------+-------------------------------------+-------------------------------------+----------------------------+----------------------------+---------------------------+---------------------------+
; LEDR[0]             ; 3.3-V LVTTL  ; 0 s                 ; 0 s                 ; 3.63 V                       ; 4.94e-06 V                   ; 3.69 V              ; -0.414 V            ; 0.134 V                              ; 0.585 V                              ; 4.19e-10 s                  ; 1.53e-10 s                  ; Yes                        ; No                         ; 3.63 V                      ; 4.94e-06 V                  ; 3.69 V             ; -0.414 V           ; 0.134 V                             ; 0.585 V                             ; 4.19e-10 s                 ; 1.53e-10 s                 ; Yes                       ; No                        ;
; LEDR[1]             ; 3.3-V LVTTL  ; 0 s                 ; 0 s                 ; 3.63 V                       ; 3.63e-06 V                   ; 3.64 V              ; -0.326 V            ; 0.091 V                              ; 0.479 V                              ; 3.83e-10 s                  ; 1.5e-10 s                   ; Yes                        ; No                         ; 3.63 V                      ; 3.63e-06 V                  ; 3.64 V             ; -0.326 V           ; 0.091 V                             ; 0.479 V                             ; 3.83e-10 s                 ; 1.5e-10 s                  ; Yes                       ; No                        ;
; LEDR[2]             ; 3.3-V LVTTL  ; 0 s                 ; 0 s                 ; 3.63 V                       ; 4.94e-06 V                   ; 3.69 V              ; -0.414 V            ; 0.134 V                              ; 0.585 V                              ; 4.19e-10 s                  ; 1.53e-10 s                  ; Yes                        ; No                         ; 3.63 V                      ; 4.94e-06 V                  ; 3.69 V             ; -0.414 V           ; 0.134 V                             ; 0.585 V                             ; 4.19e-10 s                 ; 1.53e-10 s                 ; Yes                       ; No                        ;
; LEDR[3]             ; 3.3-V LVTTL  ; 0 s                 ; 0 s                 ; 3.63 V                       ; 4.94e-06 V                   ; 3.69 V              ; -0.414 V            ; 0.134 V                              ; 0.585 V                              ; 4.19e-10 s                  ; 1.53e-10 s                  ; Yes                        ; No                         ; 3.63 V                      ; 4.94e-06 V                  ; 3.69 V             ; -0.414 V           ; 0.134 V                             ; 0.585 V                             ; 4.19e-10 s                 ; 1.53e-10 s                 ; Yes                       ; No                        ;
; LEDR[4]             ; 3.3-V LVTTL  ; 0 s                 ; 0 s                 ; 3.63 V                       ; 3.63e-06 V                   ; 3.64 V              ; -0.326 V            ; 0.091 V                              ; 0.479 V                              ; 3.83e-10 s                  ; 1.5e-10 s                   ; Yes                        ; No                         ; 3.63 V                      ; 3.63e-06 V                  ; 3.64 V             ; -0.326 V           ; 0.091 V                             ; 0.479 V                             ; 3.83e-10 s                 ; 1.5e-10 s                  ; Yes                       ; No                        ;
; LEDR[5]             ; 3.3-V LVTTL  ; 0 s                 ; 0 s                 ; 3.63 V                       ; 3.63e-06 V                   ; 3.64 V              ; -0.326 V            ; 0.091 V                              ; 0.479 V                              ; 3.83e-10 s                  ; 1.5e-10 s                   ; Yes                        ; No                         ; 3.63 V                      ; 3.63e-06 V                  ; 3.64 V             ; -0.326 V           ; 0.091 V                             ; 0.479 V                             ; 3.83e-10 s                 ; 1.5e-10 s                  ; Yes                       ; No                        ;
; LEDR[6]             ; 3.3-V LVTTL  ; 0 s                 ; 0 s                 ; 3.63 V                       ; 4.94e-06 V                   ; 3.69 V              ; -0.414 V            ; 0.134 V                              ; 0.585 V                              ; 4.19e-10 s                  ; 1.53e-10 s                  ; Yes                        ; No                         ; 3.63 V                      ; 4.94e-06 V                  ; 3.69 V             ; -0.414 V           ; 0.134 V                             ; 0.585 V                             ; 4.19e-10 s                 ; 1.53e-10 s                 ; Yes                       ; No                        ;
; LEDR[7]             ; 3.3-V LVTTL  ; 0 s                 ; 0 s                 ; 3.63 V                       ; 4.94e-06 V                   ; 3.69 V              ; -0.414 V            ; 0.134 V                              ; 0.585 V                              ; 4.19e-10 s                  ; 1.53e-10 s                  ; Yes                        ; No                         ; 3.63 V                      ; 4.94e-06 V                  ; 3.69 V             ; -0.414 V           ; 0.134 V                             ; 0.585 V                             ; 4.19e-10 s                 ; 1.53e-10 s                 ; Yes                       ; No                        ;
; LEDR[8]             ; 3.3-V LVTTL  ; 0 s                 ; 0 s                 ; 3.63 V                       ; 4.94e-06 V                   ; 3.69 V              ; -0.414 V            ; 0.134 V                              ; 0.585 V                              ; 4.19e-10 s                  ; 1.53e-10 s                  ; Yes                        ; No                         ; 3.63 V                      ; 4.94e-06 V                  ; 3.69 V             ; -0.414 V           ; 0.134 V                             ; 0.585 V                             ; 4.19e-10 s                 ; 1.53e-10 s                 ; Yes                       ; No                        ;
; LEDR[9]             ; 3.3-V LVTTL  ; 0 s                 ; 0 s                 ; 3.63 V                       ; 3.63e-06 V                   ; 3.64 V              ; -0.326 V            ; 0.091 V                              ; 0.479 V                              ; 3.83e-10 s                  ; 1.5e-10 s                   ; Yes                        ; No                         ; 3.63 V                      ; 3.63e-06 V                  ; 3.64 V             ; -0.326 V           ; 0.091 V                             ; 0.479 V                             ; 3.83e-10 s                 ; 1.5e-10 s                  ; Yes                       ; No                        ;
; DRAM_ADDR[0]        ; 3.3-V LVTTL  ; 0 s                 ; 0 s                 ; 3.63 V                       ; 4.72e-06 V                   ; 3.7 V               ; -0.49 V             ; 0.117 V                              ; 0.621 V                              ; 3.84e-10 s                  ; 1.48e-10 s                  ; Yes                        ; No                         ; 3.63 V                      ; 4.72e-06 V                  ; 3.7 V              ; -0.49 V            ; 0.117 V                             ; 0.621 V                             ; 3.84e-10 s                 ; 1.48e-10 s                 ; Yes                       ; No                        ;
; DRAM_ADDR[1]        ; 3.3-V LVTTL  ; 0 s                 ; 0 s                 ; 3.63 V                       ; 3.63e-06 V                   ; 3.64 V              ; -0.326 V            ; 0.091 V                              ; 0.479 V                              ; 3.83e-10 s                  ; 1.5e-10 s                   ; Yes                        ; No                         ; 3.63 V                      ; 3.63e-06 V                  ; 3.64 V             ; -0.326 V           ; 0.091 V                             ; 0.479 V                             ; 3.83e-10 s                 ; 1.5e-10 s                  ; Yes                       ; No                        ;
; DRAM_ADDR[2]        ; 3.3-V LVTTL  ; 0 s                 ; 0 s                 ; 3.63 V                       ; 4.94e-06 V                   ; 3.69 V              ; -0.414 V            ; 0.134 V                              ; 0.585 V                              ; 4.19e-10 s                  ; 1.53e-10 s                  ; Yes                        ; No                         ; 3.63 V                      ; 4.94e-06 V                  ; 3.69 V             ; -0.414 V           ; 0.134 V                             ; 0.585 V                             ; 4.19e-10 s                 ; 1.53e-10 s                 ; Yes                       ; No                        ;
; DRAM_ADDR[3]        ; 3.3-V LVTTL  ; 0 s                 ; 0 s                 ; 3.63 V                       ; 3.63e-06 V                   ; 3.64 V              ; -0.326 V            ; 0.091 V                              ; 0.479 V                              ; 3.83e-10 s                  ; 1.5e-10 s                   ; Yes                        ; No                         ; 3.63 V                      ; 3.63e-06 V                  ; 3.64 V             ; -0.326 V           ; 0.091 V                             ; 0.479 V                             ; 3.83e-10 s                 ; 1.5e-10 s                  ; Yes                       ; No                        ;
; DRAM_ADDR[4]        ; 3.3-V LVTTL  ; 0 s                 ; 0 s                 ; 3.63 V                       ; 4.94e-06 V                   ; 3.69 V              ; -0.414 V            ; 0.134 V                              ; 0.585 V                              ; 4.19e-10 s                  ; 1.53e-10 s                  ; Yes                        ; No                         ; 3.63 V                      ; 4.94e-06 V                  ; 3.69 V             ; -0.414 V           ; 0.134 V                             ; 0.585 V                             ; 4.19e-10 s                 ; 1.53e-10 s                 ; Yes                       ; No                        ;
; DRAM_ADDR[5]        ; 3.3-V LVTTL  ; 0 s                 ; 0 s                 ; 3.63 V                       ; 3.63e-06 V                   ; 3.64 V              ; -0.326 V            ; 0.091 V                              ; 0.479 V                              ; 3.83e-10 s                  ; 1.5e-10 s                   ; Yes                        ; No                         ; 3.63 V                      ; 3.63e-06 V                  ; 3.64 V             ; -0.326 V           ; 0.091 V                             ; 0.479 V                             ; 3.83e-10 s                 ; 1.5e-10 s                  ; Yes                       ; No                        ;
; DRAM_ADDR[6]        ; 3.3-V LVTTL  ; 0 s                 ; 0 s                 ; 3.63 V                       ; 4.94e-06 V                   ; 3.69 V              ; -0.414 V            ; 0.134 V                              ; 0.585 V                              ; 4.19e-10 s                  ; 1.53e-10 s                  ; Yes                        ; No                         ; 3.63 V                      ; 4.94e-06 V                  ; 3.69 V             ; -0.414 V           ; 0.134 V                             ; 0.585 V                             ; 4.19e-10 s                 ; 1.53e-10 s                 ; Yes                       ; No                        ;
; DRAM_ADDR[7]        ; 3.3-V LVTTL  ; 0 s                 ; 0 s                 ; 3.63 V                       ; 3.63e-06 V                   ; 3.64 V              ; -0.326 V            ; 0.091 V                              ; 0.479 V                              ; 3.83e-10 s                  ; 1.5e-10 s                   ; Yes                        ; No                         ; 3.63 V                      ; 3.63e-06 V                  ; 3.64 V             ; -0.326 V           ; 0.091 V                             ; 0.479 V                             ; 3.83e-10 s                 ; 1.5e-10 s                  ; Yes                       ; No                        ;
; DRAM_ADDR[8]        ; 3.3-V LVTTL  ; 0 s                 ; 0 s                 ; 3.63 V                       ; 3.63e-06 V                   ; 3.64 V              ; -0.326 V            ; 0.091 V                              ; 0.479 V                              ; 3.83e-10 s                  ; 1.5e-10 s                   ; Yes                        ; No                         ; 3.63 V                      ; 3.63e-06 V                  ; 3.64 V             ; -0.326 V           ; 0.091 V                             ; 0.479 V                             ; 3.83e-10 s                 ; 1.5e-10 s                  ; Yes                       ; No                        ;
; DRAM_ADDR[9]        ; 3.3-V LVTTL  ; 0 s                 ; 0 s                 ; 3.63 V                       ; 3.63e-06 V                   ; 3.64 V              ; -0.326 V            ; 0.091 V                              ; 0.479 V                              ; 3.83e-10 s                  ; 1.5e-10 s                   ; Yes                        ; No                         ; 3.63 V                      ; 3.63e-06 V                  ; 3.64 V             ; -0.326 V           ; 0.091 V                             ; 0.479 V                             ; 3.83e-10 s                 ; 1.5e-10 s                  ; Yes                       ; No                        ;
; DRAM_ADDR[10]       ; 3.3-V LVTTL  ; 0 s                 ; 0 s                 ; 3.63 V                       ; 4.94e-06 V                   ; 3.69 V              ; -0.414 V            ; 0.134 V                              ; 0.585 V                              ; 4.19e-10 s                  ; 1.53e-10 s                  ; Yes                        ; No                         ; 3.63 V                      ; 4.94e-06 V                  ; 3.69 V             ; -0.414 V           ; 0.134 V                             ; 0.585 V                             ; 4.19e-10 s                 ; 1.53e-10 s                 ; Yes                       ; No                        ;
; DRAM_ADDR[11]       ; 3.3-V LVTTL  ; 0 s                 ; 0 s                 ; 3.63 V                       ; 4.94e-06 V                   ; 3.69 V              ; -0.414 V            ; 0.134 V                              ; 0.585 V                              ; 4.19e-10 s                  ; 1.53e-10 s                  ; Yes                        ; No                         ; 3.63 V                      ; 4.94e-06 V                  ; 3.69 V             ; -0.414 V           ; 0.134 V                             ; 0.585 V                             ; 4.19e-10 s                 ; 1.53e-10 s                 ; Yes                       ; No                        ;
; DRAM_ADDR[12]       ; 3.3-V LVTTL  ; 0 s                 ; 0 s                 ; 3.63 V                       ; 4.72e-06 V                   ; 3.7 V               ; -0.49 V             ; 0.117 V                              ; 0.622 V                              ; 3.84e-10 s                  ; 1.48e-10 s                  ; Yes                        ; No                         ; 3.63 V                      ; 4.72e-06 V                  ; 3.7 V              ; -0.49 V            ; 0.117 V                             ; 0.622 V                             ; 3.84e-10 s                 ; 1.48e-10 s                 ; Yes                       ; No                        ;
; DRAM_BA[0]          ; 3.3-V LVTTL  ; 0 s                 ; 0 s                 ; 3.63 V                       ; 3.63e-06 V                   ; 3.64 V              ; -0.326 V            ; 0.091 V                              ; 0.479 V                              ; 3.83e-10 s                  ; 1.5e-10 s                   ; Yes                        ; No                         ; 3.63 V                      ; 3.63e-06 V                  ; 3.64 V             ; -0.326 V           ; 0.091 V                             ; 0.479 V                             ; 3.83e-10 s                 ; 1.5e-10 s                  ; Yes                       ; No                        ;
; DRAM_BA[1]          ; 3.3-V LVTTL  ; 0 s                 ; 0 s                 ; 3.63 V                       ; 4.72e-06 V                   ; 3.7 V               ; -0.49 V             ; 0.117 V                              ; 0.621 V                              ; 3.84e-10 s                  ; 1.48e-10 s                  ; Yes                        ; No                         ; 3.63 V                      ; 4.72e-06 V                  ; 3.7 V              ; -0.49 V            ; 0.117 V                             ; 0.621 V                             ; 3.84e-10 s                 ; 1.48e-10 s                 ; Yes                       ; No                        ;
; DRAM_CAS_N          ; 3.3-V LVTTL  ; 0 s                 ; 0 s                 ; 3.63 V                       ; 4.94e-06 V                   ; 3.69 V              ; -0.414 V            ; 0.134 V                              ; 0.585 V                              ; 4.19e-10 s                  ; 1.53e-10 s                  ; Yes                        ; No                         ; 3.63 V                      ; 4.94e-06 V                  ; 3.69 V             ; -0.414 V           ; 0.134 V                             ; 0.585 V                             ; 4.19e-10 s                 ; 1.53e-10 s                 ; Yes                       ; No                        ;
; DRAM_CKE            ; 3.3-V LVTTL  ; 0 s                 ; 0 s                 ; 3.63 V                       ; 4.72e-06 V                   ; 3.7 V               ; -0.49 V             ; 0.117 V                              ; 0.621 V                              ; 3.84e-10 s                  ; 1.48e-10 s                  ; Yes                        ; No                         ; 3.63 V                      ; 4.72e-06 V                  ; 3.7 V              ; -0.49 V            ; 0.117 V                             ; 0.621 V                             ; 3.84e-10 s                 ; 1.48e-10 s                 ; Yes                       ; No                        ;
; DRAM_CLK            ; 3.3-V LVTTL  ; 0 s                 ; 0 s                 ; 3.63 V                       ; 4.72e-06 V                   ; 3.7 V               ; -0.49 V             ; 0.117 V                              ; 0.622 V                              ; 3.84e-10 s                  ; 1.48e-10 s                  ; Yes                        ; No                         ; 3.63 V                      ; 4.72e-06 V                  ; 3.7 V              ; -0.49 V            ; 0.117 V                             ; 0.622 V                             ; 3.84e-10 s                 ; 1.48e-10 s                 ; Yes                       ; No                        ;
; DRAM_CS_N           ; 3.3-V LVTTL  ; 0 s                 ; 0 s                 ; 3.63 V                       ; 3.63e-06 V                   ; 3.64 V              ; -0.326 V            ; 0.091 V                              ; 0.479 V                              ; 3.83e-10 s                  ; 1.5e-10 s                   ; Yes                        ; No                         ; 3.63 V                      ; 3.63e-06 V                  ; 3.64 V             ; -0.326 V           ; 0.091 V                             ; 0.479 V                             ; 3.83e-10 s                 ; 1.5e-10 s                  ; Yes                       ; No                        ;
; DRAM_LDQM           ; 3.3-V LVTTL  ; 0 s                 ; 0 s                 ; 3.63 V                       ; 3.63e-06 V                   ; 3.64 V              ; -0.326 V            ; 0.091 V                              ; 0.479 V                              ; 3.83e-10 s                  ; 1.5e-10 s                   ; Yes                        ; No                         ; 3.63 V                      ; 3.63e-06 V                  ; 3.64 V             ; -0.326 V           ; 0.091 V                             ; 0.479 V                             ; 3.83e-10 s                 ; 1.5e-10 s                  ; Yes                       ; No                        ;
; DRAM_RAS_N          ; 3.3-V LVTTL  ; 0 s                 ; 0 s                 ; 3.63 V                       ; 4.94e-06 V                   ; 3.69 V              ; -0.414 V            ; 0.134 V                              ; 0.585 V                              ; 4.19e-10 s                  ; 1.53e-10 s                  ; Yes                        ; No                         ; 3.63 V                      ; 4.94e-06 V                  ; 3.69 V             ; -0.414 V           ; 0.134 V                             ; 0.585 V                             ; 4.19e-10 s                 ; 1.53e-10 s                 ; Yes                       ; No                        ;
; DRAM_UDQM           ; 3.3-V LVTTL  ; 0 s                 ; 0 s                 ; 3.63 V                       ; 4.72e-06 V                   ; 3.7 V               ; -0.49 V             ; 0.117 V                              ; 0.622 V                              ; 3.84e-10 s                  ; 1.48e-10 s                  ; Yes                        ; No                         ; 3.63 V                      ; 4.72e-06 V                  ; 3.7 V              ; -0.49 V            ; 0.117 V                             ; 0.622 V                             ; 3.84e-10 s                 ; 1.48e-10 s                 ; Yes                       ; No                        ;
; DRAM_WE_N           ; 3.3-V LVTTL  ; 0 s                 ; 0 s                 ; 3.63 V                       ; 4.94e-06 V                   ; 3.69 V              ; -0.414 V            ; 0.134 V                              ; 0.585 V                              ; 4.19e-10 s                  ; 1.53e-10 s                  ; Yes                        ; No                         ; 3.63 V                      ; 4.94e-06 V                  ; 3.69 V             ; -0.414 V           ; 0.134 V                             ; 0.585 V                             ; 4.19e-10 s                 ; 1.53e-10 s                 ; Yes                       ; No                        ;
; DRAM_DQ[0]          ; 3.3-V LVTTL  ; 0 s                 ; 0 s                 ; 3.63 V                       ; 4.72e-06 V                   ; 3.7 V               ; -0.49 V             ; 0.117 V                              ; 0.621 V                              ; 3.84e-10 s                  ; 1.48e-10 s                  ; Yes                        ; No                         ; 3.63 V                      ; 4.72e-06 V                  ; 3.7 V              ; -0.49 V            ; 0.117 V                             ; 0.621 V                             ; 3.84e-10 s                 ; 1.48e-10 s                 ; Yes                       ; No                        ;
; DRAM_DQ[1]          ; 3.3-V LVTTL  ; 0 s                 ; 0 s                 ; 3.63 V                       ; 4.72e-06 V                   ; 3.7 V               ; -0.49 V             ; 0.117 V                              ; 0.621 V                              ; 3.84e-10 s                  ; 1.48e-10 s                  ; Yes                        ; No                         ; 3.63 V                      ; 4.72e-06 V                  ; 3.7 V              ; -0.49 V            ; 0.117 V                             ; 0.621 V                             ; 3.84e-10 s                 ; 1.48e-10 s                 ; Yes                       ; No                        ;
; DRAM_DQ[2]          ; 3.3-V LVTTL  ; 0 s                 ; 0 s                 ; 3.63 V                       ; 4.72e-06 V                   ; 3.7 V               ; -0.49 V             ; 0.117 V                              ; 0.622 V                              ; 3.84e-10 s                  ; 1.48e-10 s                  ; Yes                        ; No                         ; 3.63 V                      ; 4.72e-06 V                  ; 3.7 V              ; -0.49 V            ; 0.117 V                             ; 0.622 V                             ; 3.84e-10 s                 ; 1.48e-10 s                 ; Yes                       ; No                        ;
; DRAM_DQ[3]          ; 3.3-V LVTTL  ; 0 s                 ; 0 s                 ; 3.63 V                       ; 4.72e-06 V                   ; 3.7 V               ; -0.49 V             ; 0.117 V                              ; 0.621 V                              ; 3.84e-10 s                  ; 1.48e-10 s                  ; Yes                        ; No                         ; 3.63 V                      ; 4.72e-06 V                  ; 3.7 V              ; -0.49 V            ; 0.117 V                             ; 0.621 V                             ; 3.84e-10 s                 ; 1.48e-10 s                 ; Yes                       ; No                        ;
; DRAM_DQ[4]          ; 3.3-V LVTTL  ; 0 s                 ; 0 s                 ; 3.63 V                       ; 4.72e-06 V                   ; 3.7 V               ; -0.49 V             ; 0.117 V                              ; 0.621 V                              ; 3.84e-10 s                  ; 1.48e-10 s                  ; Yes                        ; No                         ; 3.63 V                      ; 4.72e-06 V                  ; 3.7 V              ; -0.49 V            ; 0.117 V                             ; 0.621 V                             ; 3.84e-10 s                 ; 1.48e-10 s                 ; Yes                       ; No                        ;
; DRAM_DQ[5]          ; 3.3-V LVTTL  ; 0 s                 ; 0 s                 ; 3.63 V                       ; 4.72e-06 V                   ; 3.7 V               ; -0.49 V             ; 0.117 V                              ; 0.622 V                              ; 3.84e-10 s                  ; 1.48e-10 s                  ; Yes                        ; No                         ; 3.63 V                      ; 4.72e-06 V                  ; 3.7 V              ; -0.49 V            ; 0.117 V                             ; 0.622 V                             ; 3.84e-10 s                 ; 1.48e-10 s                 ; Yes                       ; No                        ;
; DRAM_DQ[6]          ; 3.3-V LVTTL  ; 0 s                 ; 0 s                 ; 3.63 V                       ; 3.63e-06 V                   ; 3.64 V              ; -0.326 V            ; 0.091 V                              ; 0.479 V                              ; 3.83e-10 s                  ; 1.5e-10 s                   ; Yes                        ; No                         ; 3.63 V                      ; 3.63e-06 V                  ; 3.64 V             ; -0.326 V           ; 0.091 V                             ; 0.479 V                             ; 3.83e-10 s                 ; 1.5e-10 s                  ; Yes                       ; No                        ;
; DRAM_DQ[7]          ; 3.3-V LVTTL  ; 0 s                 ; 0 s                 ; 3.63 V                       ; 4.94e-06 V                   ; 3.69 V              ; -0.414 V            ; 0.134 V                              ; 0.585 V                              ; 4.19e-10 s                  ; 1.53e-10 s                  ; Yes                        ; No                         ; 3.63 V                      ; 4.94e-06 V                  ; 3.69 V             ; -0.414 V           ; 0.134 V                             ; 0.585 V                             ; 4.19e-10 s                 ; 1.53e-10 s                 ; Yes                       ; No                        ;
; DRAM_DQ[8]          ; 3.3-V LVTTL  ; 0 s                 ; 0 s                 ; 3.63 V                       ; 4.72e-06 V                   ; 3.7 V               ; -0.49 V             ; 0.117 V                              ; 0.622 V                              ; 3.84e-10 s                  ; 1.48e-10 s                  ; Yes                        ; No                         ; 3.63 V                      ; 4.72e-06 V                  ; 3.7 V              ; -0.49 V            ; 0.117 V                             ; 0.622 V                             ; 3.84e-10 s                 ; 1.48e-10 s                 ; Yes                       ; No                        ;
; DRAM_DQ[9]          ; 3.3-V LVTTL  ; 0 s                 ; 0 s                 ; 3.63 V                       ; 4.72e-06 V                   ; 3.7 V               ; -0.49 V             ; 0.117 V                              ; 0.621 V                              ; 3.84e-10 s                  ; 1.48e-10 s                  ; Yes                        ; No                         ; 3.63 V                      ; 4.72e-06 V                  ; 3.7 V              ; -0.49 V            ; 0.117 V                             ; 0.621 V                             ; 3.84e-10 s                 ; 1.48e-10 s                 ; Yes                       ; No                        ;
; DRAM_DQ[10]         ; 3.3-V LVTTL  ; 0 s                 ; 0 s                 ; 3.63 V                       ; 4.72e-06 V                   ; 3.7 V               ; -0.49 V             ; 0.117 V                              ; 0.622 V                              ; 3.84e-10 s                  ; 1.48e-10 s                  ; Yes                        ; No                         ; 3.63 V                      ; 4.72e-06 V                  ; 3.7 V              ; -0.49 V            ; 0.117 V                             ; 0.622 V                             ; 3.84e-10 s                 ; 1.48e-10 s                 ; Yes                       ; No                        ;
; DRAM_DQ[11]         ; 3.3-V LVTTL  ; 0 s                 ; 0 s                 ; 3.63 V                       ; 4.72e-06 V                   ; 3.7 V               ; -0.49 V             ; 0.117 V                              ; 0.621 V                              ; 3.84e-10 s                  ; 1.48e-10 s                  ; Yes                        ; No                         ; 3.63 V                      ; 4.72e-06 V                  ; 3.7 V              ; -0.49 V            ; 0.117 V                             ; 0.621 V                             ; 3.84e-10 s                 ; 1.48e-10 s                 ; Yes                       ; No                        ;
; DRAM_DQ[12]         ; 3.3-V LVTTL  ; 0 s                 ; 0 s                 ; 3.63 V                       ; 4.72e-06 V                   ; 3.7 V               ; -0.49 V             ; 0.117 V                              ; 0.621 V                              ; 3.84e-10 s                  ; 1.48e-10 s                  ; Yes                        ; No                         ; 3.63 V                      ; 4.72e-06 V                  ; 3.7 V              ; -0.49 V            ; 0.117 V                             ; 0.621 V                             ; 3.84e-10 s                 ; 1.48e-10 s                 ; Yes                       ; No                        ;
; DRAM_DQ[13]         ; 3.3-V LVTTL  ; 0 s                 ; 0 s                 ; 3.63 V                       ; 4.72e-06 V                   ; 3.7 V               ; -0.49 V             ; 0.117 V                              ; 0.622 V                              ; 3.84e-10 s                  ; 1.48e-10 s                  ; Yes                        ; No                         ; 3.63 V                      ; 4.72e-06 V                  ; 3.7 V              ; -0.49 V            ; 0.117 V                             ; 0.622 V                             ; 3.84e-10 s                 ; 1.48e-10 s                 ; Yes                       ; No                        ;
; DRAM_DQ[14]         ; 3.3-V LVTTL  ; 0 s                 ; 0 s                 ; 3.63 V                       ; 4.72e-06 V                   ; 3.7 V               ; -0.49 V             ; 0.117 V                              ; 0.622 V                              ; 3.84e-10 s                  ; 1.48e-10 s                  ; Yes                        ; No                         ; 3.63 V                      ; 4.72e-06 V                  ; 3.7 V              ; -0.49 V            ; 0.117 V                             ; 0.622 V                             ; 3.84e-10 s                 ; 1.48e-10 s                 ; Yes                       ; No                        ;
; DRAM_DQ[15]         ; 3.3-V LVTTL  ; 0 s                 ; 0 s                 ; 3.63 V                       ; 4.72e-06 V                   ; 3.7 V               ; -0.49 V             ; 0.117 V                              ; 0.622 V                              ; 3.84e-10 s                  ; 1.48e-10 s                  ; Yes                        ; No                         ; 3.63 V                      ; 4.72e-06 V                  ; 3.7 V              ; -0.49 V            ; 0.117 V                             ; 0.622 V                             ; 3.84e-10 s                 ; 1.48e-10 s                 ; Yes                       ; No                        ;
; altera_reserved_tdo ; 3.3-V LVTTL  ; 0 s                 ; 0 s                 ; 3.63 V                       ; 6.35e-06 V                   ; 3.69 V              ; -0.125 V            ; 0.384 V                              ; 0.202 V                              ; 4.63e-10 s                  ; 2.66e-10 s                  ; No                         ; Yes                        ; 3.63 V                      ; 6.35e-06 V                  ; 3.69 V             ; -0.125 V           ; 0.384 V                             ; 0.202 V                             ; 4.63e-10 s                 ; 2.66e-10 s                 ; No                        ; Yes                       ;
+---------------------+--------------+---------------------+---------------------+------------------------------+------------------------------+---------------------+---------------------+--------------------------------------+--------------------------------------+-----------------------------+-----------------------------+----------------------------+----------------------------+-----------------------------+-----------------------------+--------------------+--------------------+-------------------------------------+-------------------------------------+----------------------------+----------------------------+---------------------------+---------------------------+


+--------------------------------------------------------------------------------------------------------------------------------------------------------------------------------------------------------------------------------------------------------------------------------------------------------------------------------------------------------------------------------------------------------------------------------------------------------------------------------------------------------------------------------------------------------------------------------------------------------------------------------------------------------------------------------------------------+
; Signal Integrity Metrics (Fast 1100mv 85c Model)                                                                                                                                                                                                                                                                                                                                                                                                                                                                                                                                                                                                                                                 ;
+---------------------+--------------+---------------------+---------------------+------------------------------+------------------------------+---------------------+---------------------+--------------------------------------+--------------------------------------+-----------------------------+-----------------------------+----------------------------+----------------------------+-----------------------------+-----------------------------+--------------------+--------------------+-------------------------------------+-------------------------------------+----------------------------+----------------------------+---------------------------+---------------------------+
; Pin                 ; I/O Standard ; Board Delay on Rise ; Board Delay on Fall ; Steady State Voh at FPGA Pin ; Steady State Vol at FPGA Pin ; Voh Max at FPGA Pin ; Vol Min at FPGA Pin ; Ringback Voltage on Rise at FPGA Pin ; Ringback Voltage on Fall at FPGA Pin ; 10-90 Rise Time at FPGA Pin ; 90-10 Fall Time at FPGA Pin ; Monotonic Rise at FPGA Pin ; Monotonic Fall at FPGA Pin ; Steady State Voh at Far-end ; Steady State Vol at Far-end ; Voh Max at Far-end ; Vol Min at Far-end ; Ringback Voltage on Rise at Far-end ; Ringback Voltage on Fall at Far-end ; 10-90 Rise Time at Far-end ; 90-10 Fall Time at Far-end ; Monotonic Rise at Far-end ; Monotonic Fall at Far-end ;
+---------------------+--------------+---------------------+---------------------+------------------------------+------------------------------+---------------------+---------------------+--------------------------------------+--------------------------------------+-----------------------------+-----------------------------+----------------------------+----------------------------+-----------------------------+-----------------------------+--------------------+--------------------+-------------------------------------+-------------------------------------+----------------------------+----------------------------+---------------------------+---------------------------+
; LEDR[0]             ; 3.3-V LVTTL  ; 0 s                 ; 0 s                 ; 3.63 V                       ; 0.000238 V                   ; 3.64 V              ; -0.254 V            ; 0.052 V                              ; 0.543 V                              ; 4.59e-10 s                  ; 1.96e-10 s                  ; Yes                        ; No                         ; 3.63 V                      ; 0.000238 V                  ; 3.64 V             ; -0.254 V           ; 0.052 V                             ; 0.543 V                             ; 4.59e-10 s                 ; 1.96e-10 s                 ; Yes                       ; No                        ;
; LEDR[1]             ; 3.3-V LVTTL  ; 0 s                 ; 0 s                 ; 3.63 V                       ; 0.000184 V                   ; 3.64 V              ; -0.19 V             ; 0.019 V                              ; 0.425 V                              ; 4.44e-10 s                  ; 1.91e-10 s                  ; Yes                        ; No                         ; 3.63 V                      ; 0.000184 V                  ; 3.64 V             ; -0.19 V            ; 0.019 V                             ; 0.425 V                             ; 4.44e-10 s                 ; 1.91e-10 s                 ; Yes                       ; No                        ;
; LEDR[2]             ; 3.3-V LVTTL  ; 0 s                 ; 0 s                 ; 3.63 V                       ; 0.000238 V                   ; 3.64 V              ; -0.254 V            ; 0.052 V                              ; 0.543 V                              ; 4.59e-10 s                  ; 1.96e-10 s                  ; Yes                        ; No                         ; 3.63 V                      ; 0.000238 V                  ; 3.64 V             ; -0.254 V           ; 0.052 V                             ; 0.543 V                             ; 4.59e-10 s                 ; 1.96e-10 s                 ; Yes                       ; No                        ;
; LEDR[3]             ; 3.3-V LVTTL  ; 0 s                 ; 0 s                 ; 3.63 V                       ; 0.000238 V                   ; 3.64 V              ; -0.254 V            ; 0.052 V                              ; 0.543 V                              ; 4.59e-10 s                  ; 1.96e-10 s                  ; Yes                        ; No                         ; 3.63 V                      ; 0.000238 V                  ; 3.64 V             ; -0.254 V           ; 0.052 V                             ; 0.543 V                             ; 4.59e-10 s                 ; 1.96e-10 s                 ; Yes                       ; No                        ;
; LEDR[4]             ; 3.3-V LVTTL  ; 0 s                 ; 0 s                 ; 3.63 V                       ; 0.000184 V                   ; 3.64 V              ; -0.19 V             ; 0.019 V                              ; 0.425 V                              ; 4.44e-10 s                  ; 1.91e-10 s                  ; Yes                        ; No                         ; 3.63 V                      ; 0.000184 V                  ; 3.64 V             ; -0.19 V            ; 0.019 V                             ; 0.425 V                             ; 4.44e-10 s                 ; 1.91e-10 s                 ; Yes                       ; No                        ;
; LEDR[5]             ; 3.3-V LVTTL  ; 0 s                 ; 0 s                 ; 3.63 V                       ; 0.000184 V                   ; 3.64 V              ; -0.19 V             ; 0.019 V                              ; 0.425 V                              ; 4.44e-10 s                  ; 1.91e-10 s                  ; Yes                        ; No                         ; 3.63 V                      ; 0.000184 V                  ; 3.64 V             ; -0.19 V            ; 0.019 V                             ; 0.425 V                             ; 4.44e-10 s                 ; 1.91e-10 s                 ; Yes                       ; No                        ;
; LEDR[6]             ; 3.3-V LVTTL  ; 0 s                 ; 0 s                 ; 3.63 V                       ; 0.000238 V                   ; 3.64 V              ; -0.254 V            ; 0.052 V                              ; 0.543 V                              ; 4.59e-10 s                  ; 1.96e-10 s                  ; Yes                        ; No                         ; 3.63 V                      ; 0.000238 V                  ; 3.64 V             ; -0.254 V           ; 0.052 V                             ; 0.543 V                             ; 4.59e-10 s                 ; 1.96e-10 s                 ; Yes                       ; No                        ;
; LEDR[7]             ; 3.3-V LVTTL  ; 0 s                 ; 0 s                 ; 3.63 V                       ; 0.000238 V                   ; 3.64 V              ; -0.254 V            ; 0.052 V                              ; 0.543 V                              ; 4.59e-10 s                  ; 1.96e-10 s                  ; Yes                        ; No                         ; 3.63 V                      ; 0.000238 V                  ; 3.64 V             ; -0.254 V           ; 0.052 V                             ; 0.543 V                             ; 4.59e-10 s                 ; 1.96e-10 s                 ; Yes                       ; No                        ;
; LEDR[8]             ; 3.3-V LVTTL  ; 0 s                 ; 0 s                 ; 3.63 V                       ; 0.000238 V                   ; 3.64 V              ; -0.254 V            ; 0.052 V                              ; 0.543 V                              ; 4.59e-10 s                  ; 1.96e-10 s                  ; Yes                        ; No                         ; 3.63 V                      ; 0.000238 V                  ; 3.64 V             ; -0.254 V           ; 0.052 V                             ; 0.543 V                             ; 4.59e-10 s                 ; 1.96e-10 s                 ; Yes                       ; No                        ;
; LEDR[9]             ; 3.3-V LVTTL  ; 0 s                 ; 0 s                 ; 3.63 V                       ; 0.000184 V                   ; 3.64 V              ; -0.19 V             ; 0.019 V                              ; 0.425 V                              ; 4.44e-10 s                  ; 1.91e-10 s                  ; Yes                        ; No                         ; 3.63 V                      ; 0.000184 V                  ; 3.64 V             ; -0.19 V            ; 0.019 V                             ; 0.425 V                             ; 4.44e-10 s                 ; 1.91e-10 s                 ; Yes                       ; No                        ;
; DRAM_ADDR[0]        ; 3.3-V LVTTL  ; 0 s                 ; 0 s                 ; 3.63 V                       ; 0.000229 V                   ; 3.65 V              ; -0.319 V            ; 0.041 V                              ; 0.528 V                              ; 4.29e-10 s                  ; 1.87e-10 s                  ; Yes                        ; No                         ; 3.63 V                      ; 0.000229 V                  ; 3.65 V             ; -0.319 V           ; 0.041 V                             ; 0.528 V                             ; 4.29e-10 s                 ; 1.87e-10 s                 ; Yes                       ; No                        ;
; DRAM_ADDR[1]        ; 3.3-V LVTTL  ; 0 s                 ; 0 s                 ; 3.63 V                       ; 0.000184 V                   ; 3.64 V              ; -0.19 V             ; 0.019 V                              ; 0.425 V                              ; 4.44e-10 s                  ; 1.91e-10 s                  ; Yes                        ; No                         ; 3.63 V                      ; 0.000184 V                  ; 3.64 V             ; -0.19 V            ; 0.019 V                             ; 0.425 V                             ; 4.44e-10 s                 ; 1.91e-10 s                 ; Yes                       ; No                        ;
; DRAM_ADDR[2]        ; 3.3-V LVTTL  ; 0 s                 ; 0 s                 ; 3.63 V                       ; 0.000238 V                   ; 3.64 V              ; -0.254 V            ; 0.052 V                              ; 0.543 V                              ; 4.59e-10 s                  ; 1.96e-10 s                  ; Yes                        ; No                         ; 3.63 V                      ; 0.000238 V                  ; 3.64 V             ; -0.254 V           ; 0.052 V                             ; 0.543 V                             ; 4.59e-10 s                 ; 1.96e-10 s                 ; Yes                       ; No                        ;
; DRAM_ADDR[3]        ; 3.3-V LVTTL  ; 0 s                 ; 0 s                 ; 3.63 V                       ; 0.000184 V                   ; 3.64 V              ; -0.19 V             ; 0.019 V                              ; 0.425 V                              ; 4.44e-10 s                  ; 1.91e-10 s                  ; Yes                        ; No                         ; 3.63 V                      ; 0.000184 V                  ; 3.64 V             ; -0.19 V            ; 0.019 V                             ; 0.425 V                             ; 4.44e-10 s                 ; 1.91e-10 s                 ; Yes                       ; No                        ;
; DRAM_ADDR[4]        ; 3.3-V LVTTL  ; 0 s                 ; 0 s                 ; 3.63 V                       ; 0.000238 V                   ; 3.64 V              ; -0.254 V            ; 0.052 V                              ; 0.543 V                              ; 4.59e-10 s                  ; 1.96e-10 s                  ; Yes                        ; No                         ; 3.63 V                      ; 0.000238 V                  ; 3.64 V             ; -0.254 V           ; 0.052 V                             ; 0.543 V                             ; 4.59e-10 s                 ; 1.96e-10 s                 ; Yes                       ; No                        ;
; DRAM_ADDR[5]        ; 3.3-V LVTTL  ; 0 s                 ; 0 s                 ; 3.63 V                       ; 0.000184 V                   ; 3.64 V              ; -0.19 V             ; 0.019 V                              ; 0.425 V                              ; 4.44e-10 s                  ; 1.91e-10 s                  ; Yes                        ; No                         ; 3.63 V                      ; 0.000184 V                  ; 3.64 V             ; -0.19 V            ; 0.019 V                             ; 0.425 V                             ; 4.44e-10 s                 ; 1.91e-10 s                 ; Yes                       ; No                        ;
; DRAM_ADDR[6]        ; 3.3-V LVTTL  ; 0 s                 ; 0 s                 ; 3.63 V                       ; 0.000238 V                   ; 3.64 V              ; -0.254 V            ; 0.052 V                              ; 0.543 V                              ; 4.59e-10 s                  ; 1.96e-10 s                  ; Yes                        ; No                         ; 3.63 V                      ; 0.000238 V                  ; 3.64 V             ; -0.254 V           ; 0.052 V                             ; 0.543 V                             ; 4.59e-10 s                 ; 1.96e-10 s                 ; Yes                       ; No                        ;
; DRAM_ADDR[7]        ; 3.3-V LVTTL  ; 0 s                 ; 0 s                 ; 3.63 V                       ; 0.000184 V                   ; 3.64 V              ; -0.19 V             ; 0.019 V                              ; 0.425 V                              ; 4.44e-10 s                  ; 1.91e-10 s                  ; Yes                        ; No                         ; 3.63 V                      ; 0.000184 V                  ; 3.64 V             ; -0.19 V            ; 0.019 V                             ; 0.425 V                             ; 4.44e-10 s                 ; 1.91e-10 s                 ; Yes                       ; No                        ;
; DRAM_ADDR[8]        ; 3.3-V LVTTL  ; 0 s                 ; 0 s                 ; 3.63 V                       ; 0.000184 V                   ; 3.64 V              ; -0.19 V             ; 0.019 V                              ; 0.425 V                              ; 4.44e-10 s                  ; 1.91e-10 s                  ; Yes                        ; No                         ; 3.63 V                      ; 0.000184 V                  ; 3.64 V             ; -0.19 V            ; 0.019 V                             ; 0.425 V                             ; 4.44e-10 s                 ; 1.91e-10 s                 ; Yes                       ; No                        ;
; DRAM_ADDR[9]        ; 3.3-V LVTTL  ; 0 s                 ; 0 s                 ; 3.63 V                       ; 0.000184 V                   ; 3.64 V              ; -0.19 V             ; 0.019 V                              ; 0.425 V                              ; 4.44e-10 s                  ; 1.91e-10 s                  ; Yes                        ; No                         ; 3.63 V                      ; 0.000184 V                  ; 3.64 V             ; -0.19 V            ; 0.019 V                             ; 0.425 V                             ; 4.44e-10 s                 ; 1.91e-10 s                 ; Yes                       ; No                        ;
; DRAM_ADDR[10]       ; 3.3-V LVTTL  ; 0 s                 ; 0 s                 ; 3.63 V                       ; 0.000238 V                   ; 3.64 V              ; -0.254 V            ; 0.052 V                              ; 0.543 V                              ; 4.59e-10 s                  ; 1.96e-10 s                  ; Yes                        ; No                         ; 3.63 V                      ; 0.000238 V                  ; 3.64 V             ; -0.254 V           ; 0.052 V                             ; 0.543 V                             ; 4.59e-10 s                 ; 1.96e-10 s                 ; Yes                       ; No                        ;
; DRAM_ADDR[11]       ; 3.3-V LVTTL  ; 0 s                 ; 0 s                 ; 3.63 V                       ; 0.000238 V                   ; 3.64 V              ; -0.254 V            ; 0.052 V                              ; 0.543 V                              ; 4.59e-10 s                  ; 1.96e-10 s                  ; Yes                        ; No                         ; 3.63 V                      ; 0.000238 V                  ; 3.64 V             ; -0.254 V           ; 0.052 V                             ; 0.543 V                             ; 4.59e-10 s                 ; 1.96e-10 s                 ; Yes                       ; No                        ;
; DRAM_ADDR[12]       ; 3.3-V LVTTL  ; 0 s                 ; 0 s                 ; 3.63 V                       ; 0.000229 V                   ; 3.65 V              ; -0.316 V            ; 0.041 V                              ; 0.53 V                               ; 4.29e-10 s                  ; 1.87e-10 s                  ; Yes                        ; No                         ; 3.63 V                      ; 0.000229 V                  ; 3.65 V             ; -0.316 V           ; 0.041 V                             ; 0.53 V                              ; 4.29e-10 s                 ; 1.87e-10 s                 ; Yes                       ; No                        ;
; DRAM_BA[0]          ; 3.3-V LVTTL  ; 0 s                 ; 0 s                 ; 3.63 V                       ; 0.000184 V                   ; 3.64 V              ; -0.19 V             ; 0.019 V                              ; 0.425 V                              ; 4.44e-10 s                  ; 1.91e-10 s                  ; Yes                        ; No                         ; 3.63 V                      ; 0.000184 V                  ; 3.64 V             ; -0.19 V            ; 0.019 V                             ; 0.425 V                             ; 4.44e-10 s                 ; 1.91e-10 s                 ; Yes                       ; No                        ;
; DRAM_BA[1]          ; 3.3-V LVTTL  ; 0 s                 ; 0 s                 ; 3.63 V                       ; 0.000229 V                   ; 3.65 V              ; -0.319 V            ; 0.041 V                              ; 0.528 V                              ; 4.29e-10 s                  ; 1.87e-10 s                  ; Yes                        ; No                         ; 3.63 V                      ; 0.000229 V                  ; 3.65 V             ; -0.319 V           ; 0.041 V                             ; 0.528 V                             ; 4.29e-10 s                 ; 1.87e-10 s                 ; Yes                       ; No                        ;
; DRAM_CAS_N          ; 3.3-V LVTTL  ; 0 s                 ; 0 s                 ; 3.63 V                       ; 0.000238 V                   ; 3.64 V              ; -0.254 V            ; 0.052 V                              ; 0.543 V                              ; 4.59e-10 s                  ; 1.96e-10 s                  ; Yes                        ; No                         ; 3.63 V                      ; 0.000238 V                  ; 3.64 V             ; -0.254 V           ; 0.052 V                             ; 0.543 V                             ; 4.59e-10 s                 ; 1.96e-10 s                 ; Yes                       ; No                        ;
; DRAM_CKE            ; 3.3-V LVTTL  ; 0 s                 ; 0 s                 ; 3.63 V                       ; 0.000229 V                   ; 3.65 V              ; -0.319 V            ; 0.041 V                              ; 0.528 V                              ; 4.29e-10 s                  ; 1.87e-10 s                  ; Yes                        ; No                         ; 3.63 V                      ; 0.000229 V                  ; 3.65 V             ; -0.319 V           ; 0.041 V                             ; 0.528 V                             ; 4.29e-10 s                 ; 1.87e-10 s                 ; Yes                       ; No                        ;
; DRAM_CLK            ; 3.3-V LVTTL  ; 0 s                 ; 0 s                 ; 3.63 V                       ; 0.000229 V                   ; 3.65 V              ; -0.316 V            ; 0.041 V                              ; 0.53 V                               ; 4.29e-10 s                  ; 1.87e-10 s                  ; Yes                        ; No                         ; 3.63 V                      ; 0.000229 V                  ; 3.65 V             ; -0.316 V           ; 0.041 V                             ; 0.53 V                              ; 4.29e-10 s                 ; 1.87e-10 s                 ; Yes                       ; No                        ;
; DRAM_CS_N           ; 3.3-V LVTTL  ; 0 s                 ; 0 s                 ; 3.63 V                       ; 0.000184 V                   ; 3.64 V              ; -0.19 V             ; 0.019 V                              ; 0.425 V                              ; 4.44e-10 s                  ; 1.91e-10 s                  ; Yes                        ; No                         ; 3.63 V                      ; 0.000184 V                  ; 3.64 V             ; -0.19 V            ; 0.019 V                             ; 0.425 V                             ; 4.44e-10 s                 ; 1.91e-10 s                 ; Yes                       ; No                        ;
; DRAM_LDQM           ; 3.3-V LVTTL  ; 0 s                 ; 0 s                 ; 3.63 V                       ; 0.000184 V                   ; 3.64 V              ; -0.19 V             ; 0.019 V                              ; 0.425 V                              ; 4.44e-10 s                  ; 1.91e-10 s                  ; Yes                        ; No                         ; 3.63 V                      ; 0.000184 V                  ; 3.64 V             ; -0.19 V            ; 0.019 V                             ; 0.425 V                             ; 4.44e-10 s                 ; 1.91e-10 s                 ; Yes                       ; No                        ;
; DRAM_RAS_N          ; 3.3-V LVTTL  ; 0 s                 ; 0 s                 ; 3.63 V                       ; 0.000238 V                   ; 3.64 V              ; -0.254 V            ; 0.052 V                              ; 0.543 V                              ; 4.59e-10 s                  ; 1.96e-10 s                  ; Yes                        ; No                         ; 3.63 V                      ; 0.000238 V                  ; 3.64 V             ; -0.254 V           ; 0.052 V                             ; 0.543 V                             ; 4.59e-10 s                 ; 1.96e-10 s                 ; Yes                       ; No                        ;
; DRAM_UDQM           ; 3.3-V LVTTL  ; 0 s                 ; 0 s                 ; 3.63 V                       ; 0.000229 V                   ; 3.65 V              ; -0.316 V            ; 0.041 V                              ; 0.53 V                               ; 4.29e-10 s                  ; 1.87e-10 s                  ; Yes                        ; No                         ; 3.63 V                      ; 0.000229 V                  ; 3.65 V             ; -0.316 V           ; 0.041 V                             ; 0.53 V                              ; 4.29e-10 s                 ; 1.87e-10 s                 ; Yes                       ; No                        ;
; DRAM_WE_N           ; 3.3-V LVTTL  ; 0 s                 ; 0 s                 ; 3.63 V                       ; 0.000238 V                   ; 3.64 V              ; -0.254 V            ; 0.052 V                              ; 0.543 V                              ; 4.59e-10 s                  ; 1.96e-10 s                  ; Yes                        ; No                         ; 3.63 V                      ; 0.000238 V                  ; 3.64 V             ; -0.254 V           ; 0.052 V                             ; 0.543 V                             ; 4.59e-10 s                 ; 1.96e-10 s                 ; Yes                       ; No                        ;
; DRAM_DQ[0]          ; 3.3-V LVTTL  ; 0 s                 ; 0 s                 ; 3.63 V                       ; 0.000229 V                   ; 3.65 V              ; -0.319 V            ; 0.041 V                              ; 0.528 V                              ; 4.29e-10 s                  ; 1.87e-10 s                  ; Yes                        ; No                         ; 3.63 V                      ; 0.000229 V                  ; 3.65 V             ; -0.319 V           ; 0.041 V                             ; 0.528 V                             ; 4.29e-10 s                 ; 1.87e-10 s                 ; Yes                       ; No                        ;
; DRAM_DQ[1]          ; 3.3-V LVTTL  ; 0 s                 ; 0 s                 ; 3.63 V                       ; 0.000229 V                   ; 3.65 V              ; -0.319 V            ; 0.041 V                              ; 0.528 V                              ; 4.29e-10 s                  ; 1.87e-10 s                  ; Yes                        ; No                         ; 3.63 V                      ; 0.000229 V                  ; 3.65 V             ; -0.319 V           ; 0.041 V                             ; 0.528 V                             ; 4.29e-10 s                 ; 1.87e-10 s                 ; Yes                       ; No                        ;
; DRAM_DQ[2]          ; 3.3-V LVTTL  ; 0 s                 ; 0 s                 ; 3.63 V                       ; 0.000229 V                   ; 3.65 V              ; -0.316 V            ; 0.041 V                              ; 0.53 V                               ; 4.29e-10 s                  ; 1.87e-10 s                  ; Yes                        ; No                         ; 3.63 V                      ; 0.000229 V                  ; 3.65 V             ; -0.316 V           ; 0.041 V                             ; 0.53 V                              ; 4.29e-10 s                 ; 1.87e-10 s                 ; Yes                       ; No                        ;
; DRAM_DQ[3]          ; 3.3-V LVTTL  ; 0 s                 ; 0 s                 ; 3.63 V                       ; 0.000229 V                   ; 3.65 V              ; -0.319 V            ; 0.041 V                              ; 0.528 V                              ; 4.29e-10 s                  ; 1.87e-10 s                  ; Yes                        ; No                         ; 3.63 V                      ; 0.000229 V                  ; 3.65 V             ; -0.319 V           ; 0.041 V                             ; 0.528 V                             ; 4.29e-10 s                 ; 1.87e-10 s                 ; Yes                       ; No                        ;
; DRAM_DQ[4]          ; 3.3-V LVTTL  ; 0 s                 ; 0 s                 ; 3.63 V                       ; 0.000229 V                   ; 3.65 V              ; -0.319 V            ; 0.041 V                              ; 0.528 V                              ; 4.29e-10 s                  ; 1.87e-10 s                  ; Yes                        ; No                         ; 3.63 V                      ; 0.000229 V                  ; 3.65 V             ; -0.319 V           ; 0.041 V                             ; 0.528 V                             ; 4.29e-10 s                 ; 1.87e-10 s                 ; Yes                       ; No                        ;
; DRAM_DQ[5]          ; 3.3-V LVTTL  ; 0 s                 ; 0 s                 ; 3.63 V                       ; 0.000229 V                   ; 3.65 V              ; -0.316 V            ; 0.041 V                              ; 0.53 V                               ; 4.29e-10 s                  ; 1.87e-10 s                  ; Yes                        ; No                         ; 3.63 V                      ; 0.000229 V                  ; 3.65 V             ; -0.316 V           ; 0.041 V                             ; 0.53 V                              ; 4.29e-10 s                 ; 1.87e-10 s                 ; Yes                       ; No                        ;
; DRAM_DQ[6]          ; 3.3-V LVTTL  ; 0 s                 ; 0 s                 ; 3.63 V                       ; 0.000184 V                   ; 3.64 V              ; -0.19 V             ; 0.019 V                              ; 0.425 V                              ; 4.44e-10 s                  ; 1.91e-10 s                  ; Yes                        ; No                         ; 3.63 V                      ; 0.000184 V                  ; 3.64 V             ; -0.19 V            ; 0.019 V                             ; 0.425 V                             ; 4.44e-10 s                 ; 1.91e-10 s                 ; Yes                       ; No                        ;
; DRAM_DQ[7]          ; 3.3-V LVTTL  ; 0 s                 ; 0 s                 ; 3.63 V                       ; 0.000238 V                   ; 3.64 V              ; -0.254 V            ; 0.052 V                              ; 0.543 V                              ; 4.59e-10 s                  ; 1.96e-10 s                  ; Yes                        ; No                         ; 3.63 V                      ; 0.000238 V                  ; 3.64 V             ; -0.254 V           ; 0.052 V                             ; 0.543 V                             ; 4.59e-10 s                 ; 1.96e-10 s                 ; Yes                       ; No                        ;
; DRAM_DQ[8]          ; 3.3-V LVTTL  ; 0 s                 ; 0 s                 ; 3.63 V                       ; 0.000229 V                   ; 3.65 V              ; -0.316 V            ; 0.041 V                              ; 0.53 V                               ; 4.29e-10 s                  ; 1.87e-10 s                  ; Yes                        ; No                         ; 3.63 V                      ; 0.000229 V                  ; 3.65 V             ; -0.316 V           ; 0.041 V                             ; 0.53 V                              ; 4.29e-10 s                 ; 1.87e-10 s                 ; Yes                       ; No                        ;
; DRAM_DQ[9]          ; 3.3-V LVTTL  ; 0 s                 ; 0 s                 ; 3.63 V                       ; 0.000229 V                   ; 3.65 V              ; -0.319 V            ; 0.041 V                              ; 0.528 V                              ; 4.29e-10 s                  ; 1.87e-10 s                  ; Yes                        ; No                         ; 3.63 V                      ; 0.000229 V                  ; 3.65 V             ; -0.319 V           ; 0.041 V                             ; 0.528 V                             ; 4.29e-10 s                 ; 1.87e-10 s                 ; Yes                       ; No                        ;
; DRAM_DQ[10]         ; 3.3-V LVTTL  ; 0 s                 ; 0 s                 ; 3.63 V                       ; 0.000229 V                   ; 3.65 V              ; -0.316 V            ; 0.041 V                              ; 0.53 V                               ; 4.29e-10 s                  ; 1.87e-10 s                  ; Yes                        ; No                         ; 3.63 V                      ; 0.000229 V                  ; 3.65 V             ; -0.316 V           ; 0.041 V                             ; 0.53 V                              ; 4.29e-10 s                 ; 1.87e-10 s                 ; Yes                       ; No                        ;
; DRAM_DQ[11]         ; 3.3-V LVTTL  ; 0 s                 ; 0 s                 ; 3.63 V                       ; 0.000229 V                   ; 3.65 V              ; -0.319 V            ; 0.041 V                              ; 0.528 V                              ; 4.29e-10 s                  ; 1.87e-10 s                  ; Yes                        ; No                         ; 3.63 V                      ; 0.000229 V                  ; 3.65 V             ; -0.319 V           ; 0.041 V                             ; 0.528 V                             ; 4.29e-10 s                 ; 1.87e-10 s                 ; Yes                       ; No                        ;
; DRAM_DQ[12]         ; 3.3-V LVTTL  ; 0 s                 ; 0 s                 ; 3.63 V                       ; 0.000229 V                   ; 3.65 V              ; -0.319 V            ; 0.041 V                              ; 0.528 V                              ; 4.29e-10 s                  ; 1.87e-10 s                  ; Yes                        ; No                         ; 3.63 V                      ; 0.000229 V                  ; 3.65 V             ; -0.319 V           ; 0.041 V                             ; 0.528 V                             ; 4.29e-10 s                 ; 1.87e-10 s                 ; Yes                       ; No                        ;
; DRAM_DQ[13]         ; 3.3-V LVTTL  ; 0 s                 ; 0 s                 ; 3.63 V                       ; 0.000229 V                   ; 3.65 V              ; -0.316 V            ; 0.041 V                              ; 0.53 V                               ; 4.29e-10 s                  ; 1.87e-10 s                  ; Yes                        ; No                         ; 3.63 V                      ; 0.000229 V                  ; 3.65 V             ; -0.316 V           ; 0.041 V                             ; 0.53 V                              ; 4.29e-10 s                 ; 1.87e-10 s                 ; Yes                       ; No                        ;
; DRAM_DQ[14]         ; 3.3-V LVTTL  ; 0 s                 ; 0 s                 ; 3.63 V                       ; 0.000229 V                   ; 3.65 V              ; -0.316 V            ; 0.041 V                              ; 0.53 V                               ; 4.29e-10 s                  ; 1.87e-10 s                  ; Yes                        ; No                         ; 3.63 V                      ; 0.000229 V                  ; 3.65 V             ; -0.316 V           ; 0.041 V                             ; 0.53 V                              ; 4.29e-10 s                 ; 1.87e-10 s                 ; Yes                       ; No                        ;
; DRAM_DQ[15]         ; 3.3-V LVTTL  ; 0 s                 ; 0 s                 ; 3.63 V                       ; 0.000229 V                   ; 3.65 V              ; -0.316 V            ; 0.041 V                              ; 0.53 V                               ; 4.29e-10 s                  ; 1.87e-10 s                  ; Yes                        ; No                         ; 3.63 V                      ; 0.000229 V                  ; 3.65 V             ; -0.316 V           ; 0.041 V                             ; 0.53 V                              ; 4.29e-10 s                 ; 1.87e-10 s                 ; Yes                       ; No                        ;
; altera_reserved_tdo ; 3.3-V LVTTL  ; 0 s                 ; 0 s                 ; 3.63 V                       ; 0.000312 V                   ; 3.68 V              ; -0.0512 V           ; 0.226 V                              ; 0.205 V                              ; 5.93e-10 s                  ; 2.92e-10 s                  ; No                         ; Yes                        ; 3.63 V                      ; 0.000312 V                  ; 3.68 V             ; -0.0512 V          ; 0.226 V                             ; 0.205 V                             ; 5.93e-10 s                 ; 2.92e-10 s                 ; No                        ; Yes                       ;
+---------------------+--------------+---------------------+---------------------+------------------------------+------------------------------+---------------------+---------------------+--------------------------------------+--------------------------------------+-----------------------------+-----------------------------+----------------------------+----------------------------+-----------------------------+-----------------------------+--------------------+--------------------+-------------------------------------+-------------------------------------+----------------------------+----------------------------+---------------------------+---------------------------+


+-------------------------------------------------------------------------------------------+
; Setup Transfers                                                                           ;
+---------------------+---------------------+------------+------------+----------+----------+
; From Clock          ; To Clock            ; RR Paths   ; FR Paths   ; RF Paths ; FF Paths ;
+---------------------+---------------------+------------+------------+----------+----------+
; altera_reserved_tck ; altera_reserved_tck ; 6251       ; 0          ; 96       ; 3        ;
; CLOCK_50            ; altera_reserved_tck ; false path ; 0          ; 0        ; 0        ;
; CAM_PCLK            ; CAM_PCLK            ; 1520       ; 0          ; 0        ; 0        ;
; CLOCK_50            ; CAM_PCLK            ; 12         ; 0          ; 0        ; 0        ;
; altera_reserved_tck ; CLOCK_50            ; false path ; false path ; 0        ; 0        ;
; CAM_PCLK            ; CLOCK_50            ; 12         ; 0          ; 0        ; 0        ;
; CLOCK_50            ; CLOCK_50            ; 85344      ; 0          ; 0        ; 0        ;
+---------------------+---------------------+------------+------------+----------+----------+
Entries labeled "false path" only account for clock-to-clock false paths and not path-based false paths. As a result, actual path counts may be lower than reported.


+-------------------------------------------------------------------------------------------+
; Hold Transfers                                                                            ;
+---------------------+---------------------+------------+------------+----------+----------+
; From Clock          ; To Clock            ; RR Paths   ; FR Paths   ; RF Paths ; FF Paths ;
+---------------------+---------------------+------------+------------+----------+----------+
; altera_reserved_tck ; altera_reserved_tck ; 6251       ; 0          ; 96       ; 3        ;
; CLOCK_50            ; altera_reserved_tck ; false path ; 0          ; 0        ; 0        ;
; CAM_PCLK            ; CAM_PCLK            ; 1520       ; 0          ; 0        ; 0        ;
; CLOCK_50            ; CAM_PCLK            ; 12         ; 0          ; 0        ; 0        ;
; altera_reserved_tck ; CLOCK_50            ; false path ; false path ; 0        ; 0        ;
; CAM_PCLK            ; CLOCK_50            ; 12         ; 0          ; 0        ; 0        ;
; CLOCK_50            ; CLOCK_50            ; 85344      ; 0          ; 0        ; 0        ;
+---------------------+---------------------+------------+------------+----------+----------+
Entries labeled "false path" only account for clock-to-clock false paths and not path-based false paths. As a result, actual path counts may be lower than reported.


+-----------------------------------------------------------------------------------------+
; Recovery Transfers                                                                      ;
+---------------------+---------------------+------------+----------+----------+----------+
; From Clock          ; To Clock            ; RR Paths   ; FR Paths ; RF Paths ; FF Paths ;
+---------------------+---------------------+------------+----------+----------+----------+
; altera_reserved_tck ; altera_reserved_tck ; 177        ; 0        ; 2        ; 0        ;
; altera_reserved_tck ; CLOCK_50            ; false path ; 0        ; 0        ; 0        ;
; CLOCK_50            ; CLOCK_50            ; 1131       ; 0        ; 0        ; 0        ;
+---------------------+---------------------+------------+----------+----------+----------+
Entries labeled "false path" only account for clock-to-clock false paths and not path-based false paths. As a result, actual path counts may be lower than reported.


+-----------------------------------------------------------------------------------------+
; Removal Transfers                                                                       ;
+---------------------+---------------------+------------+----------+----------+----------+
; From Clock          ; To Clock            ; RR Paths   ; FR Paths ; RF Paths ; FF Paths ;
+---------------------+---------------------+------------+----------+----------+----------+
; altera_reserved_tck ; altera_reserved_tck ; 177        ; 0        ; 2        ; 0        ;
; altera_reserved_tck ; CLOCK_50            ; false path ; 0        ; 0        ; 0        ;
; CLOCK_50            ; CLOCK_50            ; 1131       ; 0        ; 0        ; 0        ;
+---------------------+---------------------+------------+----------+----------+----------+
Entries labeled "false path" only account for clock-to-clock false paths and not path-based false paths. As a result, actual path counts may be lower than reported.


---------------
; Report TCCS ;
---------------
No dedicated SERDES Transmitter circuitry present in device or used in design


---------------
; Report RSKM ;
---------------
No non-DPA dedicated SERDES Receiver circuitry present in device or used in design


+------------------------------------------------+
; Unconstrained Paths Summary                    ;
+---------------------------------+-------+------+
; Property                        ; Setup ; Hold ;
+---------------------------------+-------+------+
; Illegal Clocks                  ; 0     ; 0    ;
; Unconstrained Clocks            ; 1     ; 1    ;
; Unconstrained Input Ports       ; 30    ; 30   ;
; Unconstrained Input Port Paths  ; 519   ; 519  ;
; Unconstrained Output Ports      ; 47    ; 47   ;
; Unconstrained Output Port Paths ; 90    ; 90   ;
+---------------------------------+-------+------+


+-------------------------------------------------------------------------------------------------------------------------------------------------------------------------------------------+
; Clock Status Summary                                                                                                                                                                      ;
+-------------------------------------------------------------------------------+-------------------------------------------------------------------------------+-----------+---------------+
; Target                                                                        ; Clock                                                                         ; Type      ; Status        ;
+-------------------------------------------------------------------------------+-------------------------------------------------------------------------------+-----------+---------------+
; CAM_PCLK                                                                      ; CAM_PCLK                                                                      ; Base      ; Constrained   ;
; CLOCK_50                                                                      ; CLOCK_50                                                                      ; Base      ; Constrained   ;
; altera_reserved_tck                                                           ; altera_reserved_tck                                                           ; Base      ; Constrained   ;
; mock_camera_generator:u_mock_cam|CAM_PCLK                                     ;                                                                               ; Base      ; Unconstrained ;
; u_sys_pll|sys_pll_inst|altera_pll_i|general[0].gpll~FRACTIONAL_PLL|vcoph[0]   ; u_sys_pll|sys_pll_inst|altera_pll_i|general[0].gpll~FRACTIONAL_PLL|vcoph[0]   ; Generated ; Constrained   ;
; u_sys_pll|sys_pll_inst|altera_pll_i|general[2].gpll~PLL_OUTPUT_COUNTER|divclk ; u_sys_pll|sys_pll_inst|altera_pll_i|general[2].gpll~PLL_OUTPUT_COUNTER|divclk ; Generated ; Constrained   ;
+-------------------------------------------------------------------------------+-------------------------------------------------------------------------------+-----------+---------------+


+------------------------------------------------------------------------------------------------------------+
; Unconstrained Input Ports                                                                                  ;
+---------------------+--------------------------------------------------------------------------------------+
; Input Port          ; Comment                                                                              ;
+---------------------+--------------------------------------------------------------------------------------+
; CAM_DATA[0]         ; No input delay, min/max delays, false-path exceptions, or max skew assignments found ;
; CAM_DATA[1]         ; No input delay, min/max delays, false-path exceptions, or max skew assignments found ;
; CAM_DATA[2]         ; No input delay, min/max delays, false-path exceptions, or max skew assignments found ;
; CAM_DATA[3]         ; No input delay, min/max delays, false-path exceptions, or max skew assignments found ;
; CAM_DATA[4]         ; No input delay, min/max delays, false-path exceptions, or max skew assignments found ;
; CAM_DATA[5]         ; No input delay, min/max delays, false-path exceptions, or max skew assignments found ;
; CAM_DATA[6]         ; No input delay, min/max delays, false-path exceptions, or max skew assignments found ;
; CAM_DATA[7]         ; No input delay, min/max delays, false-path exceptions, or max skew assignments found ;
; CAM_HREF            ; No input delay, min/max delays, false-path exceptions, or max skew assignments found ;
; CAM_VSYNC           ; No input delay, min/max delays, false-path exceptions, or max skew assignments found ;
; DRAM_DQ[0]          ; No input delay, min/max delays, false-path exceptions, or max skew assignments found ;
; DRAM_DQ[1]          ; No input delay, min/max delays, false-path exceptions, or max skew assignments found ;
; DRAM_DQ[2]          ; No input delay, min/max delays, false-path exceptions, or max skew assignments found ;
; DRAM_DQ[3]          ; No input delay, min/max delays, false-path exceptions, or max skew assignments found ;
; DRAM_DQ[4]          ; No input delay, min/max delays, false-path exceptions, or max skew assignments found ;
; DRAM_DQ[5]          ; No input delay, min/max delays, false-path exceptions, or max skew assignments found ;
; DRAM_DQ[6]          ; No input delay, min/max delays, false-path exceptions, or max skew assignments found ;
; DRAM_DQ[7]          ; No input delay, min/max delays, false-path exceptions, or max skew assignments found ;
; DRAM_DQ[8]          ; No input delay, min/max delays, false-path exceptions, or max skew assignments found ;
; DRAM_DQ[9]          ; No input delay, min/max delays, false-path exceptions, or max skew assignments found ;
; DRAM_DQ[10]         ; No input delay, min/max delays, false-path exceptions, or max skew assignments found ;
; DRAM_DQ[11]         ; No input delay, min/max delays, false-path exceptions, or max skew assignments found ;
; DRAM_DQ[12]         ; No input delay, min/max delays, false-path exceptions, or max skew assignments found ;
; DRAM_DQ[13]         ; No input delay, min/max delays, false-path exceptions, or max skew assignments found ;
; DRAM_DQ[14]         ; No input delay, min/max delays, false-path exceptions, or max skew assignments found ;
; DRAM_DQ[15]         ; No input delay, min/max delays, false-path exceptions, or max skew assignments found ;
; KEY[0]              ; Partially constrained                                                                ;
; SW[0]               ; No input delay, min/max delays, false-path exceptions, or max skew assignments found ;
; altera_reserved_tdi ; No input delay, min/max delays, false-path exceptions, or max skew assignments found ;
; altera_reserved_tms ; No input delay, min/max delays, false-path exceptions, or max skew assignments found ;
+---------------------+--------------------------------------------------------------------------------------+


+-------------------------------------------------------------------------------------------------------------+
; Unconstrained Output Ports                                                                                  ;
+---------------------+---------------------------------------------------------------------------------------+
; Output Port         ; Comment                                                                               ;
+---------------------+---------------------------------------------------------------------------------------+
; DRAM_ADDR[0]        ; No output delay, min/max delays, false-path exceptions, or max skew assignments found ;
; DRAM_ADDR[1]        ; No output delay, min/max delays, false-path exceptions, or max skew assignments found ;
; DRAM_ADDR[2]        ; No output delay, min/max delays, false-path exceptions, or max skew assignments found ;
; DRAM_ADDR[3]        ; No output delay, min/max delays, false-path exceptions, or max skew assignments found ;
; DRAM_ADDR[4]        ; No output delay, min/max delays, false-path exceptions, or max skew assignments found ;
; DRAM_ADDR[5]        ; No output delay, min/max delays, false-path exceptions, or max skew assignments found ;
; DRAM_ADDR[6]        ; No output delay, min/max delays, false-path exceptions, or max skew assignments found ;
; DRAM_ADDR[7]        ; No output delay, min/max delays, false-path exceptions, or max skew assignments found ;
; DRAM_ADDR[8]        ; No output delay, min/max delays, false-path exceptions, or max skew assignments found ;
; DRAM_ADDR[9]        ; No output delay, min/max delays, false-path exceptions, or max skew assignments found ;
; DRAM_ADDR[10]       ; No output delay, min/max delays, false-path exceptions, or max skew assignments found ;
; DRAM_ADDR[11]       ; No output delay, min/max delays, false-path exceptions, or max skew assignments found ;
; DRAM_ADDR[12]       ; No output delay, min/max delays, false-path exceptions, or max skew assignments found ;
; DRAM_BA[0]          ; No output delay, min/max delays, false-path exceptions, or max skew assignments found ;
; DRAM_BA[1]          ; No output delay, min/max delays, false-path exceptions, or max skew assignments found ;
; DRAM_CAS_N          ; No output delay, min/max delays, false-path exceptions, or max skew assignments found ;
; DRAM_CLK            ; No output delay, min/max delays, false-path exceptions, or max skew assignments found ;
; DRAM_CS_N           ; No output delay, min/max delays, false-path exceptions, or max skew assignments found ;
; DRAM_DQ[0]          ; No output delay, min/max delays, false-path exceptions, or max skew assignments found ;
; DRAM_DQ[1]          ; No output delay, min/max delays, false-path exceptions, or max skew assignments found ;
; DRAM_DQ[2]          ; No output delay, min/max delays, false-path exceptions, or max skew assignments found ;
; DRAM_DQ[3]          ; No output delay, min/max delays, false-path exceptions, or max skew assignments found ;
; DRAM_DQ[4]          ; No output delay, min/max delays, false-path exceptions, or max skew assignments found ;
; DRAM_DQ[5]          ; No output delay, min/max delays, false-path exceptions, or max skew assignments found ;
; DRAM_DQ[6]          ; No output delay, min/max delays, false-path exceptions, or max skew assignments found ;
; DRAM_DQ[7]          ; No output delay, min/max delays, false-path exceptions, or max skew assignments found ;
; DRAM_DQ[8]          ; No output delay, min/max delays, false-path exceptions, or max skew assignments found ;
; DRAM_DQ[9]          ; No output delay, min/max delays, false-path exceptions, or max skew assignments found ;
; DRAM_DQ[10]         ; No output delay, min/max delays, false-path exceptions, or max skew assignments found ;
; DRAM_DQ[11]         ; No output delay, min/max delays, false-path exceptions, or max skew assignments found ;
; DRAM_DQ[12]         ; No output delay, min/max delays, false-path exceptions, or max skew assignments found ;
; DRAM_DQ[13]         ; No output delay, min/max delays, false-path exceptions, or max skew assignments found ;
; DRAM_DQ[14]         ; No output delay, min/max delays, false-path exceptions, or max skew assignments found ;
; DRAM_DQ[15]         ; No output delay, min/max delays, false-path exceptions, or max skew assignments found ;
; DRAM_LDQM           ; No output delay, min/max delays, false-path exceptions, or max skew assignments found ;
; DRAM_RAS_N          ; No output delay, min/max delays, false-path exceptions, or max skew assignments found ;
; DRAM_UDQM           ; No output delay, min/max delays, false-path exceptions, or max skew assignments found ;
; DRAM_WE_N           ; No output delay, min/max delays, false-path exceptions, or max skew assignments found ;
; LEDR[0]             ; No output delay, min/max delays, false-path exceptions, or max skew assignments found ;
; LEDR[1]             ; No output delay, min/max delays, false-path exceptions, or max skew assignments found ;
; LEDR[2]             ; No output delay, min/max delays, false-path exceptions, or max skew assignments found ;
; LEDR[3]             ; No output delay, min/max delays, false-path exceptions, or max skew assignments found ;
; LEDR[4]             ; No output delay, min/max delays, false-path exceptions, or max skew assignments found ;
; LEDR[5]             ; No output delay, min/max delays, false-path exceptions, or max skew assignments found ;
; LEDR[6]             ; No output delay, min/max delays, false-path exceptions, or max skew assignments found ;
; LEDR[9]             ; No output delay, min/max delays, false-path exceptions, or max skew assignments found ;
; altera_reserved_tdo ; No output delay, min/max delays, false-path exceptions, or max skew assignments found ;
+---------------------+---------------------------------------------------------------------------------------+


+------------------------------------------------------------------------------------------------------------+
; Unconstrained Input Ports                                                                                  ;
+---------------------+--------------------------------------------------------------------------------------+
; Input Port          ; Comment                                                                              ;
+---------------------+--------------------------------------------------------------------------------------+
; CAM_DATA[0]         ; No input delay, min/max delays, false-path exceptions, or max skew assignments found ;
; CAM_DATA[1]         ; No input delay, min/max delays, false-path exceptions, or max skew assignments found ;
; CAM_DATA[2]         ; No input delay, min/max delays, false-path exceptions, or max skew assignments found ;
; CAM_DATA[3]         ; No input delay, min/max delays, false-path exceptions, or max skew assignments found ;
; CAM_DATA[4]         ; No input delay, min/max delays, false-path exceptions, or max skew assignments found ;
; CAM_DATA[5]         ; No input delay, min/max delays, false-path exceptions, or max skew assignments found ;
; CAM_DATA[6]         ; No input delay, min/max delays, false-path exceptions, or max skew assignments found ;
; CAM_DATA[7]         ; No input delay, min/max delays, false-path exceptions, or max skew assignments found ;
; CAM_HREF            ; No input delay, min/max delays, false-path exceptions, or max skew assignments found ;
; CAM_VSYNC           ; No input delay, min/max delays, false-path exceptions, or max skew assignments found ;
; DRAM_DQ[0]          ; No input delay, min/max delays, false-path exceptions, or max skew assignments found ;
; DRAM_DQ[1]          ; No input delay, min/max delays, false-path exceptions, or max skew assignments found ;
; DRAM_DQ[2]          ; No input delay, min/max delays, false-path exceptions, or max skew assignments found ;
; DRAM_DQ[3]          ; No input delay, min/max delays, false-path exceptions, or max skew assignments found ;
; DRAM_DQ[4]          ; No input delay, min/max delays, false-path exceptions, or max skew assignments found ;
; DRAM_DQ[5]          ; No input delay, min/max delays, false-path exceptions, or max skew assignments found ;
; DRAM_DQ[6]          ; No input delay, min/max delays, false-path exceptions, or max skew assignments found ;
; DRAM_DQ[7]          ; No input delay, min/max delays, false-path exceptions, or max skew assignments found ;
; DRAM_DQ[8]          ; No input delay, min/max delays, false-path exceptions, or max skew assignments found ;
; DRAM_DQ[9]          ; No input delay, min/max delays, false-path exceptions, or max skew assignments found ;
; DRAM_DQ[10]         ; No input delay, min/max delays, false-path exceptions, or max skew assignments found ;
; DRAM_DQ[11]         ; No input delay, min/max delays, false-path exceptions, or max skew assignments found ;
; DRAM_DQ[12]         ; No input delay, min/max delays, false-path exceptions, or max skew assignments found ;
; DRAM_DQ[13]         ; No input delay, min/max delays, false-path exceptions, or max skew assignments found ;
; DRAM_DQ[14]         ; No input delay, min/max delays, false-path exceptions, or max skew assignments found ;
; DRAM_DQ[15]         ; No input delay, min/max delays, false-path exceptions, or max skew assignments found ;
; KEY[0]              ; Partially constrained                                                                ;
; SW[0]               ; No input delay, min/max delays, false-path exceptions, or max skew assignments found ;
; altera_reserved_tdi ; No input delay, min/max delays, false-path exceptions, or max skew assignments found ;
; altera_reserved_tms ; No input delay, min/max delays, false-path exceptions, or max skew assignments found ;
+---------------------+--------------------------------------------------------------------------------------+


+-------------------------------------------------------------------------------------------------------------+
; Unconstrained Output Ports                                                                                  ;
+---------------------+---------------------------------------------------------------------------------------+
; Output Port         ; Comment                                                                               ;
+---------------------+---------------------------------------------------------------------------------------+
; DRAM_ADDR[0]        ; No output delay, min/max delays, false-path exceptions, or max skew assignments found ;
; DRAM_ADDR[1]        ; No output delay, min/max delays, false-path exceptions, or max skew assignments found ;
; DRAM_ADDR[2]        ; No output delay, min/max delays, false-path exceptions, or max skew assignments found ;
; DRAM_ADDR[3]        ; No output delay, min/max delays, false-path exceptions, or max skew assignments found ;
; DRAM_ADDR[4]        ; No output delay, min/max delays, false-path exceptions, or max skew assignments found ;
; DRAM_ADDR[5]        ; No output delay, min/max delays, false-path exceptions, or max skew assignments found ;
; DRAM_ADDR[6]        ; No output delay, min/max delays, false-path exceptions, or max skew assignments found ;
; DRAM_ADDR[7]        ; No output delay, min/max delays, false-path exceptions, or max skew assignments found ;
; DRAM_ADDR[8]        ; No output delay, min/max delays, false-path exceptions, or max skew assignments found ;
; DRAM_ADDR[9]        ; No output delay, min/max delays, false-path exceptions, or max skew assignments found ;
; DRAM_ADDR[10]       ; No output delay, min/max delays, false-path exceptions, or max skew assignments found ;
; DRAM_ADDR[11]       ; No output delay, min/max delays, false-path exceptions, or max skew assignments found ;
; DRAM_ADDR[12]       ; No output delay, min/max delays, false-path exceptions, or max skew assignments found ;
; DRAM_BA[0]          ; No output delay, min/max delays, false-path exceptions, or max skew assignments found ;
; DRAM_BA[1]          ; No output delay, min/max delays, false-path exceptions, or max skew assignments found ;
; DRAM_CAS_N          ; No output delay, min/max delays, false-path exceptions, or max skew assignments found ;
; DRAM_CLK            ; No output delay, min/max delays, false-path exceptions, or max skew assignments found ;
; DRAM_CS_N           ; No output delay, min/max delays, false-path exceptions, or max skew assignments found ;
; DRAM_DQ[0]          ; No output delay, min/max delays, false-path exceptions, or max skew assignments found ;
; DRAM_DQ[1]          ; No output delay, min/max delays, false-path exceptions, or max skew assignments found ;
; DRAM_DQ[2]          ; No output delay, min/max delays, false-path exceptions, or max skew assignments found ;
; DRAM_DQ[3]          ; No output delay, min/max delays, false-path exceptions, or max skew assignments found ;
; DRAM_DQ[4]          ; No output delay, min/max delays, false-path exceptions, or max skew assignments found ;
; DRAM_DQ[5]          ; No output delay, min/max delays, false-path exceptions, or max skew assignments found ;
; DRAM_DQ[6]          ; No output delay, min/max delays, false-path exceptions, or max skew assignments found ;
; DRAM_DQ[7]          ; No output delay, min/max delays, false-path exceptions, or max skew assignments found ;
; DRAM_DQ[8]          ; No output delay, min/max delays, false-path exceptions, or max skew assignments found ;
; DRAM_DQ[9]          ; No output delay, min/max delays, false-path exceptions, or max skew assignments found ;
; DRAM_DQ[10]         ; No output delay, min/max delays, false-path exceptions, or max skew assignments found ;
; DRAM_DQ[11]         ; No output delay, min/max delays, false-path exceptions, or max skew assignments found ;
; DRAM_DQ[12]         ; No output delay, min/max delays, false-path exceptions, or max skew assignments found ;
; DRAM_DQ[13]         ; No output delay, min/max delays, false-path exceptions, or max skew assignments found ;
; DRAM_DQ[14]         ; No output delay, min/max delays, false-path exceptions, or max skew assignments found ;
; DRAM_DQ[15]         ; No output delay, min/max delays, false-path exceptions, or max skew assignments found ;
; DRAM_LDQM           ; No output delay, min/max delays, false-path exceptions, or max skew assignments found ;
; DRAM_RAS_N          ; No output delay, min/max delays, false-path exceptions, or max skew assignments found ;
; DRAM_UDQM           ; No output delay, min/max delays, false-path exceptions, or max skew assignments found ;
; DRAM_WE_N           ; No output delay, min/max delays, false-path exceptions, or max skew assignments found ;
; LEDR[0]             ; No output delay, min/max delays, false-path exceptions, or max skew assignments found ;
; LEDR[1]             ; No output delay, min/max delays, false-path exceptions, or max skew assignments found ;
; LEDR[2]             ; No output delay, min/max delays, false-path exceptions, or max skew assignments found ;
; LEDR[3]             ; No output delay, min/max delays, false-path exceptions, or max skew assignments found ;
; LEDR[4]             ; No output delay, min/max delays, false-path exceptions, or max skew assignments found ;
; LEDR[5]             ; No output delay, min/max delays, false-path exceptions, or max skew assignments found ;
; LEDR[6]             ; No output delay, min/max delays, false-path exceptions, or max skew assignments found ;
; LEDR[9]             ; No output delay, min/max delays, false-path exceptions, or max skew assignments found ;
; altera_reserved_tdo ; No output delay, min/max delays, false-path exceptions, or max skew assignments found ;
+---------------------+---------------------------------------------------------------------------------------+


+--------------------------+
; Timing Analyzer Messages ;
+--------------------------+
Info: *******************************************************************
Info: Running Quartus Prime Timing Analyzer
    Info: Version 18.1.0 Build 625 09/12/2018 SJ Lite Edition
    Info: Processing started: Thu Jun 04 18:38:53 2026
Info: Command: quartus_sta doan -c doan
Info: qsta_default_script.tcl version: #1
Warning (20013): Ignored 16 assignments for entity "vga_pll" -- entity does not exist in design
    Warning (20014): Assignment for entity set_global_assignment -name IP_TOOL_NAME altera_pll -entity vga_pll -sip vga_pll.sip -library lib_vga_pll was ignored
    Warning (20014): Assignment for entity set_global_assignment -name IP_TOOL_VERSION 18.1 -entity vga_pll -sip vga_pll.sip -library lib_vga_pll was ignored
    Warning (20014): Assignment for entity set_global_assignment -name IP_TOOL_ENV mwpim -entity vga_pll -sip vga_pll.sip -library lib_vga_pll was ignored
Warning (20013): Ignored 317 assignments for entity "vga_pll_0002" -- entity does not exist in design
Info (20030): Parallel compilation is enabled and will use 4 of the 4 processors detected
Info (21077): Low junction temperature is 0 degrees C
Info (21077): High junction temperature is 85 degrees C
Info (332164): Evaluating HDL-embedded SDC commands
    Info (332165): Entity alt_jtag_atlantic
        Info (332166): set_false_path -from [get_registers {*|alt_jtag_atlantic:*|jupdate}] -to [get_registers {*|alt_jtag_atlantic:*|jupdate1*}] 
        Info (332166): set_false_path -from [get_registers {*|alt_jtag_atlantic:*|rdata[*]}] -to [get_registers {*|alt_jtag_atlantic*|td_shift[*]}]
        Info (332166): set_false_path -from [get_registers {*|alt_jtag_atlantic:*|rdata[*]}] -to [get_registers {*|alt_jtag_atlantic*|td_shift[*]}]
        Info (332166): set_false_path -from [get_registers {*|alt_jtag_atlantic:*|rdata[*]}] -to [get_registers {*|alt_jtag_atlantic*|td_shift[*]}]
        Info (332166): set_false_path -from [get_registers {*|alt_jtag_atlantic:*|rdata[*]}] -to [get_registers {*|alt_jtag_atlantic*|td_shift[*]}]
        Info (332166): set_false_path -from [get_registers {*|alt_jtag_atlantic:*|rdata[*]}] -to [get_registers {*|alt_jtag_atlantic*|td_shift[*]}]
        Info (332166): set_false_path -from [get_registers {*|alt_jtag_atlantic:*|rdata[*]}] -to [get_registers {*|alt_jtag_atlantic*|td_shift[*]}]
        Info (332166): set_false_path -from [get_registers {*|alt_jtag_atlantic:*|rdata[*]}] -to [get_registers {*|alt_jtag_atlantic*|td_shift[*]}]
        Info (332166): set_false_path -from [get_registers {*|alt_jtag_atlantic:*|rdata[*]}] -to [get_registers {*|alt_jtag_atlantic*|td_shift[*]}]
        Info (332166): set_false_path -from [get_registers {*|alt_jtag_atlantic:*|read}] -to [get_registers {*|alt_jtag_atlantic:*|read1*}] 
        Info (332166): set_false_path -from [get_registers {*|alt_jtag_atlantic:*|read_req}]
        Info (332166): set_false_path -from [get_registers {*|alt_jtag_atlantic:*|rvalid}] -to [get_registers {*|alt_jtag_atlantic*|td_shift[*]}]
        Info (332166): set_false_path -from [get_registers {*|t_dav}] -to [get_registers {*|alt_jtag_atlantic:*|tck_t_dav}]
        Info (332166): set_false_path -from [get_registers {*|alt_jtag_atlantic:*|user_saw_rvalid}] -to [get_registers {*|alt_jtag_atlantic:*|rvalid0*}]
        Info (332166): set_false_path -from [get_registers {*|alt_jtag_atlantic:*|wdata[*]}] -to [get_registers {*}]
        Info (332166): set_false_path -from [get_registers {*|alt_jtag_atlantic:*|wdata[*]}] -to [get_registers {*}]
        Info (332166): set_false_path -from [get_registers {*|alt_jtag_atlantic:*|wdata[*]}] -to [get_registers {*}]
        Info (332166): set_false_path -from [get_registers {*|alt_jtag_atlantic:*|wdata[*]}] -to [get_registers {*}]
        Info (332166): set_false_path -from [get_registers {*|alt_jtag_atlantic:*|wdata[*]}] -to [get_registers {*}]
        Info (332166): set_false_path -from [get_registers {*|alt_jtag_atlantic:*|wdata[*]}] -to [get_registers {*}]
        Info (332166): set_false_path -from [get_registers {*|alt_jtag_atlantic:*|wdata[*]}] -to [get_registers {*}]
        Info (332166): set_false_path -from [get_registers {*|alt_jtag_atlantic:*|wdata[*]}] -to [get_registers {*}]
        Info (332166): set_false_path -from [get_registers {*|alt_jtag_atlantic:*|write}] -to [get_registers {*|alt_jtag_atlantic:*|write1*}] 
        Info (332166): set_false_path -from [get_registers {*|alt_jtag_atlantic:*|write_stalled}] -to [get_registers {*|alt_jtag_atlantic:*|t_ena*}]
        Info (332166): set_false_path -from [get_registers {*|alt_jtag_atlantic:*|write_stalled}] -to [get_registers {*|alt_jtag_atlantic:*|t_pause*}]
        Info (332166): set_false_path -from [get_registers {*|alt_jtag_atlantic:*|write_valid}]
    Info (332165): Entity altera_std_synchronizer
        Info (332166): set_false_path -to [get_keepers {*altera_std_synchronizer:*|din_s1}]
    Info (332165): Entity dcfifo_jqr1
        Info (332166): set_false_path -from *rdptr_g* -to *ws_dgrp|dffpipe_0f9:dffpipe8|dffe9a* 
        Info (332166): set_false_path -from *delayed_wrptr_g* -to *rs_dgwp|dffpipe_ve9:dffpipe5|dffe6a* 
    Info (332165): Entity sld_hub
        Info (332166): create_clock -name altera_reserved_tck [get_ports {altera_reserved_tck}] -period 30MHz   
        Info (332166): if { [string equal quartus_fit $::TimeQuestInfo(nameofexecutable)] } { set_max_delay -to [get_ports { altera_reserved_tdo } ] 0 }
        Info (332166): set_clock_groups -asynchronous -group {altera_reserved_tck}
Info (332104): Reading SDC File: 'system/synthesis/submodules/altera_reset_controller.sdc'
Info (332104): Reading SDC File: 'system/synthesis/submodules/system_nios2_gen2_0_cpu.sdc'
Info (332104): Reading SDC File: 'doan_constraint.sdc'
Info (332110): Deriving PLL clocks
    Info (332110): create_generated_clock -source {u_sys_pll|sys_pll_inst|altera_pll_i|general[0].gpll~FRACTIONAL_PLL|refclkin} -divide_by 2 -multiply_by 48 -duty_cycle 50.00 -name {u_sys_pll|sys_pll_inst|altera_pll_i|general[0].gpll~FRACTIONAL_PLL|vcoph[0]} {u_sys_pll|sys_pll_inst|altera_pll_i|general[0].gpll~FRACTIONAL_PLL|vcoph[0]}
    Info (332110): create_generated_clock -source {u_sys_pll|sys_pll_inst|altera_pll_i|general[2].gpll~PLL_OUTPUT_COUNTER|vco0ph[0]} -divide_by 24 -phase -54.36 -duty_cycle 50.00 -name {u_sys_pll|sys_pll_inst|altera_pll_i|general[2].gpll~PLL_OUTPUT_COUNTER|divclk} {u_sys_pll|sys_pll_inst|altera_pll_i|general[2].gpll~PLL_OUTPUT_COUNTER|divclk}
Info (332151): Clock uncertainty is not calculated until you update the timing netlist.
Warning (332060): Node: mock_camera_generator:u_mock_cam|CAM_PCLK was determined to be a clock but was found without an associated clock assignment.
    Info (13166): Register mock_camera_generator:u_mock_cam|CAM_HREF is being clocked by mock_camera_generator:u_mock_cam|CAM_PCLK
Info (332097): The following timing edges are non-unate.  The Timing Analyzer will assume pos-unate behavior for these edges in the clock network.
    Info (332098): From: u_qsys_core|nios2_gen2_0|cpu|the_system_nios2_gen2_0_cpu_nios2_oci|the_system_nios2_gen2_0_cpu_nios2_ocimem|system_nios2_gen2_0_cpu_ociram_sp_ram|the_altsyncram|auto_generated|ram_block1a16|clk0  to: system:u_qsys_core|system_nios2_gen2_0:nios2_gen2_0|system_nios2_gen2_0_cpu:cpu|system_nios2_gen2_0_cpu_nios2_oci:the_system_nios2_gen2_0_cpu_nios2_oci|system_nios2_gen2_0_cpu_nios2_ocimem:the_system_nios2_gen2_0_cpu_nios2_ocimem|system_nios2_gen2_0_cpu_ociram_sp_ram_module:system_nios2_gen2_0_cpu_ociram_sp_ram|altsyncram:the_altsyncram|altsyncram_qid1:auto_generated|ram_block1a16~CLOCK1_ENABLE1_0
    Info (332098): Cell: u_sys_pll|sys_pll_inst|altera_pll_i|general[0].gpll~FRACTIONAL_PLL  from: refclkin  to: fbclk
    Info (332098): Cell: u_sys_pll|sys_pll_inst|altera_pll_i|general[0].gpll~PLL_REFCLK_SELECT  from: clkin[0]  to: clkout
    Info (332098): Cell: u_sys_pll|sys_pll_inst|altera_pll_i|general[2].gpll~PLL_OUTPUT_COUNTER  from: vco0ph[0]  to: divclk
Info (332123): Deriving Clock Uncertainty. Please refer to report_sdc in the Timing Analyzer to see clock uncertainties.
Info: Found TIMING_ANALYZER_REPORT_SCRIPT_INCLUDE_DEFAULT_ANALYSIS = ON
Info: Analyzing Slow 1100mV 85C Model
Info (332146): Worst-case setup slack is 10.139
    Info (332119):     Slack       End Point TNS Clock 
    Info (332119): ========= =================== =====================
    Info (332119):    10.139               0.000 CLOCK_50 
    Info (332119):    11.477               0.000 altera_reserved_tck 
    Info (332119):    35.233               0.000 CAM_PCLK 
Info (332146): Worst-case hold slack is 0.200
    Info (332119):     Slack       End Point TNS Clock 
    Info (332119): ========= =================== =====================
    Info (332119):     0.200               0.000 CLOCK_50 
    Info (332119):     0.397               0.000 altera_reserved_tck 
    Info (332119):     0.671               0.000 CAM_PCLK 
Info (332146): Worst-case recovery slack is 14.674
    Info (332119):     Slack       End Point TNS Clock 
    Info (332119): ========= =================== =====================
    Info (332119):    14.674               0.000 CLOCK_50 
    Info (332119):    14.685               0.000 altera_reserved_tck 
Info (332146): Worst-case removal slack is 0.475
    Info (332119):     Slack       End Point TNS Clock 
    Info (332119): ========= =================== =====================
    Info (332119):     0.475               0.000 CLOCK_50 
    Info (332119):     0.769               0.000 altera_reserved_tck 
Info (332146): Worst-case minimum pulse width slack is 0.416
    Info (332119):     Slack       End Point TNS Clock 
    Info (332119): ========= =================== =====================
    Info (332119):     0.416               0.000 u_sys_pll|sys_pll_inst|altera_pll_i|general[0].gpll~FRACTIONAL_PLL|vcoph[0] 
    Info (332119):     8.869               0.000 CLOCK_50 
    Info (332119):    15.295               0.000 altera_reserved_tck 
    Info (332119):    19.280               0.000 CAM_PCLK 
Info (332114): Report Metastability: Found 47 synchronizer chains.
    Info (332114): Worst-Case MTBF of Design is 1e+09 years or 3.15e+16 seconds.
    Info (332114): Typical MTBF of Design is 1e+09 years or 3.15e+16 seconds.

    Info (332114): Number of Synchronizer Chains Found: 47
    Info (332114): Shortest Synchronizer Chain: 2 Registers
    Info (332114): Fraction of Chains for which MTBFs Could Not be Calculated: 0.128
    Info (332114): Worst Case Available Settling Time: 18.354 ns
    Info (332114): 
    Info (332114): Worst-Case MTBF values are calculated based on the worst-case silicon characteristics, with worst-case operating conditions.
    Info (332114):   - Under worst-case conditions, an increase of 100ps in available settling time will increase MTBF values by a factor of 79.4
    Info (332114): Typical MTBF values are calculated based on the nominal silicon characteristics, at nominal operating conditions.
    Info (332114):   - Under typical conditions, an increase of 100ps in available settling time will increase MTBF values by a factor of 17.8
Info: Analyzing Slow 1100mV 0C Model
Info (334003): Started post-fitting delay annotation
Info (334004): Delay annotation completed successfully
Warning (332060): Node: mock_camera_generator:u_mock_cam|CAM_PCLK was determined to be a clock but was found without an associated clock assignment.
    Info (13166): Register mock_camera_generator:u_mock_cam|CAM_HREF is being clocked by mock_camera_generator:u_mock_cam|CAM_PCLK
Info (332097): The following timing edges are non-unate.  The Timing Analyzer will assume pos-unate behavior for these edges in the clock network.
    Info (332098): From: u_qsys_core|nios2_gen2_0|cpu|the_system_nios2_gen2_0_cpu_nios2_oci|the_system_nios2_gen2_0_cpu_nios2_ocimem|system_nios2_gen2_0_cpu_ociram_sp_ram|the_altsyncram|auto_generated|ram_block1a16|clk0  to: system:u_qsys_core|system_nios2_gen2_0:nios2_gen2_0|system_nios2_gen2_0_cpu:cpu|system_nios2_gen2_0_cpu_nios2_oci:the_system_nios2_gen2_0_cpu_nios2_oci|system_nios2_gen2_0_cpu_nios2_ocimem:the_system_nios2_gen2_0_cpu_nios2_ocimem|system_nios2_gen2_0_cpu_ociram_sp_ram_module:system_nios2_gen2_0_cpu_ociram_sp_ram|altsyncram:the_altsyncram|altsyncram_qid1:auto_generated|ram_block1a16~CLOCK1_ENABLE1_0
    Info (332098): Cell: u_sys_pll|sys_pll_inst|altera_pll_i|general[0].gpll~FRACTIONAL_PLL  from: refclkin  to: fbclk
    Info (332098): Cell: u_sys_pll|sys_pll_inst|altera_pll_i|general[0].gpll~PLL_REFCLK_SELECT  from: clkin[0]  to: clkout
    Info (332098): Cell: u_sys_pll|sys_pll_inst|altera_pll_i|general[2].gpll~PLL_OUTPUT_COUNTER  from: vco0ph[0]  to: divclk
Info (332123): Deriving Clock Uncertainty. Please refer to report_sdc in the Timing Analyzer to see clock uncertainties.
Info (332146): Worst-case setup slack is 10.359
    Info (332119):     Slack       End Point TNS Clock 
    Info (332119): ========= =================== =====================
    Info (332119):    10.359               0.000 CLOCK_50 
    Info (332119):    11.519               0.000 altera_reserved_tck 
    Info (332119):    35.342               0.000 CAM_PCLK 
Info (332146): Worst-case hold slack is 0.144
    Info (332119):     Slack       End Point TNS Clock 
    Info (332119): ========= =================== =====================
    Info (332119):     0.144               0.000 CLOCK_50 
    Info (332119):     0.423               0.000 altera_reserved_tck 
    Info (332119):     0.676               0.000 CAM_PCLK 
Info (332146): Worst-case recovery slack is 14.792
    Info (332119):     Slack       End Point TNS Clock 
    Info (332119): ========= =================== =====================
    Info (332119):    14.792               0.000 altera_reserved_tck 
    Info (332119):    14.890               0.000 CLOCK_50 
Info (332146): Worst-case removal slack is 0.351
    Info (332119):     Slack       End Point TNS Clock 
    Info (332119): ========= =================== =====================
    Info (332119):     0.351               0.000 CLOCK_50 
    Info (332119):     0.723               0.000 altera_reserved_tck 
Info (332146): Worst-case minimum pulse width slack is 0.416
    Info (332119):     Slack       End Point TNS Clock 
    Info (332119): ========= =================== =====================
    Info (332119):     0.416               0.000 u_sys_pll|sys_pll_inst|altera_pll_i|general[0].gpll~FRACTIONAL_PLL|vcoph[0] 
    Info (332119):     8.848               0.000 CLOCK_50 
    Info (332119):    15.292               0.000 altera_reserved_tck 
    Info (332119):    19.219               0.000 CAM_PCLK 
Info (332114): Report Metastability: Found 47 synchronizer chains.
    Info (332114): Worst-Case MTBF of Design is 1e+09 years or 3.15e+16 seconds.
    Info (332114): Typical MTBF of Design is 1e+09 years or 3.15e+16 seconds.

    Info (332114): Number of Synchronizer Chains Found: 47
    Info (332114): Shortest Synchronizer Chain: 2 Registers
    Info (332114): Fraction of Chains for which MTBFs Could Not be Calculated: 0.128
    Info (332114): Worst Case Available Settling Time: 18.448 ns
    Info (332114): 
    Info (332114): Worst-Case MTBF values are calculated based on the worst-case silicon characteristics, with worst-case operating conditions.
    Info (332114):   - Under worst-case conditions, an increase of 100ps in available settling time will increase MTBF values by a factor of 5.2
    Info (332114): Typical MTBF values are calculated based on the nominal silicon characteristics, at nominal operating conditions.
    Info (332114):   - Under typical conditions, an increase of 100ps in available settling time will increase MTBF values by a factor of 17.8
Info: Analyzing Fast 1100mV 85C Model
Info (334003): Started post-fitting delay annotation
Info (334004): Delay annotation completed successfully
Warning (332060): Node: mock_camera_generator:u_mock_cam|CAM_PCLK was determined to be a clock but was found without an associated clock assignment.
    Info (13166): Register mock_camera_generator:u_mock_cam|CAM_HREF is being clocked by mock_camera_generator:u_mock_cam|CAM_PCLK
Info (332097): The following timing edges are non-unate.  The Timing Analyzer will assume pos-unate behavior for these edges in the clock network.
    Info (332098): From: u_qsys_core|nios2_gen2_0|cpu|the_system_nios2_gen2_0_cpu_nios2_oci|the_system_nios2_gen2_0_cpu_nios2_ocimem|system_nios2_gen2_0_cpu_ociram_sp_ram|the_altsyncram|auto_generated|ram_block1a16|clk0  to: system:u_qsys_core|system_nios2_gen2_0:nios2_gen2_0|system_nios2_gen2_0_cpu:cpu|system_nios2_gen2_0_cpu_nios2_oci:the_system_nios2_gen2_0_cpu_nios2_oci|system_nios2_gen2_0_cpu_nios2_ocimem:the_system_nios2_gen2_0_cpu_nios2_ocimem|system_nios2_gen2_0_cpu_ociram_sp_ram_module:system_nios2_gen2_0_cpu_ociram_sp_ram|altsyncram:the_altsyncram|altsyncram_qid1:auto_generated|ram_block1a16~CLOCK1_ENABLE1_0
    Info (332098): Cell: u_sys_pll|sys_pll_inst|altera_pll_i|general[0].gpll~FRACTIONAL_PLL  from: refclkin  to: fbclk
    Info (332098): Cell: u_sys_pll|sys_pll_inst|altera_pll_i|general[0].gpll~PLL_REFCLK_SELECT  from: clkin[0]  to: clkout
    Info (332098): Cell: u_sys_pll|sys_pll_inst|altera_pll_i|general[2].gpll~PLL_OUTPUT_COUNTER  from: vco0ph[0]  to: divclk
Info (332123): Deriving Clock Uncertainty. Please refer to report_sdc in the Timing Analyzer to see clock uncertainties.
Info (332146): Worst-case setup slack is 13.907
    Info (332119):     Slack       End Point TNS Clock 
    Info (332119): ========= =================== =====================
    Info (332119):    13.907               0.000 CLOCK_50 
    Info (332119):    13.977               0.000 altera_reserved_tck 
    Info (332119):    37.645               0.000 CAM_PCLK 
Info (332146): Worst-case hold slack is 0.115
    Info (332119):     Slack       End Point TNS Clock 
    Info (332119): ========= =================== =====================
    Info (332119):     0.115               0.000 CLOCK_50 
    Info (332119):     0.219               0.000 altera_reserved_tck 
    Info (332119):     0.291               0.000 CAM_PCLK 
Info (332146): Worst-case recovery slack is 15.821
    Info (332119):     Slack       End Point TNS Clock 
    Info (332119): ========= =================== =====================
    Info (332119):    15.821               0.000 altera_reserved_tck 
    Info (332119):    16.525               0.000 CLOCK_50 
Info (332146): Worst-case removal slack is 0.327
    Info (332119):     Slack       End Point TNS Clock 
    Info (332119): ========= =================== =====================
    Info (332119):     0.327               0.000 CLOCK_50 
    Info (332119):     0.337               0.000 altera_reserved_tck 
Info (332146): Worst-case minimum pulse width slack is 0.416
    Info (332119):     Slack       End Point TNS Clock 
    Info (332119): ========= =================== =====================
    Info (332119):     0.416               0.000 u_sys_pll|sys_pll_inst|altera_pll_i|general[0].gpll~FRACTIONAL_PLL|vcoph[0] 
    Info (332119):     8.476               0.000 CLOCK_50 
    Info (332119):    14.946               0.000 altera_reserved_tck 
    Info (332119):    18.890               0.000 CAM_PCLK 
Info (332114): Report Metastability: Found 47 synchronizer chains.
    Info (332114): Worst-Case MTBF of Design is 1e+09 years or 3.15e+16 seconds.
    Info (332114): Typical MTBF of Design is 1e+09 years or 3.15e+16 seconds.

    Info (332114): Number of Synchronizer Chains Found: 47
    Info (332114): Shortest Synchronizer Chain: 2 Registers
    Info (332114): Fraction of Chains for which MTBFs Could Not be Calculated: 0.128
    Info (332114): Worst Case Available Settling Time: 18.875 ns
    Info (332114): 
    Info (332114): Worst-Case MTBF values are calculated based on the worst-case silicon characteristics, with worst-case operating conditions.
    Info (332114):   - Under worst-case conditions, an increase of 100ps in available settling time will increase MTBF values by a factor of 79.4
    Info (332114): Typical MTBF values are calculated based on the nominal silicon characteristics, at nominal operating conditions.
    Info (332114):   - Under typical conditions, an increase of 100ps in available settling time will increase MTBF values by a factor of 17.8
Info: Analyzing Fast 1100mV 0C Model
Warning (332060): Node: mock_camera_generator:u_mock_cam|CAM_PCLK was determined to be a clock but was found without an associated clock assignment.
    Info (13166): Register mock_camera_generator:u_mock_cam|CAM_HREF is being clocked by mock_camera_generator:u_mock_cam|CAM_PCLK
Info (332097): The following timing edges are non-unate.  The Timing Analyzer will assume pos-unate behavior for these edges in the clock network.
    Info (332098): From: u_qsys_core|nios2_gen2_0|cpu|the_system_nios2_gen2_0_cpu_nios2_oci|the_system_nios2_gen2_0_cpu_nios2_ocimem|system_nios2_gen2_0_cpu_ociram_sp_ram|the_altsyncram|auto_generated|ram_block1a16|clk0  to: system:u_qsys_core|system_nios2_gen2_0:nios2_gen2_0|system_nios2_gen2_0_cpu:cpu|system_nios2_gen2_0_cpu_nios2_oci:the_system_nios2_gen2_0_cpu_nios2_oci|system_nios2_gen2_0_cpu_nios2_ocimem:the_system_nios2_gen2_0_cpu_nios2_ocimem|system_nios2_gen2_0_cpu_ociram_sp_ram_module:system_nios2_gen2_0_cpu_ociram_sp_ram|altsyncram:the_altsyncram|altsyncram_qid1:auto_generated|ram_block1a16~CLOCK1_ENABLE1_0
    Info (332098): Cell: u_sys_pll|sys_pll_inst|altera_pll_i|general[0].gpll~FRACTIONAL_PLL  from: refclkin  to: fbclk
    Info (332098): Cell: u_sys_pll|sys_pll_inst|altera_pll_i|general[0].gpll~PLL_REFCLK_SELECT  from: clkin[0]  to: clkout
    Info (332098): Cell: u_sys_pll|sys_pll_inst|altera_pll_i|general[2].gpll~PLL_OUTPUT_COUNTER  from: vco0ph[0]  to: divclk
Info (332123): Deriving Clock Uncertainty. Please refer to report_sdc in the Timing Analyzer to see clock uncertainties.
Info (332146): Worst-case setup slack is 14.301
    Info (332119):     Slack       End Point TNS Clock 
    Info (332119): ========= =================== =====================
    Info (332119):    14.301               0.000 altera_reserved_tck 
    Info (332119):    14.499               0.000 CLOCK_50 
    Info (332119):    38.001               0.000 CAM_PCLK 
Info (332146): Worst-case hold slack is 0.074
    Info (332119):     Slack       End Point TNS Clock 
    Info (332119): ========= =================== =====================
    Info (332119):     0.074               0.000 CLOCK_50 
    Info (332119):     0.201               0.000 altera_reserved_tck 
    Info (332119):     0.265               0.000 CAM_PCLK 
Info (332146): Worst-case recovery slack is 16.018
    Info (332119):     Slack       End Point TNS Clock 
    Info (332119): ========= =================== =====================
    Info (332119):    16.018               0.000 altera_reserved_tck 
    Info (332119):    16.842               0.000 CLOCK_50 
Info (332146): Worst-case removal slack is 0.272
    Info (332119):     Slack       End Point TNS Clock 
    Info (332119): ========= =================== =====================
    Info (332119):     0.272               0.000 CLOCK_50 
    Info (332119):     0.292               0.000 altera_reserved_tck 
Info (332146): Worst-case minimum pulse width slack is 0.416
    Info (332119):     Slack       End Point TNS Clock 
    Info (332119): ========= =================== =====================
    Info (332119):     0.416               0.000 u_sys_pll|sys_pll_inst|altera_pll_i|general[0].gpll~FRACTIONAL_PLL|vcoph[0] 
    Info (332119):     8.432               0.000 CLOCK_50 
    Info (332119):    14.911               0.000 altera_reserved_tck 
    Info (332119):    18.843               0.000 CAM_PCLK 
Info (332114): Report Metastability: Found 47 synchronizer chains.
    Info (332114): Worst-Case MTBF of Design is 1e+09 years or 3.15e+16 seconds.
    Info (332114): Typical MTBF of Design is 1e+09 years or 3.15e+16 seconds.

    Info (332114): Number of Synchronizer Chains Found: 47
    Info (332114): Shortest Synchronizer Chain: 2 Registers
    Info (332114): Fraction of Chains for which MTBFs Could Not be Calculated: 0.128
    Info (332114): Worst Case Available Settling Time: 18.993 ns
    Info (332114): 
    Info (332114): Worst-Case MTBF values are calculated based on the worst-case silicon characteristics, with worst-case operating conditions.
    Info (332114):   - Under worst-case conditions, an increase of 100ps in available settling time will increase MTBF values by a factor of 5.2
    Info (332114): Typical MTBF values are calculated based on the nominal silicon characteristics, at nominal operating conditions.
    Info (332114):   - Under typical conditions, an increase of 100ps in available settling time will increase MTBF values by a factor of 17.8
Info (332102): Design is not fully constrained for setup requirements
Info (332102): Design is not fully constrained for hold requirements
Info: Quartus Prime Timing Analyzer was successful. 0 errors, 9 warnings
    Info: Peak virtual memory: 5373 megabytes
    Info: Processing ended: Thu Jun 04 18:39:17 2026
    Info: Elapsed time: 00:00:24
    Info: Total CPU time (on all processors): 00:00:38


